original_release_year,example_no,igdb_id,name,game_type,genres,themes,game_modes,platforms,thematic_fit_score,visibility_count_score,broad_candidate_for_archetype_annotation,source_block
1970,1,11304,Highnoon,Main Game,,Action,Single player,Call-A-Computer time-shared mainframe computer system | Web browser,3.5,0.0,True,pre2005
1970,2,56115,Jet Rocket,Main Game,Shooter | Simulator,Action | Open world,,Arcade,3.0,0.0,True,pre2005
1970,3,76506,Game of Life,Main Game,Indie | Simulator,,Single player,BBC Microcomputer System | Bally Astrocade | PC (Microsoft Windows) | PDP-7,1.0,0.0,True,pre2005
1971,1,11325,The Oregon Trail,Main Game,Adventure | Simulator | Strategy,Educational | Historical,Single player,CDC Cyber 70 | HP 2100,4.0,87.0,True,pre2005
1971,2,11245,Computer Space,Main Game,Arcade | Shooter,Science fiction,Single player,Arcade,5.5,15.0,True,pre2005
1971,3,11485,Star Trek,Main Game,Strategy | Turn-based strategy (TBS),Science fiction,Single player,HP 2100 | Legacy Computer | SDS Sigma 7 | Sol-20,2.0,12.0,True,pre2005
1971,4,11412,Baseball,Main Game,Sport,Action,Multiplayer | Split screen,PDP-10,1.0,0.0,True,pre2005
1971,5,11396,Galaxy Game,Expanded Game,Shooter,Science fiction,Multiplayer,Arcade | PDP-11,2.0,18.0,False,pre2005
1971,6,351414,Freeway Crossing Program,Main Game,Simulator,,,Imlac PDS-1,0.0,0.0,False,pre2005
1972,1,1333,Pong,Main Game,Arcade | Simulator | Sport,Action,Multiplayer | Single player,Arcade | Legacy Mobile Device | PC (Microsoft Windows) | Plug & Play,4.0,402.0,True,pre2005
1972,2,7582,Baseball,Main Game,Sport,Action,Single player,Odyssey,2.0,18.0,True,pre2005
1972,3,28363,Shooting Gallery,Main Game,Shooter,Action,Single player,Odyssey,5.5,0.0,True,pre2005
1972,4,11517,Haunted House,Main Game,Adventure,Horror,Single player,Odyssey,5.0,0.0,True,pre2005
1972,5,11506,Analogic,Main Game,Puzzle,,Single player,Odyssey,4.5,0.0,True,pre2005
1972,6,18203,Killer Shark,Main Game,Arcade,,Single player,Arcade,4.5,0.0,True,pre2005
1972,7,11533,Cat and Mouse,Main Game,Arcade,,Single player,Odyssey,4.0,0.0,True,pre2005
1972,8,11505,Simon Says,Main Game,Point-and-click,Educational | Kids,Single player,Odyssey,4.0,0.0,True,pre2005
1972,9,11531,States,Main Game,Point-and-click,Educational,Single player,Odyssey,4.0,0.0,True,pre2005
1972,10,109451,Dogfight!,Main Game,Shooter,,,Odyssey,3.0,0.0,True,pre2005
1972,11,109452,Prehistoric Safari,Main Game,Shooter,,,Odyssey,3.0,0.0,True,pre2005
1972,12,109450,Shootout!,Main Game,Shooter,,,Odyssey,3.0,0.0,True,pre2005
1972,13,11497,Empire,Main Game,Turn-based strategy (TBS),"4X (explore, expand, exploit, and exterminate) | Warfare",Single player,HP 2100,2.0,0.0,True,pre2005
1972,14,18360,Fun Zoo,Main Game,,,Single player,Odyssey,2.0,0.0,True,pre2005
1972,15,11521,Roulette,Main Game,,,Single player,Odyssey,2.0,0.0,True,pre2005
1973,1,11552,Space Race,Main Game,Arcade | Racing,Science fiction,Multiplayer,Arcade,3.0,27.0,True,pre2005
1973,2,11498,Hunt the Wumpus,Main Game,Adventure | Puzzle,Fantasy,Single player,Microcomputer,5.5,15.0,True,pre2005
1973,3,7430,Maze,Main Game,Shooter,Action,Multiplayer | Single player,Imlac PDS-1 | PDP-10,5.5,0.0,True,pre2005
1973,4,18585,Hockey,Main Game,Arcade,Action,Multiplayer,Arcade,4.5,0.0,True,pre2005
1973,5,18344,Basketball (1973),Main Game,Arcade | Sport,Action,Single player,Odyssey,4.0,0.0,True,pre2005
1973,6,39712,Laser Clay Shooting System,Main Game,Arcade | Shooter,Action,,Arcade,4.0,0.0,True,pre2005
1973,7,11518,Empire,Main Game,Real Time Strategy (RTS) | Shooter | Strategy,Science fiction,Multiplayer,PLATO,3.0,0.0,True,pre2005
1973,8,7427,Gotcha,Main Game,Arcade | Puzzle | Strategy,Action,Multiplayer,Arcade,3.0,0.0,True,pre2005
1973,9,172593,Astro Race,Main Game,Arcade | Racing,Action | Science fiction,Multiplayer,Arcade,2.5,0.0,True,pre2005
1973,10,170846,Leader,Main Game,Arcade | Sport,,,Arcade,2.0,0.0,True,pre2005
1973,11,18154,Pong Doubles,Main Game,Arcade | Sport,,Multiplayer,Arcade | Plug & Play,2.0,0.0,True,pre2005
1973,12,16975,Trek73,Main Game,Simulator,Science fiction,Single player,DOS | HP 2100 | Linux,2.0,0.0,True,pre2005
1973,13,130946,Winner,Main Game,Arcade | Sport,,Multiplayer,Arcade,2.0,0.0,True,pre2005
1973,14,170781,Asteroid,Main Game,,,,Arcade,1.0,0.0,True,pre2005
1973,15,41540,Brain Wave,Main Game,,,,Odyssey,1.0,0.0,True,pre2005
1974,1,7428,Tank,Main Game,Arcade,Action,Multiplayer,Arcade,4.5,15.0,True,pre2005
1974,2,172546,Attack UFO,Main Game,Arcade | Shooter,Action | Science fiction,Multiplayer | Single player,Arcade,5.5,0.0,True,pre2005
1974,3,18159,Clean Sweep,Main Game,Arcade,Action,Multiplayer | Single player,AY-3-8606 | Arcade,5.5,0.0,True,pre2005
1974,4,11511,Qwak!,Main Game,Arcade | Shooter,Action,Single player,Arcade,5.5,0.0,True,pre2005
1974,5,80032,Wander,Main Game,Adventure | Indie,Fantasy,Single player,DOS | Legacy Computer,5.5,0.0,True,pre2005
1974,6,16980,Wild Gunman,Main Game,Arcade | Shooter,Action | Historical,Single player,Arcade,5.5,0.0,True,pre2005
1974,7,63847,Balloon Gun,Main Game,Shooter,Action,,Arcade,4.5,0.0,True,pre2005
1974,8,225597,Touch Me,Main Game,Arcade,,Single player,Arcade,4.5,0.0,True,pre2005
1974,9,18160,Wipe Out,Main Game,Arcade,Action,Multiplayer | Single player,Arcade,4.5,0.0,True,pre2005
1974,10,7429,Gran Trak 10,Main Game,Arcade | Racing,Action,Single player,Arcade,4.0,0.0,True,pre2005
1974,11,79040,Quadrapong,Main Game,Arcade | Sport,Action,Multiplayer | Single player,Arcade,4.0,0.0,True,pre2005
1974,12,16977,Rebound,Main Game,Arcade | Sport,Action,Multiplayer | Single player,Arcade,4.0,0.0,True,pre2005
1974,13,170425,Wheels,Main Game,Arcade | Racing,Action,Single player,Arcade,4.0,0.0,True,pre2005
1974,14,174658,Gran Trak 20,Main Game,Arcade | Racing,Action,Multiplayer,Arcade,3.0,0.0,True,pre2005
1974,15,18155,Pin Pong,Main Game,Arcade | Pinball | Simulator,,Single player,Arcade,3.0,0.0,True,pre2005
1975,1,85868,Gun Fight,Main Game,Arcade | Shooter,Action,Multiplayer,Arcade | Bally Astrocade,4.5,27.0,True,pre2005
1975,2,11553,Anti-Aircraft,Main Game,Arcade | Shooter,Action | Warfare,Multiplayer | Single player,Arcade,5.5,0.0,True,pre2005
1975,3,91358,Avenger,Main Game,Arcade | Shooter,Action,Single player,Arcade,5.5,0.0,True,pre2005
1975,4,110821,Fire Power,Main Game,Arcade | Shooter,Action,Single player,Arcade,5.5,0.0,True,pre2005
1975,5,13251,Jet Fighter,Main Game,Arcade | Shooter,Action | Warfare,Multiplayer | Single player,Arcade,5.5,0.0,True,pre2005
1975,6,110851,Maneater,Main Game,Arcade,Action,Multiplayer | Single player,Arcade,5.5,0.0,True,pre2005
1975,7,18202,Shark Jaws,Main Game,Arcade,Horror,Single player,Arcade,5.5,0.0,True,pre2005
1975,8,80016,The Dungeon,Main Game,Role-playing (RPG),Fantasy,Single player,PLATO,5.5,0.0,True,pre2005
1975,9,146632,The Game of Dungeons,Main Game,Role-playing (RPG),Fantasy,Single player,PLATO,5.5,0.0,True,pre2005
1975,10,110855,UFO Chase,Main Game,Arcade | Shooter,Action | Science fiction,Single player,Arcade,5.5,0.0,True,pre2005
1975,11,110885,BiPlane,Main Game,Arcade | Shooter,Action,,Arcade,4.5,0.0,True,pre2005
1975,12,13535,Crossfire,Main Game,Arcade | Shooter,Action,Multiplayer,Arcade,4.5,0.0,True,pre2005
1975,13,109590,Drop Zone 4,Main Game,Arcade | Shooter,Action | Warfare,Single player,Arcade,4.5,0.0,True,pre2005
1975,14,11514,Western Gun,Main Game,Arcade | Shooter,Action | Historical,Multiplayer,Arcade,4.5,0.0,True,pre2005
1975,15,11554,Crash 'N Score,Main Game,Arcade | Racing,Action,Multiplayer | Single player,Arcade,4.0,0.0,True,pre2005
1976,1,2754,Breakout,Main Game,Arcade,Action | Science fiction,Multiplayer | Single player,AY-3-8606 | Arcade | Atari 2600 | MSX,5.5,147.0,True,pre2005
1976,2,18649,Night Driver,Main Game,Arcade | Racing,Action,Single player,Arcade | Atari 2600 | Commodore C64/128/MAX,4.0,39.0,True,pre2005
1976,3,25115,Colossal Cave Adventure,Main Game,Adventure,Fantasy,Single player,PDP-10 | PDP-11,5.5,24.0,True,pre2005
1976,4,18118,Blockade,Main Game,Arcade | Puzzle | Strategy,,Multiplayer | Single player,Arcade,3.0,18.0,True,pre2005
1976,5,8561,Death Race,Main Game,Arcade | Racing,Action,Multiplayer | Single player | Split screen,Arcade,4.0,15.0,True,pre2005
1976,6,18115,Amazing Maze,Main Game,Arcade | Puzzle,Action,Multiplayer | Single player,Arcade,5.5,0.0,True,pre2005
1976,7,40278,Cops 'N Robbers,Main Game,Arcade | Shooter,Action,Multiplayer | Single player,Arcade,5.5,0.0,True,pre2005
1976,8,383267,Dungeon,Main Game,Role-playing (RPG),Fantasy,Single player,PDP-10,5.5,0.0,True,pre2005
1976,9,113994,Outlaw,Main Game,Arcade | Shooter,Action,Single player,Arcade,5.5,0.0,True,pre2005
1976,10,17241,Sea Wolf,Main Game,Arcade | Shooter,Action | Warfare,Multiplayer | Single player,Arcade | Commodore C64/128/MAX | Commodore VIC-20,5.5,0.0,True,pre2005
1976,11,28364,Starship 1,Main Game,Arcade,Science fiction,Single player,Arcade,5.5,0.0,True,pre2005
1976,12,113933,Tank 8,Main Game,Arcade | Shooter,Action,Multiplayer | Single player,Arcade,5.5,0.0,True,pre2005
1976,13,249277,Ace,Main Game,Arcade | Shooter,Action | Warfare,Multiplayer | Single player,Arcade,4.5,0.0,True,pre2005
1976,14,172525,Heavyweight Champ,Main Game,Arcade | Fighting,,Single player,Arcade,4.5,0.0,True,pre2005
1976,15,40335,Lazer Command,Main Game,Arcade | Shooter,Action,Multiplayer,Arcade,4.5,0.0,True,pre2005
1977,1,16759,Combat,Main Game,Arcade | Shooter,Action | Warfare,Multiplayer,Atari 2600,4.5,96.0,True,pre2005
1977,2,1944,Zork,Main Game,Adventure,Fantasy,Single player,Amiga | Amstrad CPC | Amstrad PCW | Apple II | Atari 8-bit | Atari ST/STE | Commodore 16 | Commodore C64/128/MAX | Commodore Plus/4 | DOS | Mac | PC-9800 Series | PDP-10 | PDP-11 | TRS-80 | TRS-80 Color Computer | Tatung Einstein,5.5,78.0,True,pre2005
1977,3,11859,Air-Sea Battle,Main Game,Shooter,Action | Warfare,Multiplayer | Single player,Atari 2600 | PC (Microsoft Windows),5.5,72.0,True,pre2005
1977,4,54790,Indy 500,Main Game,Racing,Action,Multiplayer | Single player,Atari 2600,2.0,33.0,True,pre2005
1977,5,49118,Street Racer,Main Game,Racing,Party,Multiplayer | Single player,Atari 2600,1.0,33.0,True,pre2005
1977,6,18424,Star Ship,Main Game,Shooter,Action | Science fiction,Single player,Atari 2600,5.5,27.0,True,pre2005
1977,7,18002,Surround,Main Game,Arcade,Action,Multiplayer | Single player,Atari 2600,5.5,24.0,True,pre2005
1977,8,17258,Basic Math,Main Game,Puzzle,Educational,Single player,Atari 2600,4.0,24.0,True,pre2005
1977,9,17017,Canyon Bomber,Main Game,Arcade | Shooter,Warfare,Multiplayer | Single player,Arcade,5.5,21.0,True,pre2005
1977,10,41530,Blackjack,Main Game,Card & Board Game,,Multiplayer | Single player,Atari 2600,1.0,21.0,True,pre2005
1977,11,64773,Bazooka,Main Game,Arcade | Shooter,Action | Warfare,Single player,Arcade,5.5,0.0,True,pre2005
1977,12,18608,Boot Hill,Main Game,Arcade | Shooter,Action,Multiplayer | Single player,Arcade,5.5,0.0,True,pre2005
1977,13,144521,Oubliette,Main Game,Hack and slash/Beat 'em up | Role-playing (RPG),Fantasy,Multiplayer | Single player,PLATO,5.5,0.0,True,pre2005
1977,14,41212,"Videocart-10: Maze, Cat and Mouse",Main Game,Platform | Puzzle,Action,Multiplayer | Single player,Fairchild Channel F,5.5,0.0,True,pre2005
1977,15,41209,"Videocart-13: Robot War, Torpedo Alley",Main Game,Arcade,Action,Multiplayer | Single player,Fairchild Channel F,5.5,0.0,True,pre2005
1978,1,3601,Space Invaders,Main Game,Arcade | Shooter,Science fiction,Single player,Arcade | Handheld Electronic LCD | Legacy Mobile Device | iOS,5.5,525.0,True,pre2005
1978,2,12321,Super Breakout,Main Game,Arcade,,Multiplayer | Single player,Arcade,4.5,55.0,True,pre2005
1978,3,18407,Basketball,Main Game,Sport,Action,Multiplayer | Single player,Atari 2600 | Atari 8-bit,2.0,42.0,True,pre2005
1978,4,17025,Human Cannonball,Main Game,Arcade | Strategy,Action | Comedy,Multiplayer | Single player,Atari 2600,4.0,30.0,True,pre2005
1978,5,16970,Sky Diver,Main Game,Arcade | Sport,Action,Multiplayer | Single player,Arcade,4.0,27.0,True,pre2005
1978,6,17259,Hangman,Main Game,Puzzle | Strategy,Educational,Single player,Atari 2600,3.0,27.0,True,pre2005
1978,7,18414,Home Run,Main Game,Sport,,Multiplayer | Single player,Atari 2600,1.0,24.0,True,pre2005
1978,8,2298,Adventureland,Main Game,Adventure | Puzzle,Fantasy,Single player,Acorn Electron | Apple II | Atari 8-bit | BBC Microcomputer System | Commodore C64/128/MAX | Commodore PET | Commodore VIC-20 | Dragon 32/64 | FM-7 | PC-8800 Series | PC-9800 Series | TRS-80 | TRS-80 Color Computer | Texas Instruments TI-99 | ZX Spectrum,5.5,21.0,True,pre2005
1978,9,2873,Beneath Apple Manor,Main Game,Role-playing (RPG),Fantasy,Single player,Apple II | Atari 8-bit | DOS,5.5,18.0,True,pre2005
1978,10,18512,Pirate Adventure,Main Game,Adventure | Puzzle,,Single player,Acorn Electron | Apple II | Atari 8-bit | BBC Microcomputer System | Commodore 16 | Commodore C64/128/MAX | Commodore PET | Commodore Plus/4 | Commodore VIC-20 | FM-7 | PC-8800 Series | PC-9800 Series | TRS-80 | TRS-80 Color Computer | Texas Instruments TI-99 | ZX Spectrum,4.5,15.0,True,pre2005
1978,11,17024,Flag Capture,Main Game,Puzzle | Strategy,Action,Multiplayer | Single player,Atari 2600,4.0,15.0,True,pre2005
1978,12,143172,Fire Truck,Main Game,Arcade | Racing,,Single player,Arcade,3.0,15.0,True,pre2005
1978,13,18422,Slot Racers,Main Game,Racing,Action,Multiplayer,Atari 2600,1.0,15.0,True,pre2005
1978,14,2296,Acheton,Main Game,Adventure,Fantasy,Single player,Acorn Archimedes | Amstrad CPC | Amstrad PCW | BBC Microcomputer System | Call-A-Computer time-shared mainframe computer system | DOS | ZX Spectrum,5.5,0.0,True,pre2005
1978,15,93234,Armored Encounter! / Sub Chase!,Main Game,Arcade,Action,Single player,Odyssey 2 / Videopac G7000,5.5,0.0,True,pre2005
1979,1,7758,Asteroids,Main Game,Arcade | Shooter,Action | Science fiction,Multiplayer | Single player,Apple II | Arcade,5.5,250.0,True,pre2005
1979,2,4614,Galaxian,Main Game,Arcade | Shooter,Science fiction,Multiplayer | Single player,Arcade,5.5,241.0,True,pre2005
1979,3,18711,Superman,Main Game,Arcade,Action,Single player,Atari 2600,5.5,72.0,True,pre2005
1979,4,2417,Akalabeth: World of Doom,Main Game,Role-playing (RPG),Fantasy,Single player,Apple II,5.5,69.0,True,pre2005
1979,5,11854,3-D Tic-Tac-Toe,Main Game,Strategy,,Multiplayer | Single player,Atari 2600 | Atari 8-bit | TRS-80,1.0,39.0,True,pre2005
1979,6,18005,Bowling,Main Game,Sport,Party,Multiplayer | Single player,Atari 2600,1.0,24.0,True,pre2005
1979,7,18740,Space Battle,Main Game,Shooter,Action | Science fiction,Single player,Atari 2600 | Intellivision,5.5,21.0,True,pre2005
1979,8,18415,Miniature Golf,Main Game,Simulator | Sport | Strategy,Action,Multiplayer | Single player,Atari 2600,2.0,21.0,True,pre2005
1979,9,68778,Dunjonquest: Temple of Apshai,Main Game,Role-playing (RPG),Action | Fantasy,Single player,Apple II | Atari 8-bit | Commodore C64/128/MAX | Commodore PET | Commodore VIC-20 | DOS | TRS-80,5.5,18.0,True,pre2005
1979,10,40007,Lunar Rescue,Main Game,Arcade,Action | Science fiction,Single player,Arcade,5.5,15.0,True,pre2005
1979,11,18517,Voodoo Castle,Main Game,Adventure | Puzzle,Horror,Single player,Acorn Electron | Apple II | Atari 8-bit | BBC Microcomputer System | Commodore C64/128/MAX | Commodore VIC-20 | FM-7 | PC-8800 Series | PC-9800 Series | TRS-80 | TRS-80 Color Computer | Texas Instruments TI-99 | ZX Spectrum,5.5,15.0,True,pre2005
1979,12,18521,Pyramid of Doom,Main Game,Adventure | Puzzle,Mystery,Single player,Acorn Electron | Apple II | Atari 8-bit | BBC Microcomputer System | Commodore C64/128/MAX | Dragon 32/64 | TRS-80 | TRS-80 Color Computer | Texas Instruments TI-99,4.5,15.0,True,pre2005
1979,13,64077,Deluxe Space Invaders,Main Game,Shooter | Strategy,Science fiction | Survival,Single player,Arcade,4.0,15.0,True,pre2005
1979,14,18004,Video Chess,Main Game,Card & Board Game | Strategy,Non-fiction,Multiplayer | Single player,Atari 2600,1.0,15.0,True,pre2005
1979,15,23049,Astro Fighter,Main Game,Arcade | Shooter,Action | Science fiction,Single player,Arcade,5.5,4.0,True,pre2005
1980,1,2750,Pac-Man,Main Game,Arcade,Action | Survival,Single player,Arcade,5.5,793.0,True,pre2005
1980,2,12313,Missile Command,Main Game,Arcade | Shooter,Action | Science fiction | Warfare,Multiplayer | Single player,Arcade | Atari ST/STE | Commodore C64/128/MAX,5.5,149.0,True,pre2005
1980,3,8253,Adventure,Main Game,Adventure,Fantasy,Single player,Atari 2600,5.5,123.0,True,pre2005
1980,4,2391,Berzerk,Main Game,Shooter | Simulator,Action | Science fiction,Single player,Arcade,4.0,73.0,True,pre2005
1980,5,2872,Rogue,Main Game,Adventure | Role-playing (RPG) | Strategy,Fantasy,Single player,Amiga | Amstrad CPC | Atari 8-bit | Atari ST/STE | Commodore C64/128/MAX | DOS | Mac | PC (Microsoft Windows) | PC-8800 Series | PDP-11 | TRS-80 Color Computer | ZX Spectrum,4.0,72.0,True,pre2005
1980,6,12916,Battlezone,Main Game,Arcade | Shooter | Simulator,Action | Warfare,Single player,Apple II | Arcade | Atari 8-bit | Atari Lynx | Atari ST/STE | Commodore C64/128/MAX | Commodore VIC-20 | DOS | ZX Spectrum,4.0,71.0,True,pre2005
1980,7,7743,Wizard of Wor,Main Game,Arcade | Shooter | Strategy,Action | Fantasy | Horror,Co-operative | Multiplayer | Single player,Arcade | Bally Astrocade | Commodore C64/128/MAX,4.0,60.0,True,pre2005
1980,8,55103,Boxing,Main Game,Fighting | Sport,Action,Multiplayer | Single player,Atari 2600,4.0,51.0,True,pre2005
1980,9,18473,Phoenix,Main Game,Arcade | Shooter,Action | Science fiction,Multiplayer | Single player,Arcade,5.5,49.0,True,pre2005
1980,10,4611,Crazy Climber,Main Game,Arcade | Platform,Action,Multiplayer | Single player,Arcade | Atari 2600 | Family Computer | PlayStation | Sharp X68000 | Wii,5.5,45.0,True,pre2005
1980,11,2217,Star Raiders,Main Game,Shooter | Simulator,Action | Science fiction,Single player,Atari 5200 | Atari 8-bit | Atari ST/STE,4.0,45.0,True,pre2005
1980,12,2479,Mystery House,Main Game,Adventure,Mystery | Thriller,Single player,Apple II | FM-7 | PC-8800 Series | PC-9800 Series | iOS,5.5,42.0,True,pre2005
1980,13,17251,Warlords,Main Game,Arcade | Shooter,Action | Fantasy,Multiplayer | Single player,Arcade,5.5,39.0,True,pre2005
1980,14,17020,Dodge 'Em,Main Game,Arcade | Racing,Action,Multiplayer | Single player,Atari 2600,4.0,39.0,True,pre2005
1980,15,18105,Fishing Derby,Main Game,Arcade | Simulator | Sport,Action,Multiplayer | Single player,Atari 2600,4.0,36.0,True,pre2005
1981,1,1086,Donkey Kong,Main Game,Arcade | Platform,Action,Single player,Arcade,5.5,636.0,True,pre2005
1981,2,2751,Galaga,Main Game,Arcade | Shooter,Science fiction,Multiplayer | Single player,Arcade | FM-7 | MSX | PC-9800 Series | Sharp X1 | Xbox 360,5.5,371.0,True,pre2005
1981,3,6795,Frogger,Main Game,Arcade | Platform,Action | Survival,Multiplayer | Single player,Arcade,5.5,240.0,True,pre2005
1981,4,2235,Centipede,Main Game,Arcade | Shooter,Action | Science fiction,Multiplayer | Single player,Arcade | Web browser,5.5,191.0,True,pre2005
1981,5,3873,Defender,Main Game,Shooter | Strategy,Action | Science fiction,Multiplayer | Single player,Arcade | Mac | Web browser,4.0,106.0,True,pre2005
1981,6,7414,Ultima,Main Game,Role-playing (RPG),Fantasy | Open world,Single player,Apple II | Atari 8-bit,5.5,90.0,True,pre2005
1981,7,15383,Tempest,Main Game,Arcade | Shooter,Action | Science fiction,Multiplayer | Single player,Acorn Electron | Amstrad CPC | Arcade | Atari ST/STE | BBC Microcomputer System | ZX Spectrum,5.0,71.0,True,pre2005
1981,8,2727,Castle Wolfenstein,Main Game,Shooter,Action | Historical | Stealth,Single player,Apple II | Atari 8-bit | Commodore C64/128/MAX | DOS,5.5,66.0,True,pre2005
1981,9,1475,Scramble,Main Game,Arcade | Shooter,Science fiction,Multiplayer | Single player,Arcade | Vectrex | Xbox 360,5.5,56.0,True,pre2005
1981,10,12309,Kaboom!,Main Game,Arcade,Action,Multiplayer | Single player,Atari 2600 | Atari 5200 | Atari 8-bit,5.5,54.0,True,pre2005
1981,11,2863,Wizardry: Proving Grounds of the Mad Overlord,Main Game,Role-playing (RPG),Fantasy,Single player,Apple II | DOS,5.5,51.0,True,pre2005
1981,12,1945,Zork II: The Wizard of Frobozz,Main Game,Adventure,Fantasy,Single player,Amiga | Amstrad CPC | Amstrad PCW | Apple II | Atari 8-bit | Atari ST/STE | Commodore 16 | Commodore C64/128/MAX | Commodore Plus/4 | DOS | Mac | PDP-11 | TRS-80 | TRS-80 Color Computer | Tatung Einstein,5.5,51.0,True,pre2005
1981,13,12266,Qix,Main Game,Arcade | Puzzle,Action,Multiplayer | Single player,Arcade,5.5,48.0,True,pre2005
1981,14,17459,Stargate,Main Game,Arcade | Shooter,Action | Science fiction,Single player,Arcade | Web browser,5.5,42.0,True,pre2005
1981,15,12307,Gorf,Main Game,Shooter,Action | Science fiction,Multiplayer | Single player,Arcade | Atari 2600 | Atari Jaguar | BBC Microcomputer System | ColecoVision | Commodore C64/128/MAX | Commodore VIC-20,5.5,37.0,True,pre2005
1982,1,5411,Pitfall!,Main Game,Adventure | Platform,Action,Single player,Atari 2600 | Atari 5200 | Atari 8-bit | ColecoVision | Commodore C64/128/MAX | Intellivision | Legacy Mobile Device | MSX | PC (Microsoft Windows) | Windows Phone | Xbox 360,5.5,294.0,True,pre2005
1982,2,7452,Ms. Pac-Man,Main Game,Arcade,Action,Multiplayer | Single player,Apple II | Arcade | Atari 8-bit | Commodore C64/128/MAX | Commodore VIC-20 | DOS | Sega Game Gear | Sega Master System/Mark III | Texas Instruments TI-99 | Xbox 360 | ZX Spectrum,5.5,278.0,True,pre2005
1982,3,2636,Dig Dug,Main Game,Arcade,Action,Multiplayer | Single player,Arcade | Xbox 360,5.5,265.0,True,pre2005
1982,4,1087,Donkey Kong Junior,Main Game,Arcade | Platform,Action,Single player,Arcade,5.5,228.0,True,pre2005
1982,5,4619,Popeye,Main Game,Arcade | Platform,Action | Comedy,Multiplayer | Single player,Arcade,5.5,138.0,True,pre2005
1982,6,1980,Q*bert,Main Game,Arcade | Platform | Puzzle,Action | Comedy,Multiplayer | Single player,Arcade | PlayStation 3,5.5,131.0,True,pre2005
1982,7,6706,E.T. the Extra-Terrestrial,Main Game,Adventure | Strategy,Action | Science fiction,Single player,Atari 2600,4.0,126.0,True,pre2005
1982,8,5691,Pole Position,Main Game,Arcade | Racing | Sport,Action,Single player,Arcade | Atari 5200 | Atari 8-bit | BBC Microcomputer System | Commodore C64/128/MAX | Commodore VIC-20 | DOS | Intellivision | Texas Instruments TI-99 | Vectrex | ZX Spectrum,4.0,124.0,True,pre2005
1982,9,4609,BurgerTime,Main Game,Arcade | Puzzle | Strategy,Business | Comedy,Single player | Split screen,Apple II | Arcade | ColecoVision | DOS | Intellivision | MSX | PC-8800 Series | Sharp MZ-2200 | Sharp X1 | Texas Instruments TI-99,4.0,120.0,True,pre2005
1982,10,5693,River Raid,Main Game,Arcade | Racing | Shooter,Action,Single player,Atari 2600 | Atari 5200 | Atari 8-bit | ColecoVision | Commodore C64/128/MAX | DOS | Intellivision | Legacy Mobile Device | MSX | PC (Microsoft Windows) | Xbox 360 | ZX Spectrum,4.0,117.0,True,pre2005
1982,11,3659,Joust,Main Game,Arcade | Fighting | Platform,Action,Multiplayer | Single player,Arcade | PlayStation 3 | Xbox 360,5.5,107.0,True,pre2005
1982,12,12346,Xevious,Main Game,Arcade | Shooter,Action | Science fiction,Multiplayer | Single player,Amstrad CPC | Apple II | Arcade | Atari 2600 | Atari 5200 | Atari 7800 | Atari ST/STE | Commodore C64/128/MAX | FM-7 | PC-8800 Series | PC-9800 Series | Sharp X1 | Wii | Xbox 360 | ZX Spectrum,5.5,89.0,True,pre2005
1982,13,4604,Millipede,Main Game,Arcade | Shooter,Action,Multiplayer | Single player,Arcade | Atari 8-bit | Atari ST/STE | PC (Microsoft Windows) | Web browser,5.5,85.0,True,pre2005
1982,14,4618,Pooyan,Main Game,Arcade | Puzzle | Shooter,Action,Multiplayer | Single player,Apple II | Arcade | Atari 2600 | Atari 8-bit | Commodore C64/128/MAX | Family Computer | MSX | Nintendo Entertainment System | TRS-80 Color Computer | Wii | Wii U,5.5,81.0,True,pre2005
1982,15,12314,Moon Patrol,Main Game,Arcade | Shooter,Action | Science fiction,Multiplayer | Single player,Apple II | Arcade | Atari 2600 | Atari ST/STE | Commodore C64/128/MAX | Commodore VIC-20 | DOS | MSX | Texas Instruments TI-99,5.5,76.0,True,pre2005
1983,1,3105,Mario Bros.,Main Game,Arcade | Platform,Action,Co-operative | Multiplayer | Single player,Arcade,5.5,336.0,True,pre2005
1983,2,4603,Lode Runner,Main Game,Platform | Puzzle,Action | Science fiction,Single player,Amstrad CPC | Apple II | Arcade | Atari 8-bit | Atari ST/STE | BBC Microcomputer System | Commodore C64/128/MAX | Commodore VIC-20 | DOS | FM-7 | MSX | Mac | NEC PC-6000 Series | PC-8800 Series | PC-9800 Series | SG-1000 | Sharp X1 | Windows Phone | WonderSwan | ZX Spectrum,5.5,160.0,True,pre2005
1983,3,4248,Dragon's Lair,Main Game,Adventure | Arcade,Action | Fantasy,Single player,3DO Interactive Multiplayer | Amiga | Android | Arcade | Atari Jaguar | Atari Jaguar CD | Atari ST/STE | Blu-ray Player | DOS | DVD Player | Mac | Philips CD-i | PlayStation 3 | Sega CD | Xbox 360 | iOS,5.5,144.0,True,pre2005
1983,4,4599,Elevator Action,Main Game,Arcade | Platform | Shooter,Action | Stealth,Multiplayer | Single player,Amstrad CPC | Arcade | Atari 2600 | Commodore C64/128/MAX | FM-7 | MSX | PC-8800 Series | Sharp X1 | ZX Spectrum,5.5,136.0,True,pre2005
1983,5,4592,Antarctic Adventure,Main Game,Arcade | Platform | Racing,Action,Multiplayer | Single player,ColecoVision | Family Computer | MSX | Wii | Wii U,4.0,126.0,True,pre2005
1983,6,4167,Spy Hunter,Main Game,Arcade | Racing | Shooter,Action,Multiplayer | Single player,Amstrad CPC | Apple II | Arcade | Atari 2600 | Atari 8-bit | BBC Microcomputer System | ColecoVision | Commodore C64/128/MAX | DOS | ZX Spectrum,4.0,118.0,True,pre2005
1983,7,1088,Donkey Kong 3,Main Game,Arcade | Platform | Shooter,Action,Single player,Arcade,5.5,111.0,True,pre2005
1983,8,2710,Mappy,Main Game,Platform | Puzzle | Strategy,Action,Multiplayer | Single player,Arcade | FM-7 | MSX | NEC PC-6000 Series | PC-8800 Series | Sega Game Gear | Sharp X1 | Wii | Wii U | iOS,4.0,111.0,True,pre2005
1983,9,5539,Archon,Main Game,Strategy | Tactical,Action | Fantasy,Multiplayer | Single player,Amiga | Amstrad CPC | Apple II | Atari 8-bit | Commodore C64/128/MAX | DOS | FM-7 | Mac | PC (Microsoft Windows) | PC-8800 Series | Sharp X1 | ZX Spectrum,2.0,90.0,True,pre2005
1983,10,12308,Gyruss,Main Game,Arcade | Shooter,Action | Science fiction,Multiplayer | Single player,Arcade | Xbox 360,5.5,74.0,True,pre2005
1983,11,7580,Baseball,Main Game,Sport,Action,Co-operative | Multiplayer | Single player,Arcade | Family Computer | Family Computer Disk System | Nintendo Entertainment System | Wii | Wii U,2.0,72.0,True,pre2005
1983,12,12858,Star Wars,Main Game,Arcade | Shooter,Action | Science fiction,Single player,Acorn Electron | Amiga | Amstrad CPC | Arcade | Atari 2600 | Atari 5200 | Atari 8-bit | Atari ST/STE | BBC Microcomputer System | ColecoVision | Commodore C64/128/MAX | DOS | Mac | ZX Spectrum,5.5,67.0,True,pre2005
1983,13,5454,Space Ace,Main Game,Adventure | Arcade | Shooter,Action | Science fiction,Single player,3DO Interactive Multiplayer | Amiga | Apple II | Apple IIGS | Arcade | Atari Jaguar | Atari Jaguar CD | Atari ST/STE | DOS | Mac | Nintendo DSi | Philips CD-i | PlayStation 3 | Sega CD | Super Nintendo Entertainment System,5.5,66.0,True,pre2005
1983,14,2867,Ultima III: Exodus,Main Game,Role-playing (RPG),Fantasy,Single player,Amiga | Apple II | Atari 8-bit | Atari ST/STE | Commodore C64/128/MAX | DOS | FM-7 | MSX | Mac | Nintendo Entertainment System | PC-8800 Series | PC-9800 Series | Sharp X1,5.5,66.0,True,pre2005
1983,15,23860,Alley Cat,Main Game,Arcade | Platform,Action,Single player,Atari 8-bit | DOS | PC-8800 Series,5.5,63.0,True,pre2005
1984,1,2741,Duck Hunt,Main Game,Arcade | Shooter,Action | Comedy,Multiplayer | Single player,Arcade | Family Computer | Nintendo Entertainment System | Wii U,5.5,714.0,True,pre2005
1984,2,4600,Excitebike,Main Game,Arcade | Racing | Sport,Action | Non-fiction,Multiplayer | Single player,Arcade | Family Computer | Nintendo Entertainment System | Wii | Wii U,4.0,534.0,True,pre2005
1984,3,11762,Paperboy,Main Game,Arcade | Racing | Simulator,Action | Comedy,Single player,Acorn Electron | Amiga | Amstrad CPC | Apple II | Apple IIGS | Arcade | Atari ST/STE | BBC Microcomputer System | Commodore 16 | Commodore C64/128/MAX | Commodore Plus/4 | DOS | Legacy Mobile Device | Xbox 360 | ZX Spectrum | iOS,4.0,302.0,True,pre2005
1984,4,6075,1942,Main Game,Arcade | Shooter,Action | Warfare,Co-operative | Single player,Amstrad CPC | Arcade | Commodore C64/128/MAX | FM-7 | MSX | MSX2 | PC-8800 Series | PlayStation 3 | Sharp X1 | Wii | ZX Spectrum,5.5,292.0,True,pre2005
1984,5,2246,Marble Madness,Main Game,Arcade | Puzzle,Action,Multiplayer | Single player,Arcade | FM Towns | PC-9800 Series | Sega Mega Drive/Genesis | Sharp X68000,5.5,219.0,True,pre2005
1984,6,25692,Circus Charlie,Main Game,Arcade | Platform,Action,Multiplayer | Single player,Arcade | Commodore C64/128/MAX | Family Computer | MSX | Nintendo Entertainment System,5.5,180.0,True,pre2005
1984,7,4607,Road Fighter,Main Game,Arcade | Racing,Action,Multiplayer | Single player,Arcade | Family Computer | MSX | Nintendo Entertainment System | SG-1000 | Wii,4.0,159.0,True,pre2005
1984,8,2901,Spartan X,Main Game,Hack and slash/Beat 'em up,Action,Multiplayer | Single player,Arcade,5.5,153.0,True,pre2005
1984,9,18170,Yie Ar Kung-Fu,Main Game,Arcade | Fighting,Action,Multiplayer | Single player,Amstrad CPC | Arcade | BBC Microcomputer System | Commodore 16 | Commodore C64/128/MAX | Family Computer | MSX | Wii | Wii U | Xbox 360 | ZX Spectrum,5.5,133.0,True,pre2005
1984,10,6054,Ghostbusters,Main Game,Arcade,Fantasy | Science fiction,Single player,Amstrad CPC | Apple II | Atari 2600 | Atari 8-bit | Commodore C64/128/MAX | DOS | MSX | Sega Master System/Mark III | ZX Spectrum,5.5,121.0,True,pre2005
1984,11,4601,Hogan's Alley,Main Game,Arcade | Shooter,Action,Multiplayer | Single player,Arcade | Family Computer | Nintendo Entertainment System | Wii U,5.5,114.0,True,pre2005
1984,12,74548,Tennis,Main Game,Sport,Non-fiction,Co-operative | Multiplayer | Single player,Arcade | Family Computer | Family Computer Disk System | Nintendo Entertainment System | PC-8800 Series | Sharp X1 | Wii | Wii U,1.0,114.0,True,pre2005
1984,13,892,King's Quest: Quest for the Crown,Main Game,Adventure | Puzzle,Fantasy,Single player,Amiga | Apple II | Apple IIGS | Atari ST/STE | DOS | Mac | PC (Microsoft Windows) | Sega Master System/Mark III,5.5,111.0,True,pre2005
1984,14,4625,Wild Gunman,Main Game,Arcade | Shooter,Action,Single player,Arcade | Family Computer | Nintendo Entertainment System | Wii U,4.5,106.0,True,pre2005
1984,15,12942,Boulder Dash,Main Game,Arcade | Platform | Puzzle,Action,Single player,Atari 8-bit,5.5,105.0,True,pre2005
1985,1,358,Super Mario Bros.,Main Game,Adventure | Platform,Action,Multiplayer | Single player,Arcade | Family Computer | Family Computer Disk System | Nintendo 3DS | Nintendo Entertainment System | Wii | Wii U,5.5,3909.0,True,pre2005
1985,2,6807,Ghosts 'n Goblins,Main Game,Adventure | Arcade | Platform | Shooter,Action | Fantasy,Multiplayer | Single player,Amiga | Amstrad CPC | Arcade | Atari ST/STE | Commodore C64/128/MAX | DOS | ZX Spectrum,5.5,319.0,True,pre2005
1985,3,4596,Battle City,Main Game,Fighting | Puzzle | Shooter,Action,Multiplayer | Single player,Arcade | FM-7 | Family Computer | Nintendo 3DS | Nintendo Entertainment System | Sharp X1 | Wii | Wii U,5.5,297.0,True,pre2005
1985,4,5668,Commando,Main Game,Shooter,Action | Warfare,Multiplayer | Single player,Acorn Electron | Amiga | Amstrad CPC | Apple II | Arcade | Atari 7800 | Atari ST/STE | BBC Microcomputer System | Commodore 16 | Commodore C64/128/MAX | Commodore Plus/4 | DOS | FM-7 | Intellivision | MSX | PC-8800 Series | Wii | ZX Spectrum,5.5,172.0,True,pre2005
1985,5,3502,Gauntlet,Main Game,Arcade | Hack and slash/Beat 'em up,Action | Fantasy,Multiplayer | Single player,Amstrad CPC | Apple II | Apple IIGS | Arcade | Atari 8-bit | Atari ST/STE | Commodore C64/128/MAX | DOS | MSX | Mac | Sega Master System/Mark III | Xbox 360 | ZX Spectrum,5.5,153.0,True,pre2005
1985,6,1476,Gradius,Main Game,Arcade | Shooter,Action | Science fiction,Multiplayer | Single player,Arcade | Sharp X68000,5.5,148.0,True,pre2005
1985,7,2878,Ultima IV: Quest of the Avatar,Main Game,Role-playing (RPG),Fantasy | Open world,Single player,Apple II,5.5,114.0,True,pre2005
1985,8,12857,Space Harrier,Main Game,Arcade | Shooter,Action | Science fiction,Single player,Arcade | Legacy Mobile Device | Sega 32X | Sega Saturn | Wii,5.5,99.0,True,pre2005
1985,9,12268,Winter Games,Main Game,Sport,Action,Multiplayer | Single player,Commodore C64/128/MAX | Wii,2.0,97.0,True,pre2005
1985,10,86375,Soccer,Main Game,Sport,Non-fiction,Multiplayer | Single player,Family Computer | Family Computer Disk System | Nintendo Entertainment System | Wii | Wii U,1.0,96.0,True,pre2005
1985,11,251,Where in the World Is Carmen Sandiego?,Main Game,Adventure | Puzzle,Educational | Kids | Mystery,Single player,Apple II | Commodore C64/128/MAX | DOS | TRS-80 Color Computer,5.5,94.0,True,pre2005
1985,12,1288,Gun.Smoke,Main Game,Arcade | Shooter,Action,Multiplayer | Single player,Amstrad CPC | Arcade | Commodore C64/128/MAX | MSX | Sega Master System/Mark III | ZX Spectrum,5.5,87.0,True,pre2005
1985,13,852,King's Quest II: Romancing the Throne,Main Game,Adventure | Point-and-click | Puzzle,Fantasy,Single player,Amiga | Apple II | Apple IIGS | Atari ST/STE | DOS | Mac,5.5,87.0,True,pre2005
1985,14,41420,Wrecking Crew,Main Game,Adventure | Arcade | Platform | Puzzle,Action | Comedy,Multiplayer | Single player,Family Computer | Family Computer Disk System | Game Boy Advance | Nintendo 3DS | Nintendo Entertainment System | Wii | Wii U,5.5,87.0,True,pre2005
1985,15,90990,Rush'n Attack,Main Game,Arcade | Shooter,Action | Warfare,Multiplayer | Single player,Amstrad CPC | Arcade | Atari 8-bit | BBC Microcomputer System | Commodore 16 | Commodore C64/128/MAX | DOS | MSX | Xbox 360 | ZX Spectrum,5.5,80.0,True,pre2005
1986,1,1022,The Legend of Zelda,Main Game,Adventure,Action | Fantasy | Open world,Single player,Family Computer | Family Computer Disk System | Nintendo 3DS | Nintendo Entertainment System | Wii | Wii U,5.5,2181.0,True,pre2005
1986,2,1114,Castlevania,Main Game,Hack and slash/Beat 'em up | Platform,Action | Horror,Single player,Arcade | Family Computer Disk System | Nintendo 3DS | Nintendo Entertainment System | Wii | Wii U,5.5,1026.0,True,pre2005
1986,3,2630,Bubble Bobble,Main Game,Arcade | Platform | Puzzle,Action | Fantasy | Kids,Co-operative | Multiplayer | Single player,Arcade,5.5,393.0,True,pre2005
1986,4,1066,Super Mario Bros.: The Lost Levels,Main Game,Adventure | Platform,Action,Multiplayer | Single player,Family Computer Disk System | Nintendo 3DS | Wii | Wii U,5.5,387.0,True,pre2005
1986,5,4595,Arkanoid,Main Game,Arcade,Action | Science fiction,Multiplayer | Single player,Arcade,5.5,333.0,True,pre2005
1986,6,2051,OutRun,Main Game,Arcade | Racing,Action | Non-fiction,Single player,Arcade | Sharp X68000,4.0,279.0,True,pre2005
1986,7,26778,Alex Kidd in Miracle World,Main Game,Adventure | Hack and slash/Beat 'em up | Platform,Action | Fantasy,Single player,PlayStation 3 | Sega Master System/Mark III | Wii,5.5,204.0,True,pre2005
1986,8,3663,Kid Icarus,Main Game,Adventure | Platform | Shooter,Action | Fantasy,Single player,Arcade | Family Computer Disk System | Nintendo Entertainment System | Wii | Wii U,5.5,195.0,True,pre2005
1986,9,3055,Rampage,Main Game,Arcade | Hack and slash/Beat 'em up,Action | Science fiction,Multiplayer | Single player,Arcade,5.5,165.0,True,pre2005
1986,10,205229,Dragon Warrior,Main Game,Adventure | Role-playing (RPG),Fantasy,Single player,Family Computer | MSX | MSX2 | Nintendo Entertainment System,5.5,105.0,True,pre2005
1986,11,5560,Wonder Boy,Main Game,Arcade | Platform,Action,Multiplayer | Single player,Arcade,5.5,105.0,True,pre2005
1986,12,12153,Ikari Warriors,Main Game,Arcade | Shooter,Action | Warfare,Co-operative | Multiplayer | Single player,Arcade | PlayStation 3 | PlayStation Portable,5.5,94.0,True,pre2005
1986,13,3503,Gauntlet II,Main Game,Adventure | Arcade | Hack and slash/Beat 'em up,Action | Fantasy,Co-operative | Multiplayer | Single player,Amiga | Amstrad CPC | Arcade | Atari ST/STE | Commodore C64/128/MAX | DOS | Nintendo Entertainment System | ZX Spectrum,5.5,93.0,True,pre2005
1986,14,1477,Salamander,Main Game,Arcade | Shooter,Action | Science fiction,Co-operative | Single player | Split screen,Arcade | Sharp X68000,5.5,87.0,True,pre2005
1986,15,1873,Defender of the Crown,Main Game,Adventure | Strategy,Fantasy | Historical,Single player,Amiga | Amstrad CPC | Apple IIGS | Atari ST/STE | Commodore C64/128/MAX | Commodore CDTV | DOS | Legacy Computer | Linux | Mac | PC (Microsoft Windows) | Philips CD-i | ZX Spectrum | iOS,4.0,87.0,True,pre2005
1987,1,1025,Zelda II: The Adventure of Link,Main Game,Adventure | Platform | Role-playing (RPG),Action | Fantasy,Single player,Family Computer Disk System | Nintendo 3DS | Nintendo Entertainment System | Wii | Wii U,5.5,900.0,True,pre2005
1987,2,1714,Mega Man,Main Game,Platform | Shooter,Action | Science fiction,Single player,Family Computer | Nintendo 3DS | Nintendo Entertainment System | Wii | Wii U,5.5,873.0,True,pre2005
1987,3,4598,Contra,Main Game,Arcade | Platform | Shooter,Action | Science fiction | Warfare,Co-operative | Multiplayer | Single player,Arcade,5.5,789.0,True,pre2005
1987,4,385,Final Fantasy,Main Game,Adventure | Role-playing (RPG),Action | Fantasy | Kids,Single player,Family Computer | Nintendo 3DS | Nintendo Entertainment System | Wii | Wii U,5.5,772.0,True,pre2005
1987,5,6787,Double Dragon,Main Game,Adventure | Arcade | Fighting | Hack and slash/Beat 'em up,Action,Co-operative | Multiplayer | Single player,Arcade | Xbox 360,5.5,507.0,True,pre2005
1987,6,1116,Castlevania II: Simon's Quest,Main Game,Adventure | Platform | Role-playing (RPG),Action | Fantasy | Horror,Single player,Family Computer Disk System | Nintendo 3DS | Nintendo Entertainment System | Wii | Wii U,5.5,441.0,True,pre2005
1987,7,374,Metal Gear,Main Game,Adventure | Shooter | Tactical,Action | Science fiction | Stealth | Survival,Single player,MSX2 | Wii,5.5,426.0,True,pre2005
1987,8,192,Maniac Mansion,Main Game,Adventure | Point-and-click,Comedy | Fantasy | Horror | Science fiction,Single player,Amiga | Apple II | Atari ST/STE | Commodore C64/128/MAX | DOS | Mac | PC (Microsoft Windows),5.5,412.0,True,pre2005
1987,9,6930,Street Fighter,Main Game,Arcade | Fighting,Action,Multiplayer | Single player,Arcade | PC (Microsoft Windows),5.5,303.0,True,pre2005
1987,10,6840,R-Type,Main Game,Arcade | Shooter,Action | Science fiction,Multiplayer | Single player,Amiga | Arcade | Atari ST/STE | Commodore C64/128/MAX | MSX | PC-8800 Series | Sharp X68000,5.5,186.0,True,pre2005
1987,11,2906,Leisure Suit Larry in the Land of the Lounge Lizards,Main Game,Adventure | Point-and-click,Comedy | Erotic,Single player,Amiga | Apple II | Apple IIGS | Atari ST/STE | DOS | Linux | Mac | PC (Microsoft Windows) | TRS-80 | TRS-80 Color Computer,5.5,162.0,True,pre2005
1987,12,6899,Shinobi,Main Game,Adventure | Arcade | Hack and slash/Beat 'em up,Action,Multiplayer | Single player,Amiga | Amstrad CPC | Arcade | Atari ST/STE | Commodore C64/128/MAX | DOS | MSX | TurboGrafx-16/PC Engine | ZX Spectrum,5.5,155.0,True,pre2005
1987,13,6145,Super Hang-On,Main Game,Arcade | Racing,Action,Single player,Amiga | Amstrad CPC | Arcade | Atari ST/STE | Commodore C64/128/MAX | DOS | Mac | PlayStation 3 | Sega Mega Drive/Genesis | Sharp X68000 | Wii | ZX Spectrum,4.0,141.0,True,pre2005
1987,14,9231,Sid Meier's Pirates!,Main Game,Adventure | Arcade | Role-playing (RPG) | Simulator | Strategy,Action | Historical,Single player,Amiga | Amstrad CPC | Apple II | Apple IIGS | Atari ST/STE | Commodore C64/128/MAX | DOS | Mac | Nintendo Entertainment System | PC (Microsoft Windows),4.0,133.0,True,pre2005
1987,15,6076,1943: The Battle of Midway,Main Game,Arcade | Shooter,Action | Historical | Warfare,Co-operative | Multiplayer | Single player,Amiga | Amstrad CPC | Arcade | Atari ST/STE | Commodore C64/128/MAX | ZX Spectrum,5.5,129.0,True,pre2005
1988,1,1068,Super Mario Bros. 3,Main Game,Platform,Action | Fantasy,Multiplayer | Single player,Arcade | Family Computer | Nintendo 3DS | Nintendo Entertainment System | Wii | Wii U,5.5,5112.0,True,pre2005
1988,2,7558,Ninja Gaiden,Main Game,Arcade | Hack and slash/Beat 'em up,Action | Fantasy,Co-operative | Single player,Arcade | Wii,5.5,378.0,True,pre2005
1988,3,2604,Altered Beast,Main Game,Hack and slash/Beat 'em up | Platform,Action | Fantasy | Historical | Survival,Co-operative | Single player | Split screen,Amiga | Amstrad CPC | Android | Arcade | Atari ST/STE | Commodore C64/128/MAX | DOS | MSX | ZX Spectrum | iOS,5.5,333.0,True,pre2005
1988,4,4622,Super Contra,Main Game,Arcade | Platform | Shooter,Action | Science fiction,Co-operative | Multiplayer | Single player,Amiga | Arcade | DOS | PC (Microsoft Windows),5.5,261.0,True,pre2005
1988,5,6790,Double Dragon II: The Revenge,Main Game,Adventure | Arcade | Fighting | Hack and slash/Beat 'em up,Action,Co-operative | Multiplayer | Single player,Arcade,5.5,234.0,True,pre2005
1988,6,6817,Ghouls 'n Ghosts,Main Game,Arcade | Platform,Action | Fantasy | Horror,Single player,Amiga | Arcade | Atari ST/STE | Sharp X68000,5.5,222.0,True,pre2005
1988,7,16474,Final Fantasy II,Main Game,Adventure | Role-playing (RPG),Fantasy | Open world | Sandbox,Single player,Family Computer | Nintendo 3DS | Wii | Wii U,5.5,193.0,True,pre2005
1988,8,2603,Battle Chess,Main Game,Card & Board Game | Strategy | Turn-based strategy (TBS),Fantasy | Historical,Multiplayer | Single player,3DO Interactive Multiplayer | Acorn Archimedes | Amiga | Amiga CD32 | Apple II | Apple IIGS | Atari ST/STE | Commodore C64/128/MAX | Commodore CDTV | DOS | FM Towns | PC (Microsoft Windows) | PC-9800 Series | Sharp X68000,2.0,183.0,True,pre2005
1988,9,106,Zak McKracken and the Alien Mindbenders,Main Game,Adventure | Point-and-click,Comedy | Science fiction,Single player,Amiga | Atari ST/STE | Commodore C64/128/MAX | DOS | FM Towns | Linux | Mac | PC (Microsoft Windows),5.5,120.0,True,pre2005
1988,10,2367,Blaster Master,Main Game,Adventure | Arcade | Platform | Shooter,Action | Horror | Science fiction,Single player,Family Computer | Nintendo 3DS | Nintendo Entertainment System | Wii | Wii U,5.5,110.0,True,pre2005
1988,11,6013,RoboCop,Main Game,Arcade | Platform | Shooter,Action | Science fiction,Single player,Arcade,5.5,108.0,True,pre2005
1988,12,6317,Cabal,Main Game,Arcade | Shooter,Action | Warfare,Multiplayer | Single player,Amiga | Amstrad CPC | Arcade | Atari ST/STE | Commodore C64/128/MAX | DOS | Nintendo Entertainment System | ZX Spectrum,5.5,93.0,True,pre2005
1988,13,18532,Ice Hockey,Main Game,Sport,Action,Multiplayer | Single player,Family Computer Disk System | Nintendo Entertainment System | Wii | Wii U,2.0,93.0,True,pre2005
1988,14,8656,Leisure Suit Larry 2: Goes Looking for Love (in Several Wrong Places),Main Game,Adventure | Point-and-click,Comedy,Single player,Amiga | Atari ST/STE | DOS | Linux | Mac | PC (Microsoft Windows),5.5,90.0,True,pre2005
1988,15,12224,Silk Worm,Main Game,Arcade | Shooter,Action | Science fiction,Co-operative | Single player,Amiga | Amstrad CPC | Arcade | Atari ST/STE | Commodore C64/128/MAX | Nintendo Entertainment System | ZX Spectrum,5.5,81.0,True,pre2005
1989,1,1069,Super Mario Land,Main Game,Platform,Action | Fantasy | Science fiction,Single player,Game Boy | Nintendo 3DS,5.5,933.0,True,pre2005
1989,2,2472,Prince of Persia,Main Game,Adventure | Platform | Puzzle,Action,Single player,Apple II,5.5,792.0,True,pre2005
1989,3,5565,Golden Axe,Main Game,Arcade | Hack and slash/Beat 'em up,Action | Fantasy,Co-operative | Multiplayer | Single player,Amiga | Amstrad CPC | Arcade | Atari ST/STE | Commodore C64/128/MAX | DOS | PlayStation 3 | Turbografx-16/PC Engine CD | Wii | WonderSwan Color | Xbox 360 | Xbox One | ZX Spectrum,5.5,662.0,True,pre2005
1989,4,6487,Disney's DuckTales,Main Game,Platform,Comedy | Kids,Single player,Family Computer | Nintendo Entertainment System | Wii,5.5,526.0,True,pre2005
1989,5,1655,Final Fight,Main Game,Arcade | Hack and slash/Beat 'em up,Action,Co-operative | Multiplayer | Single player,Amiga | Amstrad CPC | Arcade | Atari ST/STE | Commodore C64/128/MAX | Sharp X68000 | ZX Spectrum | iOS,5.5,444.0,True,pre2005
1989,6,1272,SimCity,Main Game,Simulator | Strategy,Business | Sandbox,Single player,Acorn Archimedes | Acorn Electron | Amiga | Amstrad CPC | Atari ST/STE | BBC Microcomputer System | Commodore C64/128/MAX | DOS | FM Towns | Mac | PC (Microsoft Windows) | PC-9800 Series | Sharp X68000 | ZX Spectrum,1.0,432.0,True,pre2005
1989,7,3815,Teenage Mutant Ninja Turtles,Main Game,Adventure | Arcade | Fighting | Hack and slash/Beat 'em up,Action,Co-operative | Multiplayer | Single player,Amiga | Amstrad CPC | Arcade | Atari ST/STE | Commodore C64/128/MAX | DOS | Xbox 360,5.5,332.0,True,pre2005
1989,8,186,Indiana Jones and the Last Crusade: The Graphic Adventure,Main Game,Adventure | Point-and-click | Puzzle,Action | Comedy | Fantasy | Historical,Single player,Amiga | Atari ST/STE | DOS | FM Towns | Linux | Mac | PC (Microsoft Windows),5.5,222.0,True,pre2005
1989,9,3327,The Revenge of Shinobi,Main Game,Hack and slash/Beat 'em up | Platform,Action,Single player,Android | Linux | Mac | PC (Microsoft Windows) | PlayStation 3 | Sega Mega Drive/Genesis | Wii | Xbox 360 | iOS,5.5,189.0,True,pre2005
1989,10,1118,Castlevania: The Adventure,Main Game,Adventure | Platform,Action,Single player,Game Boy | Nintendo 3DS,5.5,148.0,True,pre2005
1989,11,49226,Batman: The Video Game,Main Game,Platform,Action,Single player,Family Computer | Nintendo Entertainment System,5.5,147.0,True,pre2005
1989,12,6823,Buster Bros.,Main Game,Arcade | Platform | Shooter,Action,Co-operative | Multiplayer | Single player,Amiga | Amstrad CPC | Arcade | Atari ST/STE | Commodore C64/128/MAX | DOS | Super Nintendo Entertainment System | Turbografx-16/PC Engine CD | ZX Spectrum,5.5,141.0,True,pre2005
1989,13,6969,Strider,Main Game,Arcade | Platform,Action | Science fiction,Multiplayer | Single player,Amiga | Amstrad CPC | Arcade | Atari ST/STE | Commodore C64/128/MAX | DOS | PlayStation | Sega Master System/Mark III | Sega Mega Drive/Genesis | Sharp X68000 | Wii | Wii U | ZX Spectrum,5.5,141.0,True,pre2005
1989,14,248,Populous,Main Game,Real Time Strategy (RTS) | Role-playing (RPG) | Simulator | Strategy,Fantasy | Sandbox,Multiplayer | Single player,Acorn Archimedes | Amiga | Atari ST/STE | DOS | Mac | PC (Microsoft Windows) | PC-9800 Series | Sega Master System/Mark III | Sega Mega Drive/Genesis | Sharp X68000 | Super Nintendo Entertainment System | TurboGrafx-16/PC Engine,4.0,141.0,True,pre2005
1989,15,3662,Adventures of Lolo,Main Game,Adventure | Puzzle | Strategy,Action | Fantasy,Single player,Nintendo 3DS | Nintendo Entertainment System | Wii | Wii U,4.0,128.0,True,pre2005
1990,1,1070,Super Mario World,Main Game,Adventure | Platform,Action | Fantasy,Multiplayer | Single player,Arcade | New Nintendo 3DS | Super Famicom | Super Nintendo Entertainment System | Wii | Wii U,5.5,5968.0,True,pre2005
1990,2,60,The Secret of Monkey Island,Main Game,Adventure | Point-and-click | Puzzle,Comedy | Historical,Single player,Amiga | Atari ST/STE | DOS | FM Towns | Mac | Sega CD,5.5,1474.0,True,pre2005
1990,3,3476,Dr. Mario,Main Game,Puzzle | Strategy,Fantasy | Science fiction,Multiplayer | Single player | Split screen,Arcade | Family Computer | Nintendo Entertainment System | Wii U,4.0,618.0,True,pre2005
1990,4,1716,Mega Man 3,Main Game,Platform | Shooter,Action | Science fiction,Single player,Arcade | Family Computer | Nintendo 3DS | Nintendo Entertainment System | Wii | Wii U,5.5,600.0,True,pre2005
1990,5,3490,F-Zero,Main Game,Racing,Action | Science fiction,Single player,Arcade | New Nintendo 3DS | Satellaview | Super Famicom | Super Nintendo Entertainment System | Wii | Wii U,2.0,568.0,True,pre2005
1990,6,6490,Disney's Chip 'n Dale Rescue Rangers,Main Game,Adventure | Platform,Action | Comedy,Co-operative | Multiplayer | Single player,Arcade | Family Computer | Nintendo Entertainment System,5.5,405.0,True,pre2005
1990,7,377,Metal Gear 2: Solid Snake,Main Game,Adventure | Shooter | Tactical,Action | Stealth | Survival,Single player,MSX2 | Wii,5.5,315.0,True,pre2005
1990,8,5421,Microsoft Minesweeper,Main Game,Puzzle,,Single player,PC (Microsoft Windows),4.5,291.0,True,pre2005
1990,9,191,Loom,Main Game,Adventure | Point-and-click | Puzzle | Simulator | Strategy,Fantasy | Historical,Single player,Amiga | Atari ST/STE | DOS | FM Towns | Linux | Mac | PC (Microsoft Windows) | Turbografx-16/PC Engine CD,4.0,282.0,True,pre2005
1990,10,8122,Castle of Illusion Starring Mickey Mouse,Main Game,Platform,Action | Comedy | Fantasy | Kids,Single player,Sega Mega Drive/Genesis | Sega Saturn,5.5,238.0,True,pre2005
1990,11,6468,ActRaiser,Main Game,Platform | Simulator | Strategy,Action | Fantasy,Single player,Arcade | Satellaview | Super Famicom | Super Nintendo Entertainment System | Wii | Wii U,4.0,210.0,True,pre2005
1990,12,8177,Microsoft Solitaire,Main Game,Card & Board Game,,Single player,PC (Microsoft Windows),1.0,195.0,True,pre2005
1990,13,15540,Ninja Gaiden II: The Dark Sword of Chaos,Main Game,Adventure | Arcade | Hack and slash/Beat 'em up | Platform,Action,Single player,Arcade | Family Computer | Nintendo 3DS | Nintendo Entertainment System | Wii | Wii U,5.5,174.0,True,pre2005
1990,14,4446,Columns,Main Game,Puzzle | Strategy,Educational | Fantasy,Multiplayer | Single player | Split screen,Arcade | FM Towns | Linux | Mac | PC (Microsoft Windows) | Sega Mega Drive/Genesis | Sharp X68000 | Super Famicom | TurboGrafx-16/PC Engine | Wii,4.0,168.0,True,pre2005
1990,15,18139,Michael Jackson's Moonwalker,Main Game,Hack and slash/Beat 'em up | Platform,Action | Science fiction,Co-operative | Multiplayer | Single player,Amiga | Amstrad CPC | Atari ST/STE | Commodore C64/128/MAX | DOS | MSX | Sega Mega Drive/Genesis | ZX Spectrum,5.5,156.0,True,pre2005
1991,1,1026,The Legend of Zelda: A Link to the Past,Main Game,Adventure | Puzzle,Action | Fantasy,Single player,New Nintendo 3DS | Satellaview | Super Famicom | Super Nintendo Entertainment System | Wii | Wii U,5.5,5065.0,True,pre2005
1991,2,3192,Sonic the Hedgehog,Main Game,Platform,Action | Fantasy | Science fiction,Single player,Arcade | PC (Microsoft Windows) | PlayStation 3 | Sega Mega Drive/Genesis | Wii | Xbox 360 | iOS,5.5,1871.0,True,pre2005
1991,3,61,Monkey Island 2: LeChuck's Revenge,Main Game,Adventure | Point-and-click | Puzzle,Action | Comedy | Historical,Single player,Amiga | DOS | Mac,5.5,1761.0,True,pre2005
1991,4,3186,Street Fighter II,Main Game,Arcade | Fighting,Action | Science fiction,Multiplayer | Single player,Arcade,5.5,1122.0,True,pre2005
1991,5,902,Sid Meier's Civilization,Main Game,Strategy | Turn-based strategy (TBS),"4X (explore, expand, exploit, and exterminate) | Historical",Single player,Amiga | Atari ST/STE | DOS | Mac | PC (Microsoft Windows) | PC-9800 Series,2.0,780.0,True,pre2005
1991,6,1652,Streets of Rage,Main Game,Hack and slash/Beat 'em up,Action | Science fiction,Co-operative | Multiplayer | Single player,Android | Arcade | Linux | Mac | PC (Microsoft Windows) | Sega Mega Drive/Genesis | Wii | iOS,5.5,642.0,True,pre2005
1991,7,4348,Out of This World,Main Game,Adventure | Platform,Action | Science fiction,Single player,Amiga | Atari ST/STE | Game Boy Advance,5.5,597.0,True,pre2005
1991,8,16587,Final Fantasy IV,Main Game,Adventure | Role-playing (RPG),Fantasy,Single player,New Nintendo 3DS | Super Famicom | Wii | Wii U,5.5,594.0,True,pre2005
1991,9,4239,Lemmings,Main Game,Puzzle,Action | Comedy,Multiplayer | Single player | Split screen,Acorn Archimedes | Amiga | Amiga CD32 | Commodore CDTV,5.5,492.0,True,pre2005
1991,10,2970,Battletoads,Main Game,Hack and slash/Beat 'em up | Platform,Action | Comedy | Science fiction,Co-operative | Multiplayer | Single player,Amiga | Amiga CD32 | Family Computer | Nintendo Entertainment System | Sega Game Gear,5.5,447.0,True,pre2005
1991,11,1717,Mega Man 4,Main Game,Platform | Shooter,Action | Science fiction,Single player,Family Computer | Nintendo 3DS | Nintendo Entertainment System | Wii | Wii U,5.5,402.0,True,pre2005
1991,12,1102,Metroid II: Return of Samus,Main Game,Adventure | Platform | Shooter,Action | Science fiction,Single player,Game Boy | Nintendo 3DS,5.5,280.0,True,pre2005
1991,13,6621,Super Ghouls'n Ghosts,Main Game,Adventure | Platform,Action | Fantasy | Horror,Single player,New Nintendo 3DS | Super Famicom | Super Nintendo Entertainment System | Web browser | Wii | Wii U,5.5,280.0,True,pre2005
1991,14,4370,Sunset Riders,Main Game,Arcade | Shooter,Action | Historical,Co-operative | Multiplayer | Single player,Arcade,5.5,279.0,True,pre2005
1991,15,14731,Teenage Mutant Ninja Turtles III: The Manhattan Project,Main Game,Adventure | Arcade | Hack and slash/Beat 'em up,Action | Fantasy,Co-operative | Multiplayer | Single player,Family Computer | Nintendo Entertainment System,5.5,240.0,True,pre2005
1992,1,4438,Sonic the Hedgehog 2,Main Game,Platform,Action | Science fiction,Co-operative | Multiplayer | Single player | Split screen,Nintendo 3DS | PC (Microsoft Windows) | PlayStation 3 | Sega Mega Drive/Genesis | Wii | Wii U | Xbox 360,5.5,1823.0,True,pre2005
1992,2,2332,Super Mario Kart,Main Game,Arcade | Racing,Fantasy | Party,Multiplayer | Single player | Split screen,New Nintendo 3DS | Super Famicom | Super Nintendo Entertainment System | Wii | Wii U,4.0,1360.0,True,pre2005
1992,3,184,Indiana Jones and the Fate of Atlantis,Main Game,Adventure | Point-and-click | Puzzle,Action | Comedy | Fantasy | Historical | Thriller,Single player,Amiga | DOS | Linux | Mac | PC (Microsoft Windows),5.5,1266.0,True,pre2005
1992,4,1618,Mortal Kombat,Main Game,Fighting,Action,Multiplayer | Single player,Amiga | Arcade | DOS,5.5,882.0,True,pre2005
1992,5,1071,Super Mario Land 2: 6 Golden Coins,Main Game,Platform,Action,Single player,Game Boy | Nintendo 3DS,5.5,618.0,True,pre2005
1992,6,1653,Streets of Rage 2,Main Game,Arcade | Hack and slash/Beat 'em up,Action,Co-operative | Multiplayer | Single player,Android | Arcade | Linux | Mac | PC (Microsoft Windows) | PlayStation 3 | Sega Mega Drive/Genesis | Wii | Xbox 360 | iOS,5.5,601.0,True,pre2005
1992,7,1063,Kirby's Dream Land,Main Game,Platform,Action | Fantasy | Kids,Single player,Game Boy | Nintendo 3DS,5.5,549.0,True,pre2005
1992,8,419,Final Fantasy V,Main Game,Adventure | Role-playing (RPG),Action | Fantasy | Open world,Single player,Super Famicom | Wii,5.5,396.0,True,pre2005
1992,9,6351,Contra III: The Alien Wars,Main Game,Adventure | Shooter,Action | Science fiction,Co-operative | Multiplayer | Single player | Split screen,Arcade | New Nintendo 3DS | Super Famicom | Super Nintendo Entertainment System | Wii | Wii U,5.5,378.0,True,pre2005
1992,10,4275,Flashback: The Quest for Identity,Main Game,Adventure | Platform,Action | Science fiction,Single player,3DO Interactive Multiplayer | Acorn Archimedes | Amiga | Atari Jaguar | DOS | Mac | Philips CD-i | Sega CD | Sega Mega Drive/Genesis | Super Nintendo Entertainment System,5.5,339.0,True,pre2005
1992,11,86,Dune II: The Building of a Dynasty,Main Game,Real Time Strategy (RTS) | Strategy,Science fiction,Single player,Acorn Archimedes | Amiga | DOS | Sega Mega Drive/Genesis,2.0,327.0,True,pre2005
1992,12,1718,Mega Man 5,Main Game,Platform | Shooter,Action | Science fiction,Single player,Family Computer | Nintendo 3DS | Nintendo Entertainment System | Wii | Wii U,5.5,315.0,True,pre2005
1992,13,5378,Ecco the Dolphin,Main Game,Adventure,Action | Science fiction,Single player,Linux | Mac | PC (Microsoft Windows) | Sega CD | Sega Mega Drive/Genesis | Wii | Xbox 360 | iOS,5.5,265.0,True,pre2005
1992,14,1956,Alone in the Dark,Main Game,Adventure | Puzzle,Action | Fantasy | Historical | Horror | Survival,Single player,3DO Interactive Multiplayer | Acorn Archimedes | DOS | FM Towns | Mac | PC (Microsoft Windows) | PC-9800 Series,5.5,253.0,True,pre2005
1992,15,8203,Mario Paint,Main Game,Music | Puzzle | Simulator,Educational | Kids,Single player,Super Famicom | Super Nintendo Entertainment System,3.0,207.0,True,pre2005
1993,1,673,Doom,Main Game,Shooter,Action | Horror | Science fiction,Co-operative | Multiplayer | Single player,DOS | Linux | PC-9800 Series | Windows Mobile,5.5,2976.0,True,pre2005
1993,2,193,Day of the Tentacle,Main Game,Adventure | Point-and-click,Comedy | Fantasy | Historical | Science fiction,Single player,Amiga | DOS | Mac,5.5,1377.0,True,pre2005
1993,3,1741,Mega Man X,Main Game,Adventure | Platform | Shooter,Action | Science fiction,Single player,DOS | New Nintendo 3DS | Nintendo 3DS | Super Famicom | Super Nintendo Entertainment System | Wii | Wii U | iOS,5.5,883.0,True,pre2005
1993,4,1028,The Legend of Zelda: Link's Awakening,Main Game,Adventure | Puzzle,Action | Fantasy,Single player,Game Boy,5.5,693.0,True,pre2005
1993,5,3216,Secret of Mana,Main Game,Adventure | Role-playing (RPG),Action | Fantasy | Open world,Co-operative | Multiplayer | Single player,Android | Super Famicom | Super NES CD-ROM System | Super Nintendo Entertainment System | Wii | Wii U | iOS,5.5,639.0,True,pre2005
1993,6,330,SimCity 2000,Main Game,Simulator | Strategy,Business | Sandbox,Single player,Amiga | DOS | FM Towns | Game Boy Advance | Legacy Computer | Mac | PC (Microsoft Windows) | PC-9800 Series | PlayStation | PlayStation 3 | PlayStation Portable | Sega Saturn | Super Famicom | Super Nintendo Entertainment System | Windows Mobile,1.0,626.0,True,pre2005
1993,7,3717,Kirby's Adventure,Main Game,Platform,Action | Fantasy | Kids,Single player,Family Computer | Nintendo Entertainment System | Wii | Wii U,5.5,592.0,True,pre2005
1993,8,2473,Disney's Aladdin,Main Game,Adventure | Arcade | Platform,Action,Single player,Game Boy Advance | Mac | PC (Microsoft Windows) | Super Famicom | Super Nintendo Entertainment System,5.5,576.0,True,pre2005
1993,9,8118,Disney's Aladdin,Main Game,Platform,Action | Comedy | Fantasy,Single player,Amiga | DOS | Linux | Mac | PC (Microsoft Windows) | Sega Mega Drive/Genesis,5.5,571.0,True,pre2005
1993,10,236,Myst,Main Game,Adventure | Point-and-click | Puzzle,Fantasy | Mystery | Science fiction,Single player,3DO Interactive Multiplayer | Amiga | Atari 2600 | Atari Jaguar CD | LaserActive | Mac | PC (Microsoft Windows) | Philips CD-i | PlayStation | PlayStation 3 | PlayStation Portable | Sega Saturn | Windows Mobile | Windows Phone,5.5,565.0,True,pre2005
1993,11,5452,Sonic CD,Main Game,Platform,Action | Science fiction,Single player,PC (Microsoft Windows) | Sega CD,5.5,511.0,True,pre2005
1993,12,8581,Star Fox,Main Game,Shooter,Action | Science fiction,Single player,Super Famicom | Super Nintendo Entertainment System,5.5,499.0,True,pre2005
1993,13,202,Sam & Max Hit the Road,Main Game,Adventure | Point-and-click | Puzzle,Comedy | Science fiction,Single player,DOS | Linux | Mac | PC (Microsoft Windows),5.5,474.0,True,pre2005
1993,14,2162,Zombies Ate My Neighbors,Main Game,Hack and slash/Beat 'em up | Shooter,Action | Comedy | Horror | Science fiction,Co-operative | Multiplayer | Single player,Sega Mega Drive/Genesis | Super Nintendo Entertainment System | Wii,5.5,315.0,True,pre2005
1993,15,1139,Castlevania: Rondo of Blood,Main Game,Adventure | Hack and slash/Beat 'em up | Platform,Action | Horror,Single player,PlayStation Portable | Turbografx-16/PC Engine CD | Wii,5.5,312.0,True,pre2005
1994,1,1103,Super Metroid,Main Game,Adventure | Platform | Shooter,Action | Science fiction | Thriller,Single player,New Nintendo 3DS | Super Famicom | Super Nintendo Entertainment System | Wii | Wii U,5.5,3157.0,True,pre2005
1994,2,426,Final Fantasy III,Main Game,Adventure | Role-playing (RPG),Fantasy | Open world | Sandbox,Single player,New Nintendo 3DS | Super Famicom | Super Nintendo Entertainment System | Wii | Wii U,5.5,2266.0,True,pre2005
1994,3,1090,Donkey Kong Country,Main Game,Platform,Action,Co-operative | Multiplayer | Single player,New Nintendo 3DS | Super Famicom | Super Nintendo Entertainment System | Wii | Wii U,5.5,1795.0,True,pre2005
1994,4,2899,EarthBound,Main Game,Adventure | Role-playing (RPG) | Turn-based strategy (TBS),Action | Drama | Fantasy | Science fiction,Single player,Game Boy Advance | New Nintendo 3DS | Super Famicom | Super Nintendo Entertainment System | Wii U,4.0,1695.0,True,pre2005
1994,5,312,Doom II: Hell on Earth,Main Game,Shooter,Action | Horror | Science fiction,Co-operative | Multiplayer | Single player,DOS | Mac | PC (Microsoft Windows) | PC-9800 Series | Tapwave Zodiac,5.5,1589.0,True,pre2005
1994,6,1619,Mortal Kombat II,Main Game,Arcade | Fighting,Action | Fantasy | Horror,Multiplayer | Single player,Amiga | Arcade | DOS | PlayStation | PlayStation 3 | Sega 32X | Sega Mega Drive/Genesis | Sega Saturn | Super Nintendo Entertainment System,5.5,987.0,True,pre2005
1994,7,6797,Sonic the Hedgehog 3,Main Game,Adventure | Platform,Action,Co-operative | Multiplayer | Single player | Split screen,Sega Mega Drive/Genesis | Wii | Xbox 360,5.5,855.0,True,pre2005
1994,8,3166,The Lion King,Main Game,Platform | Puzzle,Action | Kids,Single player,Amiga | DOS | Linux | Mac | PC (Microsoft Windows) | Sega Mega Drive/Genesis | Super Famicom | Super Nintendo Entertainment System,5.5,736.0,True,pre2005
1994,9,3480,Earthworm Jim,Main Game,Platform | Shooter,Action | Comedy | Science fiction,Single player,Sega Mega Drive/Genesis | Wii,5.5,668.0,True,pre2005
1994,10,129,Warcraft: Orcs & Humans,Main Game,Real Time Strategy (RTS) | Strategy,Fantasy,Multiplayer | Single player,DOS | Mac | PC (Microsoft Windows) | PC-9800 Series,2.0,516.0,True,pre2005
1994,11,1742,Mega Man X2,Main Game,Platform | Shooter,Action | Science fiction,Single player,New Nintendo 3DS | Nintendo 3DS | Super Famicom | Super Nintendo Entertainment System | Wii | Wii U,5.5,465.0,True,pre2005
1994,12,1242,Tekken,Main Game,Fighting,Action,Multiplayer | Single player,Arcade,5.5,409.0,True,pre2005
1994,13,24,X-COM: UFO Defense,Main Game,Strategy | Tactical | Turn-based strategy (TBS),Horror | Science fiction | Warfare,Single player,Amiga | Amiga CD32 | DOS | PC (Microsoft Windows) | PlayStation,2.0,404.0,True,pre2005
1994,14,1072,Wario Land: Super Mario Land 3,Main Game,Platform,Action,Single player,Game Boy | Nintendo 3DS,5.5,378.0,True,pre2005
1994,15,2907,Killer Instinct,Main Game,Fighting,Action | Fantasy | Science fiction,Multiplayer | Single player,Arcade,5.5,336.0,True,pre2005
1995,1,1802,Chrono Trigger,Main Game,Role-playing (RPG),Fantasy | Open world | Science fiction,Single player,Satellaview | Super Famicom | Super Nintendo Entertainment System | Wii,5.5,4102.0,True,pre2005
1995,2,1073,Super Mario World 2: Yoshi's Island,Main Game,Platform,Action | Fantasy | Kids,Multiplayer | Single player,Satellaview | Super Famicom | Super Nintendo Entertainment System,5.5,2134.0,True,pre2005
1995,3,1092,Donkey Kong Country 2: Diddy's Kong Quest,Main Game,Platform,Action | Comedy | Fantasy,Multiplayer | Single player,New Nintendo 3DS | Super Famicom | Super Nintendo Entertainment System | Wii | Wii U,5.5,1467.0,True,pre2005
1995,4,130,Warcraft II: Tides of Darkness,Main Game,Real Time Strategy (RTS) | Strategy,Fantasy,Multiplayer | Single player,DOS | Mac,2.0,1153.0,True,pre2005
1995,5,647,Command & Conquer,Main Game,Real Time Strategy (RTS) | Strategy,Science fiction | Warfare,Multiplayer | Single player,DOS | Mac | Nintendo 64 | PC (Microsoft Windows) | PlayStation | Sega Saturn,2.0,1005.0,True,pre2005
1995,6,1620,Mortal Kombat 3,Main Game,Fighting,Action,Multiplayer | Single player,Arcade | DOS | PC (Microsoft Windows) | PlayStation | Sega Mega Drive/Genesis | Super Nintendo Entertainment System,5.5,694.0,True,pre2005
1995,7,1963,Rayman,Main Game,Adventure | Platform,Action,Single player,PlayStation | PlayStation 3 | PlayStation Portable | Sega Saturn,5.5,662.0,True,pre2005
1995,8,9331,Worms,Main Game,Strategy,Action | Comedy | Warfare,Multiplayer | Single player,Amiga | Amiga CD32 | Atari Jaguar | DOS | Mac | PC (Microsoft Windows) | PlayStation | PlayStation 4 | PlayStation 5 | PlayStation Portable | Sega Mega Drive/Genesis | Sega Saturn | Super Nintendo Entertainment System,2.0,629.0,True,pre2005
1995,9,1243,Tekken 2,Main Game,Fighting,Action,Multiplayer | Single player,Arcade,5.5,595.0,True,pre2005
1995,10,180,Full Throttle,Main Game,Adventure | Point-and-click | Puzzle,Comedy | Science fiction,Single player,DOS | Mac | PC (Microsoft Windows),5.5,553.0,True,pre2005
1995,11,157,Star Wars: Dark Forces,Main Game,Shooter,Action | Science fiction,Single player,DOS | Mac | PC (Microsoft Windows) | PlayStation | PlayStation 3 | PlayStation Portable,5.5,495.0,True,pre2005
1995,12,3071,Comix Zone,Main Game,Arcade | Hack and slash/Beat 'em up | Puzzle,Action | Comedy,Single player,Android | Game Boy Advance | Linux | Mac | PC (Microsoft Windows) | PlayStation 3 | Sega Mega Drive/Genesis | Wii | Xbox 360,5.5,408.0,True,pre2005
1995,13,1743,Mega Man X3,Main Game,Adventure | Platform | Shooter,Action | Science fiction,Single player,Legacy Mobile Device | New Nintendo 3DS | Super Famicom | Super Nintendo Entertainment System | Wii U,5.5,381.0,True,pre2005
1995,14,207,The Dig,Main Game,Adventure | Point-and-click | Puzzle,Science fiction,Single player,DOS | Linux | Mac | PC (Microsoft Windows),5.5,355.0,True,pre2005
1995,15,3481,Earthworm Jim 2,Main Game,Platform | Shooter,Action | Comedy | Science fiction,Single player,Sega Mega Drive/Genesis | Wii,5.5,354.0,True,pre2005
1996,1,1074,Super Mario 64,Main Game,Adventure | Platform,Action | Fantasy | Open world,Single player,Nintendo 64 | Wii | Wii U,5.5,6115.0,True,pre2005
1996,2,1185,Crash Bandicoot,Main Game,Platform,Action | Science fiction,Single player,Android | PlayStation | PlayStation 3 | PlayStation Portable | PlayStation Vita,5.5,2110.0,True,pre2005
1996,3,2342,Mario Kart 64,Main Game,Arcade | Racing,Action | Kids | Party,Multiplayer | Single player | Split screen,Nintendo 64 | Wii | Wii U,4.0,1804.0,True,pre2005
1996,4,1561,Pokémon Red Version,Main Game,Adventure | Role-playing (RPG) | Turn-based strategy (TBS),Action | Fantasy | Kids | Open world,Multiplayer | Single player,Game Boy | Nintendo 3DS,4.0,1786.0,True,pre2005
1996,5,125,Diablo,Main Game,Role-playing (RPG) | Strategy,Action | Fantasy | Historical | Horror,Co-operative | Multiplayer | Single player,Mac | PC (Microsoft Windows) | PlayStation,4.0,1785.0,True,pre2005
1996,6,1511,Pokémon Blue Version,Main Game,Adventure | Role-playing (RPG) | Turn-based strategy (TBS),Fantasy | Kids | Open world,Multiplayer | Single player,Game Boy | Nintendo 3DS,4.0,1446.0,True,pre2005
1996,7,912,Tomb Raider,Main Game,Adventure | Platform | Puzzle | Shooter,Action | Sandbox | Survival,Single player,DOS | Nintendo 64 | PC (Microsoft Windows) | PlayStation | PlayStation 3 | PlayStation Portable | Sega Saturn,5.5,1417.0,True,pre2005
1996,8,342,Duke Nukem 3D,Main Game,Puzzle | Shooter,Action | Comedy | Science fiction,Multiplayer | Single player,DOS | Mac | PC (Microsoft Windows),5.5,1342.0,True,pre2005
1996,9,424,Resident Evil,Main Game,Adventure | Puzzle | Shooter,Action | Horror | Survival,Single player,PlayStation,5.5,1323.0,True,pre2005
1996,10,333,Quake,Main Game,Shooter,Action | Horror | Science fiction,Co-operative | Multiplayer | Single player,Amiga | DOS | Legacy Mobile Device | Linux | Mac | PC (Microsoft Windows) | Sega Saturn | Zeebo,5.5,1188.0,True,pre2005
1996,11,295,Command & Conquer: Red Alert,Main Game,Real Time Strategy (RTS) | Strategy,Historical | Science fiction | Warfare,Multiplayer | Single player,DOS | PC (Microsoft Windows) | PlayStation | PlayStation 3 | PlayStation Portable,2.0,1098.0,True,pre2005
1996,12,1404,Metal Slug,Main Game,Arcade | Platform | Shooter,Action | Comedy,Co-operative | Multiplayer | Single player,Android | Arcade | Linux | Mac | Neo Geo AES | Neo Geo CD | PC (Microsoft Windows) | PlayStation 3 | PlayStation Portable | Wii | iOS,5.5,834.0,True,pre2005
1996,13,1094,Donkey Kong Country 3: Dixie Kong's Double Trouble!,Main Game,Platform,Action,Multiplayer | Single player,New Nintendo 3DS | Super Famicom | Super Nintendo Entertainment System | Wii | Wii U,5.5,732.0,True,pre2005
1996,14,5418,Super Mario RPG: Legend of the Seven Stars,Main Game,Adventure | Role-playing (RPG),Action | Comedy | Fantasy | Kids,Single player,Super Famicom | Super Nintendo Entertainment System | Wii | Wii U,5.5,700.0,True,pre2005
1996,15,616,Circle of Blood,Main Game,Adventure | Point-and-click | Puzzle,Fantasy | Historical | Mystery | Thriller,Single player,DOS | Mac | PC (Microsoft Windows) | PlayStation,5.5,572.0,True,pre2005
1997,1,1128,Castlevania: Symphony of the Night,Main Game,Adventure | Platform | Role-playing (RPG),Action | Horror | Open world,Single player,PlayStation | PlayStation 3 | PlayStation Portable | Xbox 360,5.5,2490.0,True,pre2005
1997,2,289,Age of Empires,Main Game,Strategy,Historical | Warfare,Multiplayer | Single player,Mac | PC (Microsoft Windows),2.0,2034.0,True,pre2005
1997,3,13,Fallout: A Post Nuclear Role Playing Game,Main Game,Role-playing (RPG),Open world | Science fiction | Stealth | Survival,Single player,DOS | Linux | Mac | OnLive Game System | PC (Microsoft Windows),5.5,1947.0,True,pre2005
1997,4,1244,Tekken 3,Main Game,Arcade | Fighting,Action,Multiplayer | Single player,Arcade,5.5,1662.0,True,pre2005
1997,5,1186,Crash Bandicoot 2: Cortex Strikes Back,Main Game,Adventure | Platform,Action | Comedy | Fantasy | Science fiction,Single player,Android | PlayStation | PlayStation 3 | PlayStation Portable,5.5,1596.0,True,pre2005
1997,6,980,Grand Theft Auto,Main Game,Adventure | Racing | Shooter,Action | Open world | Sandbox,Multiplayer | Single player,DOS | Nintendo 64 | PC (Microsoft Windows) | PlayStation,4.0,1477.0,True,pre2005
1997,7,1638,GoldenEye 007,Main Game,Shooter,Action | Stealth,Multiplayer | Single player | Split screen,Nintendo 64,5.5,1251.0,True,pre2005
1997,8,286,Quake II,Main Game,Shooter,Action | Horror | Science fiction,Co-operative | Multiplayer | Single player,Amiga | Linux | Mac | PC (Microsoft Windows) | PlayStation | Xbox 360 | Zeebo,5.5,984.0,True,pre2005
1997,9,1156,Tomb Raider II,Main Game,Adventure | Platform | Puzzle | Shooter,Action,Single player,Mac | PC (Microsoft Windows) | PlayStation | PlayStation 3 | PlayStation Portable,5.5,972.0,True,pre2005
1997,10,62,The Curse of Monkey Island,Main Game,Adventure | Point-and-click | Puzzle,Comedy | Fantasy | Historical,Single player,Mac | PC (Microsoft Windows),5.5,963.0,True,pre2005
1997,11,1594,Gran Turismo,Main Game,Racing | Simulator,Non-fiction,Multiplayer | Single player | Split screen,PlayStation,1.0,873.0,True,pre2005
1997,12,2591,Star Fox 64,Main Game,Shooter,Action | Science fiction,Multiplayer | Single player | Split screen,Nintendo 64 | Wii | Wii U,5.5,835.0,True,pre2005
1997,13,999,Oddworld: Abe's Oddysee,Main Game,Adventure | Platform | Puzzle,Action | Comedy | Science fiction | Stealth,Multiplayer | Single player,DOS | OnLive Game System | PC (Microsoft Windows) | PlayStation | PlayStation 3 | PlayStation Portable,5.5,753.0,True,pre2005
1997,14,1624,Theme Hospital,Main Game,Real Time Strategy (RTS) | Simulator | Strategy,Business | Comedy,Multiplayer | Single player,DOS | PC (Microsoft Windows),2.0,665.0,True,pre2005
1997,15,1622,Mortal Kombat 4,Main Game,Fighting,Action,Co-operative | Multiplayer | Single player,Arcade | Dreamcast | Nintendo 64 | PC (Microsoft Windows) | PlayStation,5.5,624.0,True,pre2005
1998,1,231,Half-Life,Main Game,Adventure | Puzzle | Shooter,Action | Horror | Science fiction | Thriller | Warfare,Multiplayer | Single player,Linux | Mac | PC (Microsoft Windows),5.5,8575.0,True,pre2005
1998,2,1029,The Legend of Zelda: Ocarina of Time,Main Game,Adventure | Puzzle,Action | Fantasy | Open world | Sandbox,Single player,64DD | Nintendo 64 | Wii | Wii U,5.5,6336.0,True,pre2005
1998,3,375,Metal Gear Solid,Main Game,Adventure | Shooter | Tactical,Action | Science fiction | Stealth | Survival,Single player,PlayStation | PlayStation 3 | PlayStation Portable,5.5,5041.0,True,pre2005
1998,4,230,StarCraft,Main Game,Real Time Strategy (RTS) | Strategy,Science fiction | Warfare,Multiplayer | Single player,Mac | PC (Microsoft Windows),2.0,3693.0,True,pre2005
1998,5,14,Fallout 2,Main Game,Puzzle | Role-playing (RPG),Comedy | Open world | Science fiction | Stealth | Survival,Single player,Mac | PC (Microsoft Windows),5.5,2646.0,True,pre2005
1998,6,880,Resident Evil 2,Main Game,Adventure | Puzzle | Shooter,Action | Horror | Science fiction | Survival,Single player,Dreamcast | Nintendo GameCube | PC (Microsoft Windows) | PlayStation | PlayStation 3 | PlayStation Portable,5.5,1751.0,True,pre2005
1998,7,1187,Crash Bandicoot: Warped,Main Game,Adventure | Platform,Action | Fantasy | Historical | Science fiction,Single player,PlayStation | PlayStation 3 | PlayStation Portable,5.5,1683.0,True,pre2005
1998,8,181,Grim Fandango,Main Game,Adventure | Point-and-click | Puzzle,Comedy,Single player,PC (Microsoft Windows),5.5,1161.0,True,pre2005
1998,9,2148,Banjo-Kazooie,Main Game,Adventure | Platform | Quiz/Trivia,Action | Comedy | Fantasy,Single player,Nintendo 64,4.0,1092.0,True,pre2005
1998,10,1576,Spyro the Dragon,Main Game,Adventure | Platform,Action,Single player,PlayStation | PlayStation 3 | PlayStation Portable,5.5,1074.0,True,pre2005
1998,11,5,Baldur's Gate,Main Game,Role-playing (RPG),Fantasy | Open world,Co-operative | Single player,Linux | Mac | PC (Microsoft Windows) | iOS,5.5,1041.0,True,pre2005
1998,12,92,Need for Speed III: Hot Pursuit,Main Game,Racing,Action,Multiplayer | Single player,PC (Microsoft Windows) | PlayStation,2.0,810.0,True,pre2005
1998,13,879,Commandos: Behind Enemy Lines,Main Game,Puzzle | Strategy | Tactical,Action | Historical | Stealth | Warfare,Co-operative | Multiplayer | Single player,PC (Microsoft Windows),4.0,666.0,True,pre2005
1998,14,7860,Sonic Adventure,Main Game,Adventure | Platform,Action | Fantasy | Kids | Science fiction,Single player,Dreamcast,5.5,630.0,True,pre2005
1998,15,1157,Tomb Raider III: Adventures of Lara Croft,Main Game,Adventure | Puzzle | Shooter,Action,Single player,Mac | PC (Microsoft Windows) | PlayStation | PlayStation 3 | PlayStation Portable,5.5,555.0,True,pre2005
1999,1,327,Age of Empires II: The Age of Kings,Main Game,Real Time Strategy (RTS) | Strategy,Historical | Warfare,Multiplayer | Single player,Dreamcast | Mac | PC (Microsoft Windows) | PlayStation 2,2.0,3048.0,True,pre2005
1999,2,364,Heroes of Might and Magic III: The Restoration of Erathia,Main Game,Role-playing (RPG) | Strategy | Turn-based strategy (TBS),Fantasy,Multiplayer | Single player,Linux | Mac | PC (Microsoft Windows),4.0,2140.0,True,pre2005
1999,3,480,Silent Hill,Main Game,Adventure | Puzzle,Action | Horror | Survival,Single player,PlayStation | PlayStation 3 | PlayStation Portable,5.5,1723.0,True,pre2005
1999,4,819,Grand Theft Auto 2,Main Game,Racing | Shooter,Action | Open world,Multiplayer | Single player,Dreamcast | PC (Microsoft Windows),4.0,1627.0,True,pre2005
1999,5,425,Final Fantasy VIII,Main Game,Adventure | Card & Board Game | Role-playing (RPG),Fantasy | Open world | Science fiction,Single player,PlayStation | PlayStation 3 | PlayStation Portable,4.0,1549.0,True,pre2005
1999,6,1626,Super Smash Bros.,Main Game,Fighting | Platform,Action | Party,Co-operative | Multiplayer | Single player | Split screen,Nintendo 64 | Wii,5.5,1408.0,True,pre2005
1999,7,966,Resident Evil 3: Nemesis,Main Game,Adventure | Shooter,Action | Horror | Survival,Single player,Dreamcast | Nintendo GameCube | PC (Microsoft Windows) | PlayStation | PlayStation 3 | PlayStation Portable,5.5,1344.0,True,pre2005
1999,8,1192,Crash Team Racing,Main Game,Racing,Action | Comedy | Fantasy | Science fiction,Multiplayer | Single player | Split screen,PlayStation | PlayStation 3 | PlayStation Portable,2.0,1317.0,True,pre2005
1999,9,1513,Pokémon Silver Version,Main Game,Adventure | Role-playing (RPG) | Turn-based strategy (TBS),Action | Fantasy | Kids,Multiplayer | Single player,Game Boy Color | Nintendo 3DS,4.0,1268.0,True,pre2005
1999,10,355,Quake III Arena,Main Game,Shooter,Action | Science fiction,Multiplayer | Single player,Dreamcast | Linux | Mac | PC (Microsoft Windows) | PlayStation 2 | Xbox 360,5.5,1254.0,True,pre2005
1999,11,832,Planescape: Torment,Main Game,Puzzle | Role-playing (RPG) | Strategy,Drama | Fantasy | Open world,Single player,Linux | Mac | PC (Microsoft Windows) | iOS,4.0,1246.0,True,pre2005
1999,12,1558,Pokémon Gold Version,Main Game,Adventure | Role-playing (RPG) | Turn-based strategy (TBS),Action | Fantasy | Kids,Multiplayer | Single player,Game Boy Color | Nintendo 3DS,4.0,1190.0,True,pre2005
1999,13,22,System Shock 2,Main Game,Role-playing (RPG) | Shooter,Action | Horror | Science fiction | Stealth | Survival,Co-operative | Single player,Linux | Mac | PC (Microsoft Windows),5.5,1140.0,True,pre2005
1999,14,948,Worms Armageddon,Main Game,Platform | Shooter | Strategy,Action | Comedy | Party | Warfare,Co-operative | Multiplayer | Single player,Dreamcast | Nintendo 64 | PC (Microsoft Windows) | PlayStation | PlayStation 3 | PlayStation 4 | PlayStation 5 | PlayStation Portable,4.0,1086.0,True,pre2005
1999,15,2289,Pokémon Stadium,Main Game,Role-playing (RPG) | Turn-based strategy (TBS),Action | Kids | Party,Multiplayer | Single player | Split screen,Nintendo 64,4.0,867.0,True,pre2005
2000,1,126,Diablo II,Main Game,Hack and slash/Beat 'em up | Role-playing (RPG),Action | Fantasy,Co-operative | Multiplayer | Single player,Mac | PC (Microsoft Windows),5.5,4682.0,True,pre2005
2000,2,421,Final Fantasy IX,Main Game,Adventure | Role-playing (RPG),Drama | Fantasy | Open world,Single player,PlayStation | PlayStation 3 | PlayStation Portable,5.5,2844.0,True,pre2005
2000,3,1030,The Legend of Zelda: Majora's Mask,Main Game,Adventure | Puzzle,Action | Fantasy | Horror | Open world,Single player,64DD | Nintendo 64 | Wii | Wii U,5.5,2592.0,True,pre2005
2000,4,41,Deus Ex,Main Game,Adventure | Role-playing (RPG) | Shooter,Action | Mystery | Science fiction | Stealth | Thriller,Multiplayer | Single player,Linux | Mac | PC (Microsoft Windows),5.5,2498.0,True,pre2005
2000,5,241,Counter-Strike,Main Game,Shooter,Action | Warfare,Multiplayer,Linux | Mac | PC (Microsoft Windows),4.5,2267.0,True,pre2005
2000,6,6,Baldur's Gate II: Shadows of Amn,Main Game,Role-playing (RPG),Fantasy,Co-operative | Single player,Linux | Mac | PC (Microsoft Windows),5.5,1639.0,True,pre2005
2000,7,223,The Sims,Main Game,Simulator,Comedy | Fantasy | Romance | Sandbox,Single player,Linux | Mac | PC (Microsoft Windows),2.0,1546.0,True,pre2005
2000,8,245,Command & Conquer: Red Alert 2,Main Game,Real Time Strategy (RTS) | Strategy,Fantasy | Historical | Science fiction,Multiplayer | Single player,PC (Microsoft Windows),2.0,1282.0,True,pre2005
2000,9,913,Tony Hawk's Pro Skater 2,Main Game,Sport,Action,Multiplayer | Single player | Split screen,Dreamcast | Mac | PC (Microsoft Windows) | PlayStation | iOS,2.0,1246.0,True,pre2005
2000,10,1050,Hitman: Codename 47,Main Game,Adventure | Shooter | Tactical,Action | Stealth,Single player,PC (Microsoft Windows),5.5,926.0,True,pre2005
2000,11,3603,Spider-Man,Main Game,Adventure | Hack and slash/Beat 'em up,Action,Single player,Dreamcast | Mac | Nintendo 64 | PC (Microsoft Windows) | PlayStation,5.5,901.0,True,pre2005
2000,12,3340,Paper Mario,Main Game,Adventure | Role-playing (RPG),Action | Comedy | Fantasy,Single player,Nintendo 64 | Wii | Wii U,5.5,820.0,True,pre2005
2000,13,94,Need for Speed: Porsche Unleashed,Main Game,Racing | Simulator,Action,Multiplayer | Single player,PC (Microsoft Windows) | PlayStation,2.0,696.0,True,pre2005
2000,14,1578,Spyro: Year of the Dragon,Main Game,Adventure | Platform | Puzzle,Action | Comedy,Single player,PlayStation | PlayStation 3 | PlayStation Portable,5.5,643.0,True,pre2005
2000,15,1408,Metal Slug 3,Main Game,Arcade | Platform | Shooter,Action | Comedy | Science fiction,Co-operative | Multiplayer | Single player,Arcade | Neo Geo AES | Neo Geo MVS | Web browser | Wii | Xbox 360 | Xbox One,5.5,600.0,True,pre2005
2001,1,18,Max Payne,Main Game,Shooter,Action | Thriller,Single player,Android | Mac | PC (Microsoft Windows) | PlayStation 2 | PlayStation 3 | PlayStation 4 | Xbox | Xbox 360 | Xbox One | iOS,5.5,5255.0,True,pre2005
2001,2,730,Grand Theft Auto III,Main Game,Adventure | Racing | Shooter | Simulator,Action | Open world | Sandbox,Single player,Android | Mac | PC (Microsoft Windows) | PlayStation 2 | PlayStation 4 | Xbox | iOS,4.0,4772.0,True,pre2005
2001,3,481,Silent Hill 2,Main Game,Adventure | Puzzle,Drama | Horror | Mystery | Survival,Single player,PlayStation 2,5.5,3538.0,True,pre2005
2001,4,1627,Super Smash Bros. Melee,Main Game,Fighting | Platform,Action,Co-operative | Multiplayer | Single player,Nintendo GameCube,5.5,3247.0,True,pre2005
2001,5,418,Final Fantasy X,Main Game,Adventure | Role-playing (RPG),Drama | Fantasy | Romance | Science fiction,Single player,PlayStation 2,5.5,3236.0,True,pre2005
2001,6,376,Metal Gear Solid 2: Sons of Liberty,Main Game,Adventure | Shooter | Tactical,Action | Stealth,Single player,PlayStation 2,5.5,3034.0,True,pre2005
2001,7,740,Halo: Combat Evolved,Main Game,Shooter,Action | Science fiction | Warfare,Co-operative | Multiplayer | Single player | Split screen,Mac | PC (Microsoft Windows) | Xbox | Xbox 360,5.5,2736.0,True,pre2005
2001,8,281,Return to Castle Wolfenstein,Main Game,Shooter,Action | Fantasy | Historical | Horror | Science fiction | Stealth,Multiplayer | Single player,Linux | Mac | PC (Microsoft Windows) | PlayStation 2 | Xbox,5.5,1403.0,True,pre2005
2001,9,2261,Gothic,Main Game,Adventure | Role-playing (RPG),Action | Fantasy | Historical | Open world | Stealth,Single player,PC (Microsoft Windows),5.5,1315.0,True,pre2005
2001,10,134,Devil May Cry,Main Game,Adventure | Hack and slash/Beat 'em up,Action | Fantasy,Single player,PlayStation 2,5.5,1123.0,True,pre2005
2001,11,1528,Jak and Daxter: The Precursor Legacy,Main Game,Adventure | Platform | Racing,Action | Comedy | Open world | Science fiction,Single player,PlayStation 2 | PlayStation 4,4.0,973.0,True,pre2005
2001,12,7170,Ico,Main Game,Adventure | Platform | Puzzle,Action | Drama | Fantasy,Single player,PlayStation 2,5.5,887.0,True,pre2005
2001,13,341,Harry Potter and the Sorcerer's Stone,Main Game,Adventure | Platform | Puzzle,Action | Fantasy,Single player,PlayStation,5.5,868.0,True,pre2005
2001,14,914,Tony Hawk's Pro Skater 3,Main Game,Sport,Action | Non-fiction,Multiplayer,Mac | Nintendo GameCube | PC (Microsoft Windows) | PlayStation 2 | Xbox,1.0,841.0,True,pre2005
2001,15,2485,Luigi's Mansion,Main Game,Adventure,Action | Comedy | Horror,Single player,Nintendo GameCube,5.5,811.0,True,pre2005
2002,1,733,Grand Theft Auto: Vice City,Main Game,Adventure | Arcade | Racing | Shooter,Action | Comedy | Open world | Sandbox,Single player,Mac | PC (Microsoft Windows) | PlayStation 2 | PlayStation 3 | Xbox,4.0,9256.0,True,pre2005
2002,2,132,Warcraft III: Reign of Chaos,Main Game,Real Time Strategy (RTS) | Strategy,Fantasy | Warfare,Multiplayer | Single player,Mac | PC (Microsoft Windows),2.0,4906.0,True,pre2005
2002,3,39,Mafia,Main Game,Adventure | Fighting | Racing | Shooter,Action | Open world | Stealth,Single player,PC (Microsoft Windows) | PlayStation 2 | Xbox,4.0,4534.0,True,pre2005
2002,4,1033,The Legend of Zelda: The Wind Waker,Main Game,Adventure | Puzzle,Action | Fantasy,Single player,Nintendo GameCube,5.5,3124.0,True,pre2005
2002,5,1105,Metroid Prime,Main Game,Adventure | Platform | Shooter,Action | Open world | Science fiction,Single player,Nintendo GameCube,5.5,2636.0,True,pre2005
2002,6,56,The Elder Scrolls III: Morrowind,Main Game,Adventure | Role-playing (RPG),Action | Fantasy | Open world | Sandbox,Single player,PC (Microsoft Windows) | Xbox,5.5,2517.0,True,pre2005
2002,7,1219,Kingdom Hearts,Main Game,Adventure | Role-playing (RPG),Action | Comedy | Fantasy,Single player,PlayStation 2,5.5,1733.0,True,pre2005
2002,8,1075,Super Mario Sunshine,Main Game,Adventure | Platform,Action | Sandbox,Single player,Nintendo GameCube,5.5,1564.0,True,pre2005
2002,9,324,Age of Mythology,Main Game,Real Time Strategy (RTS) | Strategy,Fantasy | Historical,Multiplayer | Single player,Mac | PC (Microsoft Windows),2.0,1404.0,True,pre2005
2002,10,2262,Gothic II,Main Game,Adventure | Role-playing (RPG) | Strategy,Action | Fantasy | Horror | Open world | Stealth | Survival,Single player,PC (Microsoft Windows),4.0,1321.0,True,pre2005
2002,11,748,Hitman 2: Silent Assassin,Main Game,Shooter | Tactical,Action | Science fiction | Stealth,Single player,Nintendo GameCube | PC (Microsoft Windows) | PlayStation 2 | Xbox,5.5,1298.0,True,pre2005
2002,12,910,Tom Clancy's Splinter Cell,Main Game,Shooter | Tactical,Action | Stealth,Single player,Mac | PC (Microsoft Windows) | PlayStation 2 | Xbox,5.5,1264.0,True,pre2005
2002,13,1557,Pokémon Ruby Version,Main Game,Adventure | Role-playing (RPG) | Turn-based strategy (TBS),Action | Fantasy | Kids,Multiplayer | Single player,Game Boy Advance,4.0,1077.0,True,pre2005
2002,14,326,Medal of Honor: Allied Assault,Main Game,Shooter,Action | Historical | Warfare,Multiplayer | Single player,Linux | Mac | PC (Microsoft Windows),5.5,1018.0,True,pre2005
2002,15,152,Star Wars: Jedi Knight II - Jedi Outcast,Main Game,Adventure | Shooter,Action | Science fiction,Multiplayer | Single player,Mac | Nintendo GameCube | Nintendo Switch | PC (Microsoft Windows) | PlayStation 4 | Xbox,5.5,963.0,True,pre2005
2003,1,116,Star Wars: Knights of the Old Republic,Main Game,Adventure | Role-playing (RPG),Action | Open world | Science fiction | Stealth,Single player,Android | Mac | Nintendo Switch | PC (Microsoft Windows) | Xbox | iOS,5.5,4386.0,True,pre2005
2003,2,19,Max Payne 2: The Fall of Max Payne,Main Game,Shooter,Action | Thriller,Single player,PC (Microsoft Windows) | PlayStation 2 | PlayStation 3 | Xbox | Xbox 360,5.5,3123.0,True,pre2005
2003,3,621,Call of Duty,Main Game,Shooter,Action | Historical | Warfare,Multiplayer | Single player,Mac | PC (Microsoft Windows),5.5,2520.0,True,pre2005
2003,4,96,Need for Speed: Underground,Main Game,Racing,,Multiplayer | Single player | Split screen,Nintendo GameCube | PC (Microsoft Windows) | PlayStation 2 | Xbox,1.0,2471.0,True,pre2005
2003,5,836,Prince of Persia: The Sands of Time,Main Game,Adventure | Platform | Puzzle,Action | Fantasy,Single player,Nintendo GameCube | PC (Microsoft Windows) | PlayStation 2 | PlayStation 3 | Xbox,5.5,2299.0,True,pre2005
2003,6,153,Star Wars: Jedi Knight - Jedi Academy,Main Game,Adventure | Shooter,Action | Science fiction,Multiplayer | Single player,Mac | Nintendo Switch | PC (Microsoft Windows) | PlayStation 4 | Xbox,5.5,1271.0,True,pre2005
2003,7,482,Silent Hill 3,Main Game,Adventure | Puzzle,Action | Horror | Mystery | Science fiction | Stealth | Survival,Single player,PC (Microsoft Windows) | PlayStation 2,5.5,1257.0,True,pre2005
2003,8,1341,Beyond Good & Evil,Main Game,Adventure | Puzzle | Shooter,Action | Open world | Science fiction | Stealth,Single player,Nintendo GameCube | PC (Microsoft Windows) | PlayStation 2 | Xbox | Xbox 360,5.5,1187.0,True,pre2005
2003,9,2344,Mario Kart: Double Dash!!,Main Game,Arcade | Racing,Action | Kids,Co-operative | Multiplayer | Single player | Split screen,Nintendo GameCube,4.0,1157.0,True,pre2005
2003,10,2844,The Simpsons: Hit & Run,Main Game,Adventure | Platform | Racing,Action | Comedy | Open world,Multiplayer | Single player | Split screen,Nintendo GameCube | PC (Microsoft Windows) | PlayStation 2 | Xbox,4.0,980.0,True,pre2005
2003,11,3109,Postal 2,Main Game,Adventure | Indie | Shooter,Action | Comedy | Open world,Single player,Linux | Mac | PC (Microsoft Windows),5.5,898.0,True,pre2005
2003,12,2973,The Lord of the Rings: The Return of the King,Main Game,Adventure | Hack and slash/Beat 'em up,Action | Fantasy,Co-operative | Multiplayer | Single player,Legacy Mobile Device | Mac | Nintendo GameCube | PC (Microsoft Windows) | PlayStation 2 | Xbox,5.5,830.0,True,pre2005
2003,13,649,Command & Conquer: Generals,Main Game,Real Time Strategy (RTS) | Strategy,Action | Science fiction | Warfare,Multiplayer | Single player,Mac | PC (Microsoft Windows),2.0,741.0,True,pre2005
2003,14,1971,Manhunt,Main Game,Shooter | Tactical,Action | Horror | Stealth | Thriller,Single player,PC (Microsoft Windows) | PlayStation 2 | PlayStation 3 | PlayStation 4 | Xbox,5.5,719.0,True,pre2005
2003,15,135,Devil May Cry 2,Main Game,Adventure | Hack and slash/Beat 'em up,Action | Horror,Single player,PlayStation 2,5.5,698.0,True,pre2005
2004,1,732,Grand Theft Auto: San Andreas,Main Game,Adventure | Racing | Shooter,Action | Open world | Stealth,Co-operative | Single player,Android | Mac | PC (Microsoft Windows) | PlayStation 2 | PlayStation 3 | PlayStation 4 | Windows Phone | Xbox | Xbox 360 | iOS,4.0,11889.0,True,pre2005
2004,2,233,Half-Life 2,Main Game,Shooter,Action | Horror | Science fiction,Single player,Android | Linux | Mac | PC (Microsoft Windows) | PlayStation 3 | Xbox | Xbox 360,5.5,10117.0,True,pre2005
2004,3,379,Metal Gear Solid 3: Snake Eater,Main Game,Adventure | Shooter | Tactical,Action | Drama | Fantasy | Historical | Stealth | Survival,Single player,PlayStation 2,5.5,3762.0,True,pre2005
2004,4,123,World of Warcraft,Main Game,Adventure | Role-playing (RPG),Action | Fantasy | Open world | Warfare,Massively Multiplayer Online (MMO) | Multiplayer,Mac | PC (Microsoft Windows),4.5,2666.0,True,pre2005
2004,5,97,Need for Speed: Underground 2,Main Game,Racing,Action,Multiplayer | Single player | Split screen,Nintendo GameCube | PC (Microsoft Windows) | PlayStation 2 | Xbox,2.0,2583.0,True,pre2005
2004,6,118,Star Wars: Knights of the Old Republic II - The Sith Lords,Main Game,Adventure | Role-playing (RPG) | Strategy | Turn-based strategy (TBS),Action | Open world | Science fiction,Single player,Android | Linux | Mac | Nintendo Switch | PC (Microsoft Windows) | Xbox | iOS,4.0,2442.0,True,pre2005
2004,7,986,Halo 2,Main Game,Shooter,Action | Science fiction | Warfare,Co-operative | Multiplayer | Single player | Split screen,PC (Microsoft Windows) | Xbox | Xbox One,5.5,2049.0,True,pre2005
2004,8,11,Vampire: The Masquerade - Bloodlines,Main Game,Role-playing (RPG),Action | Fantasy | Horror | Open world | Thriller,Single player,PC (Microsoft Windows),5.5,1839.0,True,pre2005
2004,9,3349,Paper Mario: The Thousand-Year Door,Main Game,Adventure | Role-playing (RPG),Action | Comedy | Fantasy | Science fiction,Single player,Nintendo GameCube,5.5,1658.0,True,pre2005
2004,10,306,Far Cry,Main Game,Shooter,Action | Science fiction,Multiplayer | Single player,PC (Microsoft Windows),5.5,1628.0,True,pre2005
2004,11,224,The Sims 2,Main Game,Role-playing (RPG) | Simulator | Strategy,Comedy | Fantasy | Romance | Sandbox,Single player,Mac | PC (Microsoft Windows),4.0,1627.0,True,pre2005
2004,12,837,Prince of Persia: Warrior Within,Main Game,Adventure | Hack and slash/Beat 'em up | Platform,Action,Single player,Nintendo GameCube | PC (Microsoft Windows) | PlayStation 2 | Xbox | iOS,5.5,1611.0,True,pre2005
2004,13,3278,Garry's Mod,Main Game,Indie | Simulator,Sandbox,Co-operative | Multiplayer | Single player,Linux | Mac | PC (Microsoft Windows),1.0,1386.0,True,pre2005
2004,14,280,Doom 3,Main Game,Shooter,Action | Horror | Science fiction | Survival,Co-operative | Multiplayer | Single player,Linux | Mac | PC (Microsoft Windows) | Xbox,5.5,1311.0,True,pre2005
2004,15,1035,The Legend of Zelda: The Minish Cap,Main Game,Adventure | Puzzle,Action | Fantasy,Single player,Game Boy Advance | Nintendo 3DS | Wii U,5.5,1300.0,True,pre2005
2005,1,974,Resident Evil 4,Main Game,Adventure | Shooter,Action | Horror | Survival,Single player,Nintendo GameCube,5.5,4982.0,True,post2004
2005,2,2207,Shadow of the Colossus,Main Game,Adventure | Platform | Puzzle,Action | Drama | Fantasy | Open world,Single player,PlayStation 2,5.5,3916.0,True,post2004
2005,3,622,Call of Duty 2,Main Game,Shooter,Action | Historical | Warfare,Multiplayer | Single player,Mac | PC (Microsoft Windows) | Xbox 360,5.5,3190.0,True,post2004
2005,4,549,God of War,Main Game,Adventure | Hack and slash/Beat 'em up | Puzzle,Action | Fantasy | Historical,Single player,PlayStation 2,5.5,3150.0,True,post2004
2005,5,98,Need for Speed: Most Wanted,Main Game,Racing,Open world,Multiplayer | Single player | Split screen,PC (Microsoft Windows) | Xbox 360,2.0,2968.0,True,post2004
2005,6,1221,Kingdom Hearts II,Main Game,Adventure | Role-playing (RPG),Action | Fantasy,Single player,PlayStation 2,5.5,2520.0,True,post2004
2005,7,142,Star Wars: Battlefront II,Main Game,Shooter,Action | Science fiction,Co-operative | Multiplayer | Single player | Split screen,PC (Microsoft Windows) | PlayStation 2 | PlayStation Portable | Xbox,5.5,2174.0,True,post2004
2005,8,517,F.E.A.R.,Main Game,Shooter,Action | Horror | Science fiction,Multiplayer | Single player,PC (Microsoft Windows),5.5,1762.0,True,post2004
2005,9,2437,Prince of Persia: The Two Thrones,Main Game,Adventure | Hack and slash/Beat 'em up | Platform,Action | Fantasy | Stealth,Single player,Mac | Nintendo GameCube | PC (Microsoft Windows) | PlayStation 2 | PlayStation 3 | Xbox,5.5,1418.0,True,post2004
2005,10,299,Age of Empires III,Main Game,Real Time Strategy (RTS) | Simulator | Strategy,Fantasy | Historical | Warfare,Multiplayer | Single player,Mac | PC (Microsoft Windows),2.0,1369.0,True,post2004
2005,11,1339,Psychonauts,Main Game,Adventure | Platform | Puzzle,Action | Comedy,Single player,Linux | Mac | PC (Microsoft Windows) | PlayStation 2 | PlayStation 3 | PlayStation 4 | Xbox | Xbox 360 | Xbox One,5.5,1254.0,True,post2004
2005,12,1928,Indigo Prophecy,Main Game,Adventure,Action | Drama | Thriller,Single player,PC (Microsoft Windows) | PlayStation 2 | PlayStation 4 | Xbox,5.5,1229.0,True,post2004
2005,13,2345,Mario Kart DS,Main Game,Arcade | Racing,Kids | Party,Multiplayer | Single player,Nintendo DS | Wii U,3.0,1229.0,True,post2004
2005,14,136,Devil May Cry 3: Dante's Awakening,Main Game,Adventure | Hack and slash/Beat 'em up | Shooter,Action | Horror,Single player,PlayStation 2,5.5,1145.0,True,post2004
2005,15,277,Battlefield 2,Main Game,Shooter,Action | Warfare,Multiplayer | Single player,PC (Microsoft Windows),5.5,1078.0,True,post2004
2006,1,59,The Elder Scrolls IV: Oblivion,Main Game,Adventure | Role-playing (RPG),Action | Fantasy | Historical | Open world | Sandbox,Single player,PC (Microsoft Windows) | PlayStation 3 | Xbox 360,5.5,4686.0,True,post2004
2006,2,1036,The Legend of Zelda: Twilight Princess,Main Game,Adventure | Puzzle,Action | Fantasy | Open world,Single player,Nintendo GameCube,5.5,2107.0,True,post2004
2006,3,1048,Hitman: Blood Money,Main Game,Shooter,Action | Stealth,Single player,PC (Microsoft Windows) | PlayStation 2 | Xbox | Xbox 360,5.5,1668.0,True,post2004
2006,4,99,Need for Speed: Carbon,Main Game,Racing | Simulator,Open world,Multiplayer | Single player | Split screen,Mac | PC (Microsoft Windows) | PlayStation 3 | Xbox 360,2.0,1661.0,True,post2004
2006,5,547,Gears of War,Main Game,Shooter,Action | Horror | Science fiction,Co-operative | Multiplayer | Single player | Split screen,Xbox 360,5.5,1641.0,True,post2004
2006,6,2181,Wii Sports,Main Game,Simulator | Sport,Party,Co-operative | Multiplayer | Single player | Split screen,Wii,1.0,1310.0,True,post2004
2006,7,17269,Roblox,Main Game,Adventure | Platform | Simulator,Action | Kids | Open world | Sandbox,Co-operative | Multiplayer | Single player,Android | Mac | Meta Quest 2 | Meta Quest 3 | PC (Microsoft Windows) | PlayStation 4 | PlayStation 5 | Xbox One | iOS,4.0,1263.0,True,post2004
2006,8,1076,New Super Mario Bros.,Main Game,Adventure | Platform,Action,Co-operative | Multiplayer | Single player,Nintendo DS | Wii U,5.5,1223.0,True,post2004
2006,9,2720,Bully,Main Game,Adventure,Action | Comedy | Open world | Sandbox,Multiplayer | Single player,PC (Microsoft Windows) | PlayStation 2 | PlayStation 4,5.5,1069.0,True,post2004
2006,10,1560,Pokémon Diamond Version,Main Game,Adventure | Role-playing (RPG) | Turn-based strategy (TBS),Action | Fantasy | Kids | Science fiction,Multiplayer | Single player,Nintendo DS,4.0,1005.0,True,post2004
2006,11,398,Final Fantasy XII,Main Game,Adventure | Role-playing (RPG),Action | Fantasy | Open world | Sandbox,Single player,PlayStation 2,5.5,982.0,True,post2004
2006,12,949,Call of Duty 3,Main Game,Shooter,Action | Historical | Warfare,Multiplayer | Single player,PlayStation 2 | PlayStation 3 | Wii | Xbox | Xbox 360,5.5,977.0,True,post2004
2006,13,2668,FlatOut 2,Main Game,Arcade | Racing | Sport,Action,Multiplayer | Single player | Split screen,Linux | Mac | PC (Microsoft Windows) | PlayStation 2 | Xbox | Xbox One,4.0,910.0,True,post2004
2006,14,1161,Tomb Raider: Legend,Main Game,Adventure | Platform | Shooter,Action,Single player,OnLive Game System | PC (Microsoft Windows) | PlayStation 3 | Xbox 360,5.5,900.0,True,post2004
2006,15,370,Heroes of Might and Magic V,Main Game,Role-playing (RPG) | Strategy | Turn-based strategy (TBS),Fantasy,Multiplayer | Single player,Mac | PC (Microsoft Windows),4.0,783.0,True,post2004
2007,1,71,Portal,Main Game,Adventure | Platform | Puzzle,Action | Comedy | Science fiction,Single player,Android | Linux | Mac | Nintendo Switch | PC (Microsoft Windows) | PlayStation 3 | Xbox 360,5.5,11806.0,True,post2004
2007,2,20,BioShock,Main Game,Adventure | Puzzle | Role-playing (RPG) | Shooter,Action | Horror | Open world | Science fiction | Stealth,Single player,Mac | PC (Microsoft Windows) | Xbox 360,5.5,9491.0,True,post2004
2007,3,73,Mass Effect,Main Game,Role-playing (RPG) | Shooter,Action | Romance | Science fiction,Single player,PC (Microsoft Windows) | PlayStation 3 | Xbox 360,5.5,7513.0,True,post2004
2007,4,623,Call of Duty 4: Modern Warfare,Main Game,Shooter | Simulator,Action | Stealth | Warfare,Co-operative | Multiplayer | Single player | Split screen,Mac | PC (Microsoft Windows) | PlayStation 3 | Xbox 360,4.0,5476.0,True,post2004
2007,5,128,Assassin's Creed,Main Game,Adventure | Platform,Action | Fantasy | Historical | Open world | Sandbox | Science fiction | Stealth,Single player,PlayStation 3 | Xbox 360,5.5,5326.0,True,post2004
2007,6,1077,Super Mario Galaxy,Main Game,Adventure | Platform,Action | Science fiction,Co-operative | Single player,Wii | Wii U,5.5,3778.0,True,post2004
2007,7,431,Uncharted: Drake's Fortune,Main Game,Adventure | Platform | Shooter,Action | Fantasy | Historical | Mystery,Single player,PlayStation 3,5.5,3583.0,True,post2004
2007,8,551,God of War II,Main Game,Adventure | Hack and slash/Beat 'em up | Platform,Action | Fantasy | Historical,Single player,PlayStation 2,5.5,3124.0,True,post2004
2007,9,891,Team Fortress 2,Main Game,Shooter,Action | Comedy,Co-operative | Multiplayer,Linux | Mac | PC (Microsoft Windows) | PlayStation 3 | Xbox 360,4.5,2674.0,True,post2004
2007,10,987,Halo 3,Main Game,Shooter,Action | Sandbox | Science fiction | Warfare,Co-operative | Multiplayer | Single player | Split screen,PC (Microsoft Windows) | Xbox 360 | Xbox One,5.5,2497.0,True,post2004
2007,11,80,The Witcher,Main Game,Adventure | Role-playing (RPG),Action | Fantasy,Single player,Mac | PC (Microsoft Windows),5.5,2477.0,True,post2004
2007,12,296,Crysis,Main Game,Adventure | Shooter,Action | Open world | Science fiction | Stealth,Multiplayer | Single player,PC (Microsoft Windows) | PlayStation 3 | Xbox 360,5.5,2370.0,True,post2004
2007,13,320,S.T.A.L.K.E.R.: Shadow of Chernobyl,Main Game,Role-playing (RPG) | Shooter,Action | Horror | Open world | Sandbox | Science fiction | Stealth | Survival,Multiplayer | Single player,Nintendo Switch | PC (Microsoft Windows) | PlayStation 4 | Xbox One,5.5,1415.0,True,post2004
2007,14,2682,LEGO Star Wars: The Complete Saga,Main Game,Adventure | Platform,Action | Comedy | Kids | Science fiction,Co-operative | Multiplayer | Single player,Android | Mac | PC (Microsoft Windows) | PlayStation 3 | Wii | Xbox 360 | iOS,5.5,1223.0,True,post2004
2007,15,2671,Guitar Hero III: Legends of Rock,Main Game,Music | Simulator,Party,Co-operative | Multiplayer | Single player | Split screen,Mac | PC (Microsoft Windows) | PlayStation 2 | PlayStation 3 | Wii | Xbox 360,1.0,1161.0,True,post2004
2008,1,731,Grand Theft Auto IV,Main Game,Adventure | Racing | Shooter,Action | Open world,Multiplayer | Single player,PC (Microsoft Windows) | PlayStation 3 | Xbox 360,4.0,5600.0,True,post2004
2008,2,15,Fallout 3,Main Game,Role-playing (RPG) | Shooter,Action | Open world | Sandbox | Science fiction | Stealth | Survival,Single player,PC (Microsoft Windows) | PlayStation 3 | Xbox 360,5.5,5284.0,True,post2004
2008,3,37,Dead Space,Main Game,Puzzle | Shooter,Action | Horror | Science fiction | Survival,Single player,PC (Microsoft Windows) | PlayStation 3 | Xbox 360,5.5,3681.0,True,post2004
2008,4,625,Call of Duty: World at War,Main Game,Adventure | Shooter,Action | Historical | Horror | Stealth | Survival | Warfare,Co-operative | Multiplayer | Single player | Split screen,PC (Microsoft Windows) | PlayStation 3 | Xbox 360,5.5,2926.0,True,post2004
2008,5,1051,Mirror's Edge,Main Game,Adventure | Platform | Puzzle,Action | Science fiction,Single player,PC (Microsoft Windows) | PlayStation 3 | Xbox 360,5.5,2904.0,True,post2004
2008,6,122,Left 4 Dead,Main Game,Shooter,Action | Horror | Survival,Co-operative | Multiplayer | Single player,Mac | PC (Microsoft Windows) | Xbox 360,5.5,2272.0,True,post2004
2008,7,380,Metal Gear Solid 4: Guns of the Patriots,Main Game,Adventure | Shooter | Tactical,Action | Fantasy | Historical | Stealth | Survival,Single player,PlayStation 3,5.5,2213.0,True,post2004
2008,8,2853,Braid,Main Game,Adventure | Indie | Platform | Puzzle | Strategy,Fantasy,Single player,Linux | Mac | PC (Microsoft Windows) | PlayStation 3 | Xbox 360,4.0,1824.0,True,post2004
2008,9,2183,Mario Kart Wii,Main Game,Racing,Action | Comedy | Party,Multiplayer | Single player | Split screen,Wii,2.0,1789.0,True,post2004
2008,10,1628,Super Smash Bros. Brawl,Main Game,Fighting | Platform,Action,Co-operative | Multiplayer | Single player | Split screen,Wii,5.5,1777.0,True,post2004
2008,11,361,Far Cry 2,Main Game,Adventure | Shooter,Action | Open world | Sandbox | Stealth,Multiplayer | Single player,PC (Microsoft Windows) | PlayStation 3 | Xbox 360,5.5,1680.0,True,post2004
2008,12,620,Burnout Paradise,Main Game,Racing,Action | Open world | Sandbox,Multiplayer | Single player,PC (Microsoft Windows) | PlayStation 3 | Xbox 360,2.0,1552.0,True,post2004
2008,13,112,Devil May Cry 4,Main Game,Adventure | Hack and slash/Beat 'em up,Action | Fantasy | Horror,Single player,PC (Microsoft Windows) | PlayStation 3 | Xbox 360,5.5,1372.0,True,post2004
2008,14,475,Star Wars: The Force Unleashed,Main Game,Adventure | Hack and slash/Beat 'em up | Role-playing (RPG),Action | Fantasy | Science fiction,Multiplayer | Single player,Legacy Mobile Device | N-Gage | PlayStation 3 | Xbox 360 | iOS,5.5,1370.0,True,post2004
2008,15,548,Gears of War 2,Main Game,Shooter,Action | Science fiction,Co-operative | Multiplayer | Single player | Split screen,Xbox 360,5.5,1340.0,True,post2004
2009,1,127,Assassin's Creed II,Main Game,Adventure | Platform,Action | Fantasy | Historical | Open world | Sandbox | Science fiction | Stealth,Single player,Mac | PC (Microsoft Windows) | PlayStation 3 | Xbox 360,5.5,9470.0,True,post2004
2009,2,500,Batman: Arkham Asylum,Main Game,Adventure | Hack and slash/Beat 'em up,Action | Horror | Open world | Science fiction | Stealth,Single player,Mac | Nintendo Switch | Ouya | PC (Microsoft Windows) | PlayStation 3 | Xbox 360,5.5,7700.0,True,post2004
2009,3,565,Uncharted 2: Among Thieves,Main Game,Adventure | Platform | Shooter,Action | Fantasy | Historical,Co-operative | Multiplayer | Single player,PlayStation 3,5.5,6608.0,True,post2004
2009,4,76,Dragon Age: Origins,Main Game,Role-playing (RPG),Action | Fantasy | Open world,Single player,Mac | PC (Microsoft Windows) | PlayStation 3 | Xbox 360,5.5,5104.0,True,post2004
2009,5,559,Call of Duty: Modern Warfare 2,Main Game,Shooter,Action | Stealth | Warfare,Co-operative | Multiplayer | Single player | Split screen,Mac | PC (Microsoft Windows) | PlayStation 3 | Xbox 360,5.5,4651.0,True,post2004
2009,6,124,Left 4 Dead 2,Main Game,Shooter,Action | Horror | Survival,Co-operative | Multiplayer | Single player,Linux | Mac | PC (Microsoft Windows) | Xbox 360,5.5,3566.0,True,post2004
2009,7,498,Borderlands,Main Game,Role-playing (RPG) | Shooter,Action | Open world | Science fiction,Co-operative | Multiplayer | Single player | Split screen,Mac | Nintendo Switch | PC (Microsoft Windows) | PlayStation 3 | Xbox 360 | Xbox One,5.5,3059.0,True,post2004
2009,8,115,League of Legends,Main Game,MOBA | Role-playing (RPG) | Strategy,Action | Fantasy,Co-operative | Multiplayer,Mac | PC (Microsoft Windows),3.0,2997.0,True,post2004
2009,9,847,Resident Evil 5,Main Game,Adventure | Shooter,Action | Horror | Survival,Co-operative | Multiplayer | Single player | Split screen,PC (Microsoft Windows) | PlayStation 3 | Xbox 360,5.5,2442.0,True,post2004
2009,10,1277,Plants vs. Zombies,Main Game,Puzzle | Real Time Strategy (RTS) | Simulator | Strategy | Tactical,Action | Comedy | Kids | Survival,Co-operative | Single player,Android | Mac | Nintendo DSi | PC (Microsoft Windows) | PlayStation 3 | PlayStation Vita | Windows Phone | Xbox 360 | iOS,4.0,1987.0,True,post2004
2009,11,260,The Sims 3,Main Game,Role-playing (RPG) | Simulator | Strategy,Comedy | Fantasy | Romance | Sandbox,Single player,Mac | PC (Microsoft Windows),4.0,1929.0,True,post2004
2009,12,2136,Bayonetta,Main Game,Adventure | Hack and slash/Beat 'em up | Shooter,Action | Fantasy,Single player,PC (Microsoft Windows) | PlayStation 3 | Xbox 360,5.5,1716.0,True,post2004
2009,13,389,Final Fantasy XIII,Main Game,Adventure | Role-playing (RPG),Action | Fantasy,Single player,PC (Microsoft Windows) | PlayStation 3 | Xbox 360,5.5,1281.0,True,post2004
2009,14,2990,Machinarium,Main Game,Adventure | Indie | Point-and-click | Puzzle,Fantasy | Science fiction,Single player,Android | Linux | Mac | Nintendo Switch | PC (Microsoft Windows) | PlayStation 3 | PlayStation 4 | PlayStation Vita | Xbox One | iOS,5.5,1280.0,True,post2004
2009,15,570,Prototype,Main Game,Adventure | Hack and slash/Beat 'em up | Platform,Action | Horror | Open world | Sandbox | Stealth | Survival,Single player,PC (Microsoft Windows) | PlayStation 3 | PlayStation 4 | Xbox 360 | Xbox One,5.5,1241.0,True,post2004
2010,1,74,Mass Effect 2,Main Game,Adventure | Role-playing (RPG) | Shooter,Action | Science fiction,Single player,PC (Microsoft Windows) | PlayStation 3 | Xbox 360,5.5,8193.0,True,post2004
2010,2,434,Red Dead Redemption,Main Game,Adventure | Role-playing (RPG) | Shooter,Action | Open world | Sandbox,Multiplayer | Single player,PC (Microsoft Windows) | PlayStation 3 | Xbox 360,5.5,7460.0,True,post2004
2010,3,16,Fallout: New Vegas,Main Game,Role-playing (RPG) | Shooter,Action | Open world | Sandbox | Science fiction | Stealth | Survival,Single player,PC (Microsoft Windows) | PlayStation 3 | Xbox 360,5.5,7146.0,True,post2004
2010,4,113,Assassin's Creed Brotherhood,Main Game,Adventure | Puzzle,Action | Fantasy | Historical | Open world | Sandbox | Science fiction | Stealth,Multiplayer | Single player,Mac | PC (Microsoft Windows) | PlayStation 3 | Xbox 360,5.5,5205.0,True,post2004
2010,5,1331,Limbo,Main Game,Adventure | Indie | Platform | Puzzle,Action | Horror,Single player,Android | Linux | Mac | Nintendo Switch | PC (Microsoft Windows) | PlayStation 3 | PlayStation 4 | PlayStation Vita | Xbox 360 | Xbox One | iOS,5.5,4798.0,True,post2004
2010,6,545,Call of Duty: Black Ops,Main Game,Shooter,Action | Historical | Horror | Stealth | Survival | Warfare,Co-operative | Multiplayer | Single player | Split screen,Mac | PC (Microsoft Windows) | PlayStation 3 | Xbox 360,5.5,3991.0,True,post2004
2010,7,40,Mafia II,Main Game,Adventure | Racing | Shooter,Action | Fantasy | Historical | Open world | Sandbox | Stealth,Single player,PC (Microsoft Windows) | PlayStation 3 | Xbox 360,4.0,3708.0,True,post2004
2010,8,866,Sid Meier's Civilization V,Main Game,Simulator | Strategy | Turn-based strategy (TBS),"4X (explore, expand, exploit, and exterminate) | Fantasy | Historical | Science fiction | Warfare",Multiplayer | Single player,Linux | Mac | PC (Microsoft Windows),2.0,3464.0,True,post2004
2010,9,239,StarCraft II: Wings of Liberty,Main Game,Real Time Strategy (RTS) | Strategy,Action | Science fiction | Warfare,Co-operative | Multiplayer | Single player,Mac | PC (Microsoft Windows),2.0,3338.0,True,post2004
2010,10,493,Heavy Rain,Main Game,Adventure,Action | Drama | Mystery | Thriller,Single player,PC (Microsoft Windows) | PlayStation 3 | PlayStation 4,5.5,3337.0,True,post2004
2010,11,21,BioShock 2,Main Game,Adventure | Puzzle | Role-playing (RPG) | Shooter,Action | Open world | Science fiction | Thriller,Multiplayer | Single player,Mac | PC (Microsoft Windows) | PlayStation 3 | Xbox 360,5.5,3282.0,True,post2004
2010,12,1062,Alan Wake,Main Game,Adventure | Shooter,Action | Horror | Survival | Thriller,Single player,PC (Microsoft Windows) | Xbox 360,5.5,3019.0,True,post2004
2010,13,1078,Super Mario Galaxy 2,Main Game,Adventure | Platform,Action,Multiplayer | Single player,Wii | Wii U,5.5,2817.0,True,post2004
2010,14,495,Metro 2033,Main Game,Role-playing (RPG) | Shooter,Action | Horror | Science fiction | Stealth | Survival | Thriller | Warfare,Single player,PC (Microsoft Windows) | Xbox 360,5.5,2634.0,True,post2004
2010,15,885,Super Meat Boy,Main Game,Adventure | Indie | Platform,Action | Comedy,Single player,Linux | Mac | Nintendo Switch | PC (Microsoft Windows) | PlayStation 4 | PlayStation Vita | Wii | Wii U | Xbox 360,5.5,2503.0,True,post2004
2011,1,72,Portal 2,Main Game,Adventure | Platform | Puzzle,Action | Comedy | Science fiction,Co-operative | Multiplayer | Single player | Split screen,Linux | Mac | Nintendo Switch | PC (Microsoft Windows) | PlayStation 3 | Xbox 360,5.5,13140.0,True,post2004
2011,2,472,The Elder Scrolls V: Skyrim,Main Game,Adventure | Role-playing (RPG),Action | Fantasy | Open world | Sandbox | Stealth,Single player,PC (Microsoft Windows) | PlayStation 3 | Xbox 360,5.5,12787.0,True,post2004
2011,3,501,Batman: Arkham City,Main Game,Adventure | Hack and slash/Beat 'em up,Action | Open world | Stealth,Single player,Nintendo Switch | OnLive Game System | PC (Microsoft Windows) | PlayStation 3 | Xbox 360,5.5,7939.0,True,post2004
2011,4,121,Minecraft: Java Edition,Main Game,Adventure | Simulator,Fantasy | Kids | Open world | Sandbox | Survival,Co-operative | Massively Multiplayer Online (MMO) | Multiplayer | Single player | Split screen,Linux | Mac | PC (Microsoft Windows),4.0,6140.0,True,post2004
2011,5,2155,Dark Souls,Main Game,Adventure | Role-playing (RPG),Action | Fantasy,Co-operative | Multiplayer | Single player,PC (Microsoft Windows) | PlayStation 3 | Xbox 360,5.5,5039.0,True,post2004
2011,6,512,Uncharted 3: Drake's Deception,Main Game,Adventure | Platform | Shooter,Action | Fantasy | Historical,Co-operative | Multiplayer | Single player,PlayStation 3,5.5,4373.0,True,post2004
2011,7,478,The Witcher 2: Assassins of Kings,Main Game,Adventure | Role-playing (RPG),Action | Fantasy,Single player,Linux | Mac | PC (Microsoft Windows) | Xbox 360,5.5,4135.0,True,post2004
2011,8,537,Assassin's Creed Revelations,Main Game,Adventure,Action | Fantasy | Historical | Open world | Sandbox | Stealth,Multiplayer | Single player,PC (Microsoft Windows) | PlayStation 3 | Xbox 360,5.5,3700.0,True,post2004
2011,9,979,Call of Duty: Modern Warfare 3,Main Game,Adventure | Shooter | Tactical,Action | Warfare,Co-operative | Multiplayer | Single player | Split screen,Mac | PC (Microsoft Windows) | PlayStation 3 | Xbox 360,5.5,3459.0,True,post2004
2011,10,343,Battlefield 3,Main Game,Shooter,Action | Stealth | Warfare,Co-operative | Multiplayer | Single player,PC (Microsoft Windows) | PlayStation 3 | Xbox 360,5.5,3217.0,True,post2004
2011,11,38,Dead Space 2,Main Game,Adventure | Shooter,Action | Horror | Science fiction | Survival,Co-operative | Multiplayer | Single player,PC (Microsoft Windows) | PlayStation 3 | Xbox 360,5.5,3164.0,True,post2004
2011,12,43,Deus Ex: Human Revolution,Main Game,Puzzle | Role-playing (RPG) | Shooter,Action | Science fiction | Stealth,Single player,Mac | PC (Microsoft Windows) | PlayStation 3 | Xbox 360,5.5,3131.0,True,post2004
2011,13,1879,Terraria,Main Game,Adventure | Indie | Platform | Role-playing (RPG) | Simulator | Strategy,Action | Fantasy | Horror | Open world | Sandbox | Science fiction | Survival,Co-operative | Multiplayer | Single player,Android | Google Stadia | Linux | Mac | Nintendo 3DS | Nintendo Switch | PC (Microsoft Windows) | PlayStation 3 | PlayStation 4 | PlayStation Vita | Wii U | Windows Phone | Xbox 360 | Xbox One | iOS,4.0,3121.0,True,post2004
2011,14,109,L.A. Noire,Main Game,Adventure | Strategy,Action | Historical | Mystery | Open world | Sandbox | Thriller,Single player,PC (Microsoft Windows) | PlayStation 3 | SteamVR | Xbox 360,4.0,3118.0,True,post2004
2011,15,1983,Bastion,Main Game,Adventure | Indie | Role-playing (RPG),Action | Fantasy,Single player,Linux | Mac | Nintendo Switch | PC (Microsoft Windows) | PlayStation 4 | PlayStation Vita | Xbox 360 | Xbox One | iOS,5.5,2282.0,True,post2004
2012,1,529,Far Cry 3,Main Game,Adventure | Shooter,Action | Open world | Sandbox | Stealth | Survival,Co-operative | Multiplayer | Single player,PC (Microsoft Windows) | PlayStation 3 | Xbox 360,5.5,6612.0,True,post2004
2012,2,533,Dishonored,Main Game,Adventure | Puzzle | Role-playing (RPG),Action | Stealth,Single player,PC (Microsoft Windows) | PlayStation 3 | Xbox 360,5.5,5687.0,True,post2004
2012,3,1011,Borderlands 2,Main Game,Role-playing (RPG) | Shooter,Action | Comedy | Open world | Sandbox | Science fiction,Co-operative | Multiplayer | Single player | Split screen,Android | Linux | Mac | Nintendo Switch | PC (Microsoft Windows) | PlayStation 3 | PlayStation 4 | PlayStation Vita | Xbox 360 | Xbox One,5.5,5597.0,True,post2004
2012,4,75,Mass Effect 3,Main Game,Adventure | Role-playing (RPG) | Shooter | Strategy,Action | Science fiction,Co-operative | Multiplayer | Single player,PC (Microsoft Windows) | PlayStation 3 | Xbox 360,4.0,5543.0,True,post2004
2012,5,1871,The Walking Dead,Main Game,Adventure | Point-and-click,Action | Drama | Horror | Survival,Single player,Android | Linux | Mac | Nintendo Switch | PC (Microsoft Windows) | PlayStation 3 | PlayStation 4 | PlayStation Vita | Xbox 360 | Xbox One | iOS,5.5,5200.0,True,post2004
2012,6,1266,Assassin's Creed III,Main Game,Adventure,Action | Fantasy | Historical | Open world | Sandbox | Science fiction | Stealth,Multiplayer | Single player,PC (Microsoft Windows) | PlayStation 3 | Wii U | Xbox 360,5.5,4481.0,True,post2004
2012,7,1372,Counter-Strike: Global Offensive,Main Game,Shooter | Tactical,Action | Warfare,Multiplayer,Linux | Mac | PC (Microsoft Windows) | PlayStation 3 | Xbox 360,4.5,4022.0,True,post2004
2012,8,1384,Hotline Miami,Main Game,Arcade | Indie | Shooter,Action,Single player,Android | Google Stadia | Linux | Mac | Nintendo Switch | PC (Microsoft Windows) | PlayStation 3 | PlayStation 4 | PlayStation 5 | PlayStation Vita | Xbox One | Xbox Series X|S,5.5,3772.0,True,post2004
2012,9,1352,Journey,Main Game,Adventure | Platform,Fantasy,Co-operative | Multiplayer | Single player,PC (Microsoft Windows) | PlayStation 3 | PlayStation 4 | iOS,5.5,3512.0,True,post2004
2012,10,960,Max Payne 3,Main Game,Shooter,Action | Sandbox | Thriller,Multiplayer | Single player,Mac | PC (Microsoft Windows) | PlayStation 3 | Xbox 360,5.5,3459.0,True,post2004
2012,11,120,Diablo III,Main Game,Adventure | Hack and slash/Beat 'em up | Role-playing (RPG),Action | Fantasy | Horror,Co-operative | Multiplayer | Single player,Mac | PC (Microsoft Windows) | PlayStation 3 | PlayStation 4 | Xbox 360 | Xbox One,5.5,2844.0,True,post2004
2012,12,1122,Call of Duty: Black Ops II,Main Game,Shooter,Action | Science fiction | Warfare,Co-operative | Multiplayer | Single player | Split screen,PC (Microsoft Windows) | PlayStation 3 | Xbox 360,5.5,2759.0,True,post2004
2012,13,1377,Spec Ops: The Line,Main Game,Adventure | Shooter,Action | Stealth | Warfare,Multiplayer | Single player,Linux | Mac | PC (Microsoft Windows) | PlayStation 3 | Xbox 360,5.5,2745.0,True,post2004
2012,14,530,Hitman: Absolution,Main Game,Adventure | Shooter | Tactical,Action | Stealth,Single player,Android | Mac | Nintendo Switch | PC (Microsoft Windows) | PlayStation 3 | Xbox 360 | iOS,5.5,2053.0,True,post2004
2012,15,1267,Sleeping Dogs,Main Game,Adventure | Hack and slash/Beat 'em up | Shooter,Action | Open world | Sandbox,Single player,PC (Microsoft Windows) | PlayStation 3 | Xbox 360,5.5,2020.0,True,post2004
2013,1,1020,Grand Theft Auto V,Main Game,Adventure | Racing | Shooter,Action | Comedy | Open world | Sandbox,Co-operative | Multiplayer | Single player,PC (Microsoft Windows) | PlayStation 3 | PlayStation 4 | Xbox 360 | Xbox One,4.0,17448.0,True,post2004
2013,2,1009,The Last of Us,Main Game,Adventure | Shooter,Action | Horror | Stealth | Survival,Multiplayer | Single player,PlayStation 3,5.5,10459.0,True,post2004
2013,3,538,BioShock Infinite,Main Game,Adventure | Shooter,Action | Drama | Fantasy | Historical | Horror | Science fiction,Single player,Linux | Mac | PC (Microsoft Windows) | PlayStation 3 | Xbox 360,5.5,7961.0,True,post2004
2013,4,1164,Tomb Raider,Main Game,Adventure | Platform | Puzzle | Shooter,Action | Sandbox | Survival,Multiplayer | Single player,Android | Linux | Mac | PC (Microsoft Windows) | PlayStation 3 | Xbox 360 | iOS,5.5,7082.0,True,post2004
2013,5,1970,Assassin's Creed IV Black Flag,Main Game,Adventure,Action | Fantasy | Historical | Open world | Sandbox | Science fiction | Stealth,Co-operative | Multiplayer | Single player,Google Stadia | Nintendo Switch | PC (Microsoft Windows) | PlayStation 3 | PlayStation 4 | Wii U | Xbox 360 | Xbox One,5.5,5364.0,True,post2004
2013,6,2993,The Wolf Among Us,Main Game,Adventure | Point-and-click,Action | Drama | Fantasy | Mystery | Thriller,Single player,Android | Mac | PC (Microsoft Windows) | PlayStation 3 | PlayStation 4 | PlayStation Vita | Xbox 360 | Xbox One | iOS,5.5,3599.0,True,post2004
2013,7,1979,Battlefield 4,Main Game,Shooter | Simulator | Strategy,Action | Warfare,Multiplayer | Single player,PC (Microsoft Windows) | PlayStation 3 | PlayStation 4 | Xbox 360 | Xbox One,4.0,2736.0,True,post2004
2013,8,3097,The Walking Dead: Season Two,Main Game,Adventure | Point-and-click | Puzzle,Action | Drama | Horror | Survival,Single player,Android | Mac | Nintendo Switch | Ouya | PC (Microsoft Windows) | PlayStation 3 | PlayStation 4 | PlayStation Vita | Xbox 360 | Xbox One | iOS,5.5,2531.0,True,post2004
2013,9,2003,Batman: Arkham Origins,Main Game,Adventure | Hack and slash/Beat 'em up,Action | Open world | Stealth,Multiplayer | Single player,PC (Microsoft Windows) | PlayStation 3 | Wii U | Xbox 360,5.5,2477.0,True,post2004
2013,10,1334,Brothers: A Tale of Two Sons,Main Game,Adventure | Indie | Puzzle,Action | Drama | Fantasy | Stealth,Co-operative | Single player,Android | Nintendo Switch | PC (Microsoft Windows) | PlayStation 3 | PlayStation 4 | Windows Phone | Xbox 360 | Xbox One | iOS,5.5,2374.0,True,post2004
2013,11,1342,Beyond: Two Souls,Main Game,Adventure,Action | Drama | Science fiction | Thriller,Co-operative | Multiplayer | Single player,PC (Microsoft Windows) | PlayStation 3 | PlayStation 4,5.5,2295.0,True,post2004
2013,12,2963,Dota 2,Main Game,MOBA | Strategy,Action | Fantasy | Warfare,Co-operative | Multiplayer,Linux | Mac | PC (Microsoft Windows),1.0,2287.0,True,post2004
2013,13,2033,Call of Duty: Ghosts,Main Game,Shooter,Action | Science fiction | Stealth | Survival | Thriller | Warfare,Co-operative | Multiplayer | Single player,PC (Microsoft Windows) | PlayStation 3 | PlayStation 4 | Wii U | Xbox 360 | Xbox One,5.5,2225.0,True,post2004
2013,14,539,Metro: Last Light,Main Game,Shooter,Action | Fantasy | Horror | Survival,Single player,Linux | Mac | PC (Microsoft Windows) | PlayStation 3 | Wii U | Xbox 360,5.5,2197.0,True,post2004
2013,15,2909,The Legend of Zelda: A Link Between Worlds,Main Game,Adventure | Puzzle,Action | Fantasy | Historical | Open world | Sandbox,Single player,Nintendo 3DS,5.5,2184.0,True,post2004
2014,1,3025,Middle-earth: Shadow of Mordor,Main Game,Adventure | Hack and slash/Beat 'em up | Role-playing (RPG),Action | Fantasy | Open world | Stealth,Single player,Linux | Mac | PC (Microsoft Windows) | PlayStation 3 | PlayStation 4 | Xbox 360 | Xbox One,5.5,4194.0,True,post2004
2014,2,2031,Wolfenstein: The New Order,Main Game,Adventure | Shooter,Action | Fantasy | Historical | Science fiction | Stealth | Warfare,Single player,PC (Microsoft Windows) | PlayStation 3 | PlayStation 4 | Xbox 360 | Xbox One,5.5,3967.0,True,post2004
2014,3,1262,South Park: The Stick of Truth,Main Game,Adventure | Role-playing (RPG) | Strategy,Action | Comedy | Fantasy | Open world,Single player,Nintendo Switch | PC (Microsoft Windows) | PlayStation 3 | PlayStation 4 | Xbox 360 | Xbox One,4.0,3662.0,True,post2004
2014,4,6801,Far Cry 4,Main Game,Adventure | Shooter | Tactical,Action | Historical | Open world | Sandbox | Stealth | Warfare,Co-operative | Multiplayer | Single player,Google Stadia | PC (Microsoft Windows) | PlayStation 3 | PlayStation 4 | Xbox 360 | Xbox One,5.5,3508.0,True,post2004
2014,5,1121,Watch Dogs,Main Game,Adventure | Shooter,Action | Open world | Sandbox | Science fiction | Stealth,Co-operative | Multiplayer | Single player,Google Stadia | PC (Microsoft Windows) | PlayStation 3 | PlayStation 4 | Wii U | Xbox 360 | Xbox One,5.5,3485.0,True,post2004
2014,6,1887,Dragon Age: Inquisition,Main Game,Adventure | Role-playing (RPG) | Strategy | Tactical,Action | Fantasy | Historical | Open world,Co-operative | Multiplayer | Single player,PC (Microsoft Windows) | PlayStation 3 | PlayStation 4 | Xbox 360 | Xbox One,4.0,3259.0,True,post2004
2014,7,5606,Assassin's Creed Unity,Main Game,Adventure | Role-playing (RPG),Action | Fantasy | Historical | Open world | Stealth,Co-operative | Multiplayer | Single player,Google Stadia | PC (Microsoft Windows) | PlayStation 4 | PlayStation 5 | Xbox One | Xbox Series X|S,5.5,2916.0,True,post2004
2014,8,2368,Dark Souls II,Main Game,Adventure | Role-playing (RPG),Action | Fantasy,Co-operative | Multiplayer | Single player,PC (Microsoft Windows) | PlayStation 3 | Xbox 360,5.5,2573.0,True,post2004
2014,9,1279,Hearthstone,Main Game,Card & Board Game | Strategy | Turn-based strategy (TBS),Fantasy,Multiplayer | Single player,Android | Mac | PC (Microsoft Windows) | iOS,2.0,2172.0,True,post2004
2014,10,4754,Alien: Isolation,Main Game,Adventure,Action | Horror | Science fiction | Stealth | Survival,Single player,Linux | Mac | Nintendo Switch | PC (Microsoft Windows) | PlayStation 3 | PlayStation 4 | Xbox 360 | Xbox One,5.5,2158.0,True,post2004
2014,11,2350,Mario Kart 8,Main Game,Arcade | Racing,Action | Fantasy | Kids | Party,Multiplayer | Single player | Split screen,Wii U,4.0,2070.0,True,post2004
2014,12,3212,The Sims 4,Main Game,Role-playing (RPG) | Simulator,Action | Comedy | Fantasy | Romance | Sandbox,Single player,Mac | PC (Microsoft Windows) | PlayStation 4 | Xbox One,4.0,1989.0,True,post2004
2014,13,6632,Call of Duty: Advanced Warfare,Main Game,Shooter,Action | Science fiction | Warfare,Co-operative | Multiplayer | Single player | Split screen,PC (Microsoft Windows) | PlayStation 3 | PlayStation 4 | Xbox 360 | Xbox One,5.5,1916.0,True,post2004
2014,14,7570,Assassin's Creed Rogue,Main Game,Adventure | Role-playing (RPG),Action | Fantasy | Historical | Open world | Stealth,Multiplayer | Single player,Nintendo Switch | PC (Microsoft Windows) | PlayStation 3 | Xbox 360,5.5,1749.0,True,post2004
2014,15,6707,Tales from the Borderlands,Main Game,Adventure | Point-and-click | Puzzle,Action | Comedy | Science fiction,Single player,Android | Mac | Nintendo Switch | PC (Microsoft Windows) | PlayStation 3 | PlayStation 4 | Xbox 360 | Xbox One | iOS,5.5,1739.0,True,post2004
2015,1,1942,The Witcher 3: Wild Hunt,Main Game,Adventure | Role-playing (RPG),Action | Fantasy | Open world,Single player,Nintendo Switch | PC (Microsoft Windows) | PlayStation 4 | PlayStation 5 | Xbox One | Xbox Series X|S,5.5,16061.0,True,post2004
2015,2,12517,Undertale,Main Game,Adventure | Indie | Puzzle | Role-playing (RPG),Comedy | Drama | Fantasy | Horror,Single player,Linux | Mac | Nintendo Switch | PC (Microsoft Windows) | PlayStation 4 | PlayStation Vita | Xbox One,5.5,5629.0,True,post2004
2015,3,7599,Life Is Strange,Main Game,Adventure | Indie | Puzzle,Action | Drama | Fantasy | Mystery | Science fiction,Single player,Android | Linux | Mac | PC (Microsoft Windows) | PlayStation 3 | PlayStation 4 | Xbox 360 | Xbox One | iOS,5.5,5590.0,True,post2004
2015,4,7334,Bloodborne,Main Game,Adventure | Role-playing (RPG),Action | Fantasy | Horror | Open world,Co-operative | Multiplayer | Single player,PlayStation 4,5.5,5490.0,True,post2004
2015,5,9630,Fallout 4,Main Game,Role-playing (RPG) | Shooter,Action | Open world | Sandbox | Science fiction | Stealth | Survival,Single player,PC (Microsoft Windows) | PlayStation 4 | PlayStation 5 | Xbox One | Xbox Series X|S,5.5,5226.0,True,post2004
2015,6,7344,Ori and the Blind Forest,Main Game,Adventure | Platform | Puzzle,Action | Fantasy | Thriller,Single player,Nintendo Switch | PC (Microsoft Windows) | Xbox One,5.5,4511.0,True,post2004
2015,7,5503,Batman: Arkham Knight,Main Game,Adventure | Hack and slash/Beat 'em up,Action | Drama | Open world | Stealth | Thriller,Single player,Nintendo Switch | PC (Microsoft Windows) | PlayStation 4 | Xbox One,5.5,4510.0,True,post2004
2015,8,7323,Rise of the Tomb Raider,Main Game,Adventure | Shooter,Action | Open world | Stealth | Survival,Co-operative | Single player,Google Stadia | Linux | Mac | PC (Microsoft Windows) | PlayStation 4 | PlayStation VR | Xbox 360 | Xbox One,5.5,4057.0,True,post2004
2015,9,11198,Rocket League,Main Game,Indie | Racing | Sport,Action | Science fiction,Co-operative | Multiplayer | Single player | Split screen,Linux | Mac | Nintendo Switch | PC (Microsoft Windows) | PlayStation 4 | PlayStation 5 | Xbox One | Xbox Series X|S,4.0,3671.0,True,post2004
2015,10,1985,Metal Gear Solid V: The Phantom Pain,Main Game,Adventure | Shooter | Tactical,Action | Fantasy | Historical | Open world | Stealth,Multiplayer | Single player,PC (Microsoft Windows) | PlayStation 3 | PlayStation 4 | Xbox 360 | Xbox One,5.5,3529.0,True,post2004
2015,11,3042,Dying Light,Main Game,Adventure | Role-playing (RPG) | Shooter,Action | Horror | Open world | Stealth | Survival,Co-operative | Multiplayer | Single player,Linux | Mac | PC (Microsoft Windows) | PlayStation 4 | PlayStation 5 | Xbox One | Xbox Series X|S,5.5,3143.0,True,post2004
2015,12,8263,Assassin's Creed Syndicate,Main Game,Adventure,Action | Fantasy | Historical | Open world | Science fiction | Stealth,Single player,Google Stadia | PC (Microsoft Windows) | PlayStation 4 | PlayStation 5 | Xbox One | Xbox Series X|S,5.5,2521.0,True,post2004
2015,13,7609,Until Dawn,Main Game,Adventure,Drama | Horror | Mystery,Single player,PlayStation 4,5.5,2212.0,True,post2004
2015,14,9066,Cities: Skylines,Main Game,Simulator | Strategy,Business | Sandbox,Single player,Google Stadia | Linux | Mac | PC (Microsoft Windows),2.0,2122.0,True,post2004
2015,15,9727,Soma,Main Game,Adventure | Indie | Puzzle,Action | Horror | Mystery | Science fiction | Stealth,Single player,Linux | Mac | Nintendo Switch | PC (Microsoft Windows) | PlayStation 4 | Xbox One,5.5,2031.0,True,post2004
2016,1,7331,Uncharted 4: A Thief's End,Main Game,Adventure | Shooter,Action | Fantasy | Historical | Stealth,Multiplayer | Single player,PlayStation 4,5.5,7819.0,True,post2004
2016,2,11133,Dark Souls III,Main Game,Adventure | Role-playing (RPG),Action | Fantasy,Co-operative | Multiplayer | Single player,PC (Microsoft Windows) | PlayStation 4 | Xbox One,5.5,5789.0,True,post2004
2016,3,7351,Doom,Main Game,Shooter,Action | Horror | Science fiction,Co-operative | Multiplayer | Single player,PC (Microsoft Windows) | PlayStation 4 | Xbox One,5.5,5749.0,True,post2004
2016,4,17000,Stardew Valley,Main Game,Adventure | Indie | Role-playing (RPG) | Simulator | Strategy,Business | Fantasy | Romance | Sandbox,Co-operative | Multiplayer | Single player,Android | Linux | Mac | Nintendo Switch | Nintendo Switch 2 | PC (Microsoft Windows) | PlayStation 4 | PlayStation Vita | Wii U | Xbox One | iOS,4.0,5338.0,True,post2004
2016,5,7342,Inside,Main Game,Adventure | Indie | Platform | Puzzle,Action | Drama | Horror | Science fiction | Stealth,Single player,Mac | Nintendo Switch | PC (Microsoft Windows) | PlayStation 4 | Xbox One | iOS,5.5,4974.0,True,post2004
2016,6,9730,Firewatch,Main Game,Adventure | Indie,Drama | Mystery | Open world,Single player,Linux | Mac | Nintendo Switch | PC (Microsoft Windows) | PlayStation 4 | Xbox One,5.5,3603.0,True,post2004
2016,7,8173,Overwatch,Main Game,Shooter | Strategy,Action | Comedy | Science fiction,Multiplayer,Nintendo Switch | PC (Microsoft Windows) | PlayStation 4 | Xbox One,3.0,3591.0,True,post2004
2016,8,9927,Persona 5,Main Game,Adventure | Role-playing (RPG),Comedy | Drama | Fantasy | Mystery,Single player,PlayStation 3 | PlayStation 4,5.5,3312.0,True,post2004
2016,9,18320,Battlefield 1,Main Game,Shooter,Action | Historical | Warfare,Multiplayer | Single player,PC (Microsoft Windows) | PlayStation 4 | Xbox One,5.5,2712.0,True,post2004
2016,10,17447,Titanfall 2,Main Game,Adventure | Shooter,Action | Science fiction,Co-operative | Multiplayer | Single player,PC (Microsoft Windows) | PlayStation 4 | Xbox One,5.5,2609.0,True,post2004
2016,11,11118,Dishonored 2,Main Game,Adventure | Role-playing (RPG) | Shooter,Action | Stealth,Single player,PC (Microsoft Windows) | PlayStation 4 | Xbox One,5.5,2402.0,True,post2004
2016,12,19441,Watch Dogs 2,Main Game,Adventure | Shooter,Action | Open world | Sandbox | Science fiction | Stealth,Co-operative | Multiplayer | Single player,Google Stadia | PC (Microsoft Windows) | PlayStation 4 | Xbox One,5.5,2271.0,True,post2004
2016,13,3225,No Man's Sky,Main Game,Adventure | Arcade | Indie | Shooter | Simulator,Action | Open world | Sandbox | Science fiction | Survival,Co-operative | Multiplayer | Single player,Mac | Nintendo Switch 2 | Oculus Rift | PC (Microsoft Windows) | PlayStation 4 | PlayStation 5 | PlayStation VR | PlayStation VR2 | SteamVR | Xbox One | Xbox Series X|S,4.0,1976.0,True,post2004
2016,14,19130,Sid Meier's Civilization VI,Main Game,Simulator | Strategy | Turn-based strategy (TBS),"4X (explore, expand, exploit, and exterminate) | Fantasy | Historical",Multiplayer | Single player,Android | Linux | Mac | Nintendo Switch | PC (Microsoft Windows) | PlayStation 4 | Xbox One | iOS,2.0,1928.0,True,post2004
2016,15,359,Final Fantasy XV,Main Game,Adventure | Hack and slash/Beat 'em up | Role-playing (RPG),Action | Fantasy | Open world | Sandbox | Science fiction | Survival,Co-operative | Single player,Google Stadia | Nintendo Switch | PC (Microsoft Windows) | PlayStation 4 | Xbox One,5.5,1840.0,True,post2004
2017,1,7346,The Legend of Zelda: Breath of the Wild,Main Game,Adventure | Puzzle,Action | Fantasy | Open world | Sandbox | Science fiction,Single player,Nintendo Switch | Wii U,5.5,8763.0,True,post2004
2017,2,11156,Horizon Zero Dawn,Main Game,Adventure | Role-playing (RPG) | Shooter,Action | Drama | Open world | Science fiction | Stealth,Single player,PC (Microsoft Windows) | PlayStation 4 | PlayStation 5,5.5,7241.0,True,post2004
2017,3,14593,Hollow Knight,Main Game,Adventure | Indie | Platform,Action | Fantasy,Single player,Linux | Mac | Nintendo Switch | Nintendo Switch 2 | PC (Microsoft Windows) | PlayStation 4 | PlayStation 5 | Wii U | Xbox One | Xbox Series X|S,5.5,6461.0,True,post2004
2017,4,26758,Super Mario Odyssey,Main Game,Adventure | Platform,Action | Fantasy | Open world | Sandbox,Co-operative | Single player,Nintendo Switch | Nintendo Switch 2,5.5,5543.0,True,post2004
2017,5,11208,NieR: Automata,Main Game,Hack and slash/Beat 'em up | Role-playing (RPG),Action | Drama | Fantasy | Open world | Science fiction,Single player,PC (Microsoft Windows) | PlayStation 4,5.5,4635.0,True,post2004
2017,6,28540,Assassin's Creed Origins,Main Game,Adventure | Role-playing (RPG),Action | Historical | Open world | Stealth,Single player,Google Stadia | PC (Microsoft Windows) | PlayStation 4 | PlayStation 5 | Xbox One | Xbox Series X|S,5.5,3294.0,True,post2004
2017,7,7603,Hellblade: Senua's Sacrifice,Main Game,Adventure | Hack and slash/Beat 'em up | Indie | Simulator,Action | Fantasy | Historical,Single player,Nintendo Switch | PC (Microsoft Windows) | PlayStation 4 | PlayStation 5 | Xbox One | Xbox Series X|S,4.0,3286.0,True,post2004
2017,8,19562,Resident Evil 7: Biohazard,Main Game,Adventure | Puzzle | Shooter,Action | Horror | Survival,Single player,Google Stadia | Mac | Nintendo Switch 2 | PC (Microsoft Windows) | PlayStation 4 | PlayStation 5 | PlayStation VR | Xbox One | Xbox Series X|S | iOS,5.5,3246.0,True,post2004
2017,9,11233,What Remains of Edith Finch,Main Game,Adventure | Indie | Puzzle,Drama | Horror | Mystery,Single player,Mac | Nintendo Switch | PC (Microsoft Windows) | PlayStation 4 | PlayStation 5 | Xbox One | Xbox Series X|S | iOS,5.5,2988.0,True,post2004
2017,10,9061,Cuphead,Main Game,Adventure | Arcade | Indie | Platform | Shooter,Action | Comedy | Fantasy,Co-operative | Multiplayer | Single player,Mac | Nintendo Switch | PC (Microsoft Windows) | PlayStation 4 | Xbox One,5.5,2735.0,True,post2004
2017,11,9174,Little Nightmares,Main Game,Adventure | Indie | Platform | Puzzle,Action | Fantasy | Horror | Survival | Thriller,Single player,Android | Google Stadia | Nintendo Switch | PC (Microsoft Windows) | PlayStation 4 | Xbox One | iOS,5.5,2223.0,True,post2004
2017,12,19531,Prey,Main Game,Adventure | Puzzle | Role-playing (RPG) | Shooter,Action | Horror | Science fiction | Stealth | Survival,Single player,PC (Microsoft Windows) | PlayStation 4 | Xbox One,5.5,2107.0,True,post2004
2017,13,25657,Destiny 2,Main Game,Adventure | Role-playing (RPG) | Shooter,Action | Fantasy | Open world | Science fiction | Warfare,Co-operative | Massively Multiplayer Online (MMO) | Multiplayer | Single player,Google Stadia | PC (Microsoft Windows) | PlayStation 4 | PlayStation 5 | Xbox One | Xbox Series X|S,5.5,1972.0,True,post2004
2017,14,36952,Wolfenstein II: The New Colossus,Main Game,Adventure | Shooter,Action | Fantasy | Historical | Science fiction,Single player,Nintendo Switch | PC (Microsoft Windows) | PlayStation 4 | Xbox One,5.5,1966.0,True,post2004
2017,15,27789,PUBG: Battlegrounds,Main Game,Shooter,Action | Warfare,Battle Royale | Co-operative | Multiplayer | Single player,Google Stadia | PC (Microsoft Windows) | PlayStation 4 | PlayStation 5 | Xbox One | Xbox Series X|S,5.5,1876.0,True,post2004
2018,1,25076,Red Dead Redemption 2,Main Game,Adventure | Role-playing (RPG) | Shooter,Action | Drama | Open world,Co-operative | Multiplayer | Single player,Google Stadia | PC (Microsoft Windows) | PlayStation 4 | Xbox One,5.5,11066.0,True,post2004
2018,2,19560,God of War,Main Game,Adventure | Hack and slash/Beat 'em up | Role-playing (RPG),Action | Fantasy | Historical,Single player,PC (Microsoft Windows) | PlayStation 4,5.5,10427.0,True,post2004
2018,3,19565,Marvel's Spider-Man,Main Game,Adventure | Hack and slash/Beat 'em up,Action | Drama | Open world | Stealth,Single player,PlayStation 4,5.5,6319.0,True,post2004
2018,4,26226,Celeste,Main Game,Adventure | Indie | Platform,Action | Fantasy,Single player,Google Stadia | Linux | Mac | Nintendo Switch | PC (Microsoft Windows) | PlayStation 4 | Xbox One,5.5,4315.0,True,post2004
2018,5,14362,Detroit: Become Human,Main Game,Adventure,Action | Drama | Mystery | Science fiction | Thriller,Single player,PC (Microsoft Windows) | PlayStation 4,5.5,3793.0,True,post2004
2018,6,103054,Assassin's Creed Odyssey,Main Game,Adventure | Role-playing (RPG),Action | Historical | Open world | Stealth,Single player,Google Stadia | PC (Microsoft Windows) | PlayStation 4 | PlayStation 5 | Xbox One | Xbox Series X|S,5.5,2912.0,True,post2004
2018,7,90101,Super Smash Bros. Ultimate,Main Game,Fighting | Platform,Action | Fantasy | Party | Science fiction,Co-operative | Multiplayer | Single player,Nintendo Switch,5.5,2847.0,True,post2004
2018,8,28552,Far Cry 5,Main Game,Adventure | Shooter,Action | Open world | Survival,Co-operative | Multiplayer | Single player,Google Stadia | PC (Microsoft Windows) | PlayStation 4 | PlayStation 5 | Xbox One | Xbox Series X|S,5.5,2622.0,True,post2004
2018,9,37777,Shadow of the Tomb Raider,Main Game,Adventure | Puzzle | Shooter,Action | Historical | Mystery | Stealth | Survival,Co-operative | Single player,Google Stadia | Linux | Mac | PC (Microsoft Windows) | PlayStation 4 | PlayStation 5 | Xbox One | Xbox Series X|S,5.5,2057.0,True,post2004
2018,10,36897,A Way Out,Main Game,Adventure,Action,Co-operative | Multiplayer | Split screen,PC (Microsoft Windows) | PlayStation 4 | Xbox One,4.5,1993.0,True,post2004
2018,11,26855,Dead Cells,Main Game,Adventure | Indie | Platform,Action | Fantasy,Single player,Android | Linux | Mac | Nintendo Switch | PC (Microsoft Windows) | PlayStation 4 | PlayStation 5 | Xbox One | iOS,5.5,1923.0,True,post2004
2018,12,9254,Subnautica,Main Game,Adventure | Indie,Open world | Science fiction | Survival,Single player,Android | Mac | Nintendo Switch | Nintendo Switch 2 | Oculus Rift | PC (Microsoft Windows) | PlayStation 4 | PlayStation 5 | SteamVR | Xbox One | Xbox Series X|S | iOS,5.5,1808.0,True,post2004
2018,13,36926,Monster Hunter: World,Main Game,Adventure | Role-playing (RPG),Action | Fantasy,Co-operative | Multiplayer | Single player,PC (Microsoft Windows) | PlayStation 4 | Xbox One,5.5,1778.0,True,post2004
2018,14,111469,Among Us,Main Game,Indie | Strategy,Action | Party | Stealth | Survival,Co-operative | Multiplayer | Single player,Android | Nintendo Switch | PC (Microsoft Windows) | PlayStation 4 | PlayStation 5 | Xbox One | Xbox Series X|S | iOS,4.0,1738.0,True,post2004
2018,15,22917,Gris,Main Game,Adventure | Indie | Platform | Puzzle,Action | Drama | Fantasy,Single player,Android | Mac | Nintendo Switch | PC (Microsoft Windows) | PlayStation 4 | PlayStation 5 | Xbox One | Xbox Series X|S | iOS,5.5,1686.0,True,post2004
2019,1,76882,Sekiro: Shadows Die Twice,Main Game,Adventure,Action | Fantasy | Historical | Stealth,Single player,Google Stadia | PC (Microsoft Windows) | PlayStation 4 | Xbox One,5.5,4043.0,True,post2004
2019,2,26472,Disco Elysium,Main Game,Adventure | Indie | Role-playing (RPG),Drama | Mystery | Thriller,Single player,Mac | PC (Microsoft Windows),5.5,3440.0,True,post2004
2019,3,74701,Star Wars Jedi: Fallen Order,Main Game,Adventure,Action | Fantasy | Science fiction,Single player,Google Stadia | PC (Microsoft Windows) | PlayStation 4 | PlayStation 5 | Xbox One | Xbox Series X|S,5.5,3067.0,True,post2004
2019,4,103329,Control,Main Game,Adventure | Shooter,Action | Fantasy | Horror | Science fiction | Thriller,Single player,Google Stadia | PC (Microsoft Windows) | PlayStation 4 | PlayStation 5 | Xbox One | Xbox Series X|S,5.5,2817.0,True,post2004
2019,5,19564,Death Stranding,Main Game,Adventure | Role-playing (RPG) | Shooter,Action | Open world | Science fiction | Stealth | Survival,Single player,PC (Microsoft Windows) | PlayStation 4,5.5,2690.0,True,post2004
2019,6,11737,Outer Wilds,Main Game,Adventure | Indie | Puzzle | Simulator,Action | Mystery | Open world | Science fiction,Single player,Nintendo Switch | PC (Microsoft Windows) | PlayStation 4 | PlayStation 5 | Xbox One | Xbox Series X|S,4.0,2545.0,True,post2004
2019,7,27316,A Plague Tale: Innocence,Main Game,Adventure,Action | Drama | Fantasy | Historical | Stealth,Single player,PC (Microsoft Windows) | PlayStation 4 | PlayStation 5 | Xbox One | Xbox Series X|S,5.5,2385.0,True,post2004
2019,8,37016,Metro Exodus,Main Game,Adventure | Shooter,Action | Horror | Science fiction | Stealth | Survival,Single player,Google Stadia | Linux | Mac | PC (Microsoft Windows) | PlayStation 4 | PlayStation 5 | Xbox One | Xbox Series X|S,5.5,2019.0,True,post2004
2019,9,114795,Apex Legends,Main Game,Shooter | Tactical,Action | Science fiction,Battle Royale | Co-operative | Multiplayer,Nintendo Switch | Nintendo Switch 2 | PC (Microsoft Windows) | PlayStation 4 | PlayStation 5 | Xbox One | Xbox Series X|S,4.5,2000.0,True,post2004
2019,10,113114,The Outer Worlds,Main Game,Adventure | Role-playing (RPG) | Shooter,Action | Open world | Science fiction,Single player,Nintendo Switch | PC (Microsoft Windows) | PlayStation 4 | PlayStation 5 | Xbox One | Xbox Series X|S,5.5,1947.0,True,post2004
2019,11,19561,Days Gone,Main Game,Adventure | Shooter,Action | Horror | Open world | Sandbox | Survival,Single player,PC (Microsoft Windows) | PlayStation 4 | PlayStation 5,5.5,1822.0,True,post2004
2019,12,19164,Borderlands 3,Main Game,Adventure | Role-playing (RPG) | Shooter,Action | Comedy | Fantasy | Open world,Co-operative | Multiplayer | Single player | Split screen,Google Stadia | Mac | PC (Microsoft Windows) | PlayStation 4 | PlayStation 5 | Xbox One | Xbox Series X|S,5.5,1736.0,True,post2004
2019,13,76253,Devil May Cry 5,Main Game,Adventure | Hack and slash/Beat 'em up,Action | Fantasy,Co-operative | Multiplayer | Single player,Nintendo Switch 2 | PC (Microsoft Windows) | PlayStation 4 | Xbox One,5.5,1665.0,True,post2004
2019,14,40477,Slay the Spire,Main Game,Adventure | Card & Board Game | Indie | Role-playing (RPG) | Strategy | Turn-based strategy (TBS),Fantasy,Single player,Android | Linux | Mac | Nintendo Switch | PC (Microsoft Windows) | PlayStation 4 | Xbox One | iOS,4.0,1596.0,True,post2004
2019,15,119177,Call of Duty: Modern Warfare,Main Game,Shooter,Action | Warfare,Co-operative | Multiplayer | Single player | Split screen,PC (Microsoft Windows) | PlayStation 4 | PlayStation 5 | Xbox One | Xbox Series X|S,5.5,1379.0,True,post2004
2020,1,26192,The Last of Us Part II,Main Game,Adventure | Shooter,Action | Horror | Stealth | Survival,Single player,PlayStation 4 | PlayStation 5,5.5,5156.0,True,post2004
2020,2,113112,Hades,Main Game,Adventure | Hack and slash/Beat 'em up | Indie | Role-playing (RPG),Action | Drama | Fantasy,Single player,Mac | Nintendo Switch | PC (Microsoft Windows) | PlayStation 4 | PlayStation 5 | Xbox One | Xbox Series X|S | iOS,5.5,5108.0,True,post2004
2020,3,1877,Cyberpunk 2077,Main Game,Adventure | Role-playing (RPG) | Shooter,Action | Open world | Sandbox | Science fiction,Single player,Google Stadia | Mac | Nintendo Switch 2 | PC (Microsoft Windows) | PlayStation 4 | PlayStation 5 | Xbox One | Xbox Series X|S,5.5,4746.0,True,post2004
2020,4,75235,Ghost of Tsushima,Main Game,Adventure | Hack and slash/Beat 'em up | Role-playing (RPG),Action | Drama | Historical | Open world | Stealth,Single player,PlayStation 4 | PlayStation 5,5.5,3225.0,True,post2004
2020,5,1905,Fortnite,Main Game,Adventure | Role-playing (RPG) | Shooter | Simulator | Strategy,Action | Open world | Sandbox | Survival,Battle Royale | Co-operative | Multiplayer | Single player | Split screen,Android | Mac | Nintendo Switch | Nintendo Switch 2 | PC (Microsoft Windows) | PlayStation 4 | PlayStation 5 | Xbox One | Xbox Series X|S | iOS,4.0,2981.0,True,post2004
2020,6,103298,Doom Eternal,Main Game,Shooter,Action | Fantasy | Horror | Science fiction | Warfare,Multiplayer | Single player,Google Stadia | Nintendo Switch | PC (Microsoft Windows) | PlayStation 4 | PlayStation 5 | Xbox One | Xbox Series X|S,5.5,2252.0,True,post2004
2020,7,119277,Genshin Impact,Main Game,Adventure | Role-playing (RPG),Action | Fantasy | Open world,Co-operative | Multiplayer | Single player,Android | PC (Microsoft Windows) | PlayStation 4 | PlayStation 5 | Xbox Series X|S | iOS,5.5,1954.0,True,post2004
2020,8,37001,Ori and the Will of the Wisps,Main Game,Adventure | Platform,Action | Fantasy,Single player,Nintendo Switch | PC (Microsoft Windows) | Xbox One | Xbox Series X|S,5.5,1734.0,True,post2004
2020,9,119313,Fall Guys,Main Game,Indie | Platform | Racing,Action | Comedy | Party,Battle Royale | Co-operative | Multiplayer,Android | Nintendo Switch | PC (Microsoft Windows) | PlayStation 4 | PlayStation 5 | Xbox One | Xbox Series X|S | iOS,3.0,1713.0,True,post2004
2020,10,109462,Animal Crossing: New Horizons,Main Game,Simulator,Kids | Open world | Sandbox,Co-operative | Multiplayer | Single player | Split screen,Nintendo Switch,2.0,1514.0,True,post2004
2020,11,126459,Valorant,Main Game,Shooter | Tactical,Action | Fantasy | Science fiction,Multiplayer,PC (Microsoft Windows) | PlayStation 5 | Xbox Series X|S,4.5,1512.0,True,post2004
2020,12,133004,Assassin's Creed Valhalla,Main Game,Adventure | Role-playing (RPG),Action | Historical | Open world | Stealth,Single player,Google Stadia | PC (Microsoft Windows) | PlayStation 4 | PlayStation 5 | Xbox One | Xbox Series X|S,5.5,1386.0,True,post2004
2020,13,134597,Astro's Playroom,Main Game,Adventure | Platform,Action | Science fiction,Single player,PlayStation 5,5.5,927.0,True,post2004
2020,14,7046,Factorio,Main Game,Indie | Simulator | Strategy,Sandbox | Science fiction | Survival,Co-operative | Multiplayer | Single player,Linux | Mac | Nintendo Switch | Nintendo Switch 2 | PC (Microsoft Windows),4.0,902.0,True,post2004
2020,15,28512,Risk of Rain 2,Main Game,Adventure | Indie | Shooter,Action | Science fiction | Survival,Co-operative | Multiplayer | Single player | Split screen,Google Stadia | Nintendo Switch | PC (Microsoft Windows) | PlayStation 4 | PlayStation 5 | Xbox One | Xbox Series X|S,5.5,795.0,True,post2004
2021,1,135243,It Takes Two,Main Game,Adventure | Platform | Puzzle,Action,Co-operative | Multiplayer | Split screen,Nintendo Switch | PC (Microsoft Windows) | PlayStation 4 | PlayStation 5 | Xbox One | Xbox Series X|S,4.5,3285.0,True,post2004
2021,2,55163,Resident Evil Village,Main Game,Adventure | Shooter,Action | Horror | Stealth | Survival,Single player,Google Stadia | Mac | Nintendo Switch 2 | PC (Microsoft Windows) | PlayStation 4 | PlayStation 5 | Xbox One | Xbox Series X|S | iOS,5.5,1755.0,True,post2004
2021,3,139090,Inscryption,Main Game,Adventure | Card & Board Game | Indie | Puzzle | Strategy,Horror | Mystery,Single player,Linux | Mac | Nintendo Switch | PC (Microsoft Windows) | PlayStation 4 | PlayStation 5 | Xbox One | Xbox Series X|S,4.0,1168.0,True,post2004
2021,4,152249,Marvel's Guardians of the Galaxy,Main Game,Adventure | Role-playing (RPG) | Shooter,Action | Comedy | Science fiction,Single player,PC (Microsoft Windows) | PlayStation 4 | PlayStation 5 | Xbox One | Xbox Series X|S,5.5,1162.0,True,post2004
2021,5,141503,Forza Horizon 5,Main Game,Racing,Action | Open world,Co-operative | Multiplayer | Single player,PC (Microsoft Windows) | PlayStation 5 | Xbox One | Xbox Series X|S,2.0,1046.0,True,post2004
2021,6,121760,Little Nightmares II,Main Game,Adventure | Platform | Puzzle,Action | Horror | Mystery | Stealth,Single player,Google Stadia | Nintendo Switch | PC (Microsoft Windows) | PlayStation 4 | PlayStation 5 | Xbox One | Xbox Series X|S,5.5,1018.0,True,post2004
2021,7,134582,Ratchet & Clank: Rift Apart,Main Game,Adventure | Platform | Shooter,Action | Science fiction,Single player,PC (Microsoft Windows) | PlayStation 5,5.5,966.0,True,post2004
2021,8,103281,Halo Infinite,Main Game,Adventure | Shooter,Action | Open world | Science fiction | Warfare,Co-operative | Multiplayer | Single player,PC (Microsoft Windows) | Xbox One | Xbox Series X|S,5.5,909.0,True,post2004
2021,9,104967,Valheim,Main Game,Adventure | Indie | Role-playing (RPG),Action | Fantasy | Open world | Sandbox | Survival,Co-operative | Multiplayer | Single player,Linux | Mac | Nintendo Switch 2 | PC (Microsoft Windows) | PlayStation 5 | Xbox One | Xbox Series X|S,5.5,874.0,True,post2004
2021,10,113598,Deathloop,Main Game,Adventure | Shooter,Action | Science fiction | Stealth,Multiplayer | Single player,PC (Microsoft Windows) | PlayStation 5 | Xbox Series X|S,5.5,787.0,True,post2004
2021,11,126290,Far Cry 6,Main Game,Adventure | Shooter,Action | Open world | Survival,Co-operative | Multiplayer | Single player,Google Stadia | PC (Microsoft Windows) | PlayStation 4 | PlayStation 5 | Xbox One | Xbox Series X|S,5.5,782.0,True,post2004
2021,12,115843,Unpacking,Main Game,Indie | Point-and-click | Puzzle | Simulator,Drama,Single player,Android | Linux | Mac | Nintendo Switch | PC (Microsoft Windows) | PlayStation 4 | PlayStation 5 | Xbox One | Xbox Series X|S | iOS,4.0,713.0,True,post2004
2021,13,144765,Life is Strange: True Colors,Main Game,Adventure,Action | Drama | Fantasy | Mystery | Romance | Thriller,Single player,Google Stadia | Nintendo Switch | PC (Microsoft Windows) | PlayStation 4 | PlayStation 5 | Xbox One | Xbox Series X|S,5.5,707.0,True,post2004
2021,14,134595,Hitman 3,Main Game,Adventure | Shooter | Tactical,Action | Sandbox | Stealth | Thriller,Single player,Google Stadia | PC (Microsoft Windows) | PlayStation 4 | PlayStation 5 | PlayStation VR | Xbox One | Xbox Series X|S,5.5,700.0,True,post2004
2021,15,16612,Twelve Minutes,Main Game,Adventure | Indie | Point-and-click | Puzzle,Action | Mystery | Thriller,Single player,Android | Nintendo Switch | PC (Microsoft Windows) | PlayStation 4 | PlayStation 5 | Xbox One | Xbox Series X|S | iOS,5.5,692.0,True,post2004
2022,1,119133,Elden Ring,Main Game,Adventure | Role-playing (RPG),Action | Fantasy | Open world,Co-operative | Multiplayer | Single player,Nintendo Switch 2 | PC (Microsoft Windows) | PlayStation 4 | PlayStation 5 | Xbox One | Xbox Series X|S,5.5,6553.0,True,post2004
2022,2,112875,God of War Ragnarök,Main Game,Adventure | Hack and slash/Beat 'em up | Role-playing (RPG),Action | Fantasy | Open world,Single player,PC (Microsoft Windows) | PlayStation 4 | PlayStation 5,5.5,3256.0,True,post2004
2022,3,110248,Stray,Main Game,Adventure | Indie | Platform,Action | Mystery | Science fiction,Single player,Mac | Nintendo Switch | Nintendo Switch 2 | PC (Microsoft Windows) | PlayStation 4 | PlayStation 5 | Xbox One | Xbox Series X|S,5.5,2120.0,True,post2004
2022,4,112874,Horizon Forbidden West,Main Game,Adventure | Role-playing (RPG),Action | Open world | Science fiction,Single player,PC (Microsoft Windows) | PlayStation 4 | PlayStation 5,5.5,1126.0,True,post2004
2022,5,186725,Vampire Survivors,Main Game,Adventure | Arcade | Indie | Role-playing (RPG),Action | Fantasy | Survival,Co-operative | Multiplayer | Single player | Split screen,Android | Linux | Mac | Nintendo Switch | PC (Microsoft Windows) | PlayStation 4 | PlayStation 5 | Xbox One | Xbox Series X|S | iOS,5.5,1109.0,True,post2004
2022,6,152242,A Plague Tale: Requiem,Main Game,Adventure | Role-playing (RPG),Action | Drama | Historical | Mystery | Stealth,Single player,Nintendo Switch | PC (Microsoft Windows) | PlayStation 5 | Xbox Series X|S,5.5,840.0,True,post2004
2022,7,23733,Tunic,Main Game,Adventure | Indie | Puzzle | Role-playing (RPG),Action | Fantasy,Single player,Mac | Nintendo Switch | Nintendo Switch 2 | PC (Microsoft Windows) | PlayStation 4 | PlayStation 5 | Xbox One | Xbox Series X|S,5.5,725.0,True,post2004
2022,8,165351,Cult of the Lamb,Main Game,Adventure | Hack and slash/Beat 'em up | Indie | Role-playing (RPG) | Simulator | Strategy,Action | Comedy | Fantasy,Co-operative | Multiplayer | Single player | Split screen,Mac | Nintendo Switch | PC (Microsoft Windows) | PlayStation 4 | PlayStation 5 | Xbox One | Xbox Series X|S,4.0,708.0,True,post2004
2022,9,194404,The Quarry,Main Game,Adventure,Action | Fantasy | Horror | Survival,Co-operative | Multiplayer | Single player,PC (Microsoft Windows) | PlayStation 4 | PlayStation 5 | Xbox One | Xbox Series X|S,5.5,701.0,True,post2004
2022,10,102584,Dying Light 2: Stay Human,Main Game,Adventure | Role-playing (RPG),Action | Horror | Open world | Survival,Co-operative | Multiplayer | Single player,PC (Microsoft Windows) | PlayStation 4 | PlayStation 5 | Xbox One | Xbox Series X|S,5.5,674.0,True,post2004
2022,11,144054,Pokémon Legends: Arceus,Main Game,Adventure | Role-playing (RPG) | Turn-based strategy (TBS),Action | Fantasy | Open world,Single player,Nintendo Switch,4.0,666.0,True,post2004
2022,12,144022,Sifu,Main Game,Hack and slash/Beat 'em up | Indie,Action,Single player,Nintendo Switch | PC (Microsoft Windows) | PlayStation 4 | PlayStation 5 | Xbox One | Xbox Series X|S,5.5,658.0,True,post2004
2022,13,119308,Ghostwire: Tokyo,Main Game,Adventure,Action | Fantasy | Horror | Mystery,Single player,PC (Microsoft Windows) | PlayStation 5 | Xbox Series X|S,5.5,595.0,True,post2004
2022,14,204618,High on Life,Main Game,Adventure | Shooter,Action | Comedy | Science fiction,Single player,Nintendo Switch | PC (Microsoft Windows) | PlayStation 4 | PlayStation 5 | Xbox One | Xbox Series X|S,5.5,578.0,True,post2004
2022,15,144465,Teenage Mutant Ninja Turtles: Shredder's Revenge,Main Game,Arcade | Hack and slash/Beat 'em up | Indie,Action | Science fiction,Co-operative | Multiplayer | Single player,Android | Linux | Nintendo Switch | PC (Microsoft Windows) | PlayStation 4 | PlayStation 5 | Xbox One | Xbox Series X|S | iOS,5.5,530.0,True,post2004
2023,1,119171,Baldur's Gate III,Main Game,Role-playing (RPG) | Strategy | Turn-based strategy (TBS),Action | Fantasy,Co-operative | Multiplayer | Single player | Split screen,Google Stadia | Linux | Mac | PC (Microsoft Windows) | PlayStation 5 | Xbox Series X|S,4.0,4540.0,True,post2004
2023,2,119388,The Legend of Zelda: Tears of the Kingdom,Main Game,Adventure | Puzzle,Action | Fantasy | Open world | Sandbox | Science fiction,Single player,Nintendo Switch,5.5,2637.0,True,post2004
2023,3,136625,Hogwarts Legacy,Main Game,Adventure | Role-playing (RPG),Action | Fantasy | Open world,Single player,Nintendo Switch | Nintendo Switch 2 | PC (Microsoft Windows) | PlayStation 4 | PlayStation 5 | Xbox One | Xbox Series X|S,5.5,1962.0,True,post2004
2023,4,125174,Overwatch,Main Game,Shooter,Action | Science fiction,Co-operative | Multiplayer | Single player,Nintendo Switch | Nintendo Switch 2 | PC (Microsoft Windows) | PlayStation 4 | PlayStation 5 | Xbox One | Xbox Series X|S,5.5,1263.0,True,post2004
2023,5,125165,Diablo IV,Main Game,Hack and slash/Beat 'em up | Role-playing (RPG),Action | Fantasy | Horror,Co-operative | Multiplayer | Single player,PC (Microsoft Windows) | PlayStation 4 | PlayStation 5 | Xbox One | Xbox Series X|S,5.5,1107.0,True,post2004
2023,6,127044,Marvel's Spider-Man 2,Main Game,Adventure | Hack and slash/Beat 'em up,Action | Drama | Open world | Science fiction | Stealth,Single player,PC (Microsoft Windows) | PlayStation 5,5.5,1086.0,True,post2004
2023,7,96437,Starfield,Main Game,Adventure | Role-playing (RPG) | Shooter,Action | Open world | Sandbox | Science fiction,Single player,PC (Microsoft Windows) | PlayStation 5 | Xbox Series X|S,5.5,1051.0,True,post2004
2023,8,242408,Counter-Strike 2,Main Game,Shooter | Tactical,Action | Warfare,Multiplayer | Single player,Linux | PC (Microsoft Windows),5.5,1017.0,True,post2004
2023,9,148241,Lies of P,Main Game,Adventure | Role-playing (RPG),Action | Horror | Open world,Single player,Mac | PC (Microsoft Windows) | PlayStation 4 | PlayStation 5 | Xbox One | Xbox Series X|S,5.5,991.0,True,post2004
2023,10,185246,Alan Wake II,Main Game,Adventure | Shooter,Action | Horror | Mystery | Survival | Thriller,Single player,PC (Microsoft Windows) | PlayStation 5 | Xbox Series X|S,5.5,926.0,True,post2004
2023,11,201156,Star Wars Jedi: Survivor,Main Game,Adventure,Action | Fantasy | Science fiction,Single player,PC (Microsoft Windows) | PlayStation 4 | PlayStation 5 | Xbox One | Xbox Series X|S,5.5,910.0,True,post2004
2023,12,214417,The Finals,Main Game,Shooter,Action,Co-operative | Multiplayer,PC (Microsoft Windows) | PlayStation 4 | PlayStation 5 | Xbox Series X|S,4.5,856.0,True,post2004
2023,13,164867,Dredge,Main Game,Adventure | Role-playing (RPG) | Simulator,Action | Horror | Mystery | Open world,Single player,Android | Mac | Nintendo Switch | PC (Microsoft Windows) | PlayStation 4 | PlayStation 5 | Xbox One | Xbox Series X|S | iOS,4.0,689.0,True,post2004
2023,14,76747,Atomic Heart,Main Game,Adventure | Role-playing (RPG) | Shooter,Action | Mystery | Open world | Science fiction,Single player,PC (Microsoft Windows) | PlayStation 4 | PlayStation 5 | Xbox One | Xbox Series X|S,5.5,652.0,True,post2004
2023,15,254339,Super Mario Bros. Wonder,Main Game,Platform,Action | Comedy | Fantasy,Co-operative | Multiplayer | Single player,Nintendo Switch,5.5,652.0,True,post2004
2024,1,251833,Balatro,Main Game,Card & Board Game | Indie | Strategy | Turn-based strategy (TBS),,Single player,Android | Mac | Nintendo Switch | Nintendo Switch 2 | PC (Microsoft Windows) | PlayStation 4 | PlayStation 5 | Xbox One | Xbox Series X|S | iOS,3.0,1109.0,True,post2004
2024,2,294041,Marvel Rivals,Main Game,Shooter,Action,Co-operative | Multiplayer,Nintendo Switch 2 | PC (Microsoft Windows) | PlayStation 4 | PlayStation 5 | Xbox Series X|S,4.5,1018.0,True,post2004
2024,3,250616,Helldivers 2,Main Game,Shooter | Tactical,Action | Science fiction,Co-operative | Multiplayer | Single player,PC (Microsoft Windows) | PlayStation 5 | Xbox Series X|S,5.5,916.0,True,post2004
2024,4,202956,Wuthering Waves,Main Game,Adventure | Role-playing (RPG),Action | Fantasy | Open world | Science fiction,Co-operative | Single player,Android | Mac | PC (Microsoft Windows) | PlayStation 5 | Xbox Series X|S | iOS,5.5,813.0,True,post2004
2024,5,151665,Palworld,Main Game,Adventure | Hack and slash/Beat 'em up | Indie | Role-playing (RPG) | Shooter,Action | Open world | Sandbox | Survival,Co-operative | Massively Multiplayer Online (MMO) | Multiplayer | Single player,Mac | PC (Microsoft Windows) | PlayStation 5 | Xbox One | Xbox Series X|S,5.5,726.0,True,post2004
2024,6,136879,Black Myth: Wukong,Main Game,Adventure | Hack and slash/Beat 'em up | Role-playing (RPG),Action | Fantasy,Single player,PC (Microsoft Windows) | PlayStation 5 | Xbox Series X|S,5.5,685.0,True,post2004
2024,7,142415,Indiana Jones and the Great Circle,Main Game,Adventure | Puzzle | Role-playing (RPG),Action | Historical | Stealth,Single player,Nintendo Switch 2 | PC (Microsoft Windows) | PlayStation 5 | Xbox Series X|S,5.5,663.0,True,post2004
2024,8,5574,7 Days to Die,Main Game,Adventure | Indie | Role-playing (RPG) | Shooter | Simulator | Strategy,Action | Horror | Open world | Sandbox | Survival,Co-operative | Multiplayer | Single player | Split screen,Linux | Mac | PC (Microsoft Windows) | PlayStation 4 | PlayStation 5 | Xbox One | Xbox Series X|S,4.0,650.0,True,post2004
2024,9,90558,Satisfactory,Main Game,Adventure | Simulator | Strategy,Open world | Sandbox | Science fiction,Co-operative | Multiplayer | Single player,PC (Microsoft Windows) | PlayStation 5 | Xbox Series X|S,4.0,614.0,True,post2004
2024,10,125642,Path of Exile 2,Main Game,Adventure | Hack and slash/Beat 'em up | Role-playing (RPG),Action | Fantasy,Co-operative | Massively Multiplayer Online (MMO) | Multiplayer | Single player,Mac | PC (Microsoft Windows) | PlayStation 5 | Xbox Series X|S,5.5,591.0,True,post2004
2024,11,302156,Call of Duty: Black Ops 6,Main Game,Shooter,Action | Warfare,Co-operative | Multiplayer | Single player,PC (Microsoft Windows) | PlayStation 4 | PlayStation 5 | Xbox One | Xbox Series X|S,5.5,566.0,True,post2004
2024,12,127342,Hellblade II: Senua's Saga,Main Game,Adventure,Action | Fantasy | Horror,Single player,PC (Microsoft Windows) | PlayStation 5 | Xbox Series X|S,5.5,565.0,True,post2004
2024,13,185252,"Warhammer 40,000: Space Marine II",Main Game,Adventure | Role-playing (RPG) | Shooter,Action | Science fiction,Co-operative | Multiplayer | Single player,Nintendo Switch 2 | PC (Microsoft Windows) | PlayStation 5 | Xbox Series X|S,5.5,492.0,True,post2004
2024,14,303811,Astro Bot,Main Game,Adventure | Platform,Action | Science fiction,Single player,PlayStation 5,5.5,481.0,True,post2004
2024,15,200551,Zenless Zone Zero,Main Game,Adventure | Hack and slash/Beat 'em up | Role-playing (RPG),Action | Fantasy | Science fiction,Single player,Android | PC (Microsoft Windows) | PlayStation 5 | Xbox Series X|S | iOS,5.5,475.0,True,post2004
2025,1,305152,Clair Obscur: Expedition 33,Main Game,Adventure | Indie | Role-playing (RPG),Action | Fantasy,Single player,PC (Microsoft Windows) | PlayStation 5 | Xbox Series X|S,5.5,2564.0,True,post2004
2025,2,115289,Hollow Knight: Silksong,Main Game,Adventure | Indie | Platform,Action | Fantasy,Single player,Linux | Mac | Nintendo Switch | Nintendo Switch 2 | PC (Microsoft Windows) | PlayStation 4 | PlayStation 5 | Xbox One | Xbox Series X|S,5.5,1372.0,True,post2004
2025,3,15536,Escape from Tarkov,Main Game,Role-playing (RPG) | Shooter | Simulator | Tactical,Action | Sandbox | Survival | Warfare,Co-operative | Massively Multiplayer Online (MMO) | Multiplayer | Single player,PC (Microsoft Windows),4.0,880.0,True,post2004
2025,4,185258,ARC Raiders,Main Game,Shooter,Action | Science fiction,Co-operative | Multiplayer,PC (Microsoft Windows) | PlayStation 5 | Xbox Series X|S,4.5,784.0,True,post2004
2025,5,325609,Dispatch,Main Game,Adventure | Point-and-click | Strategy,Action | Comedy,Single player,Nintendo Switch | Nintendo Switch 2 | PC (Microsoft Windows) | PlayStation 5 | Xbox Series X|S,4.0,752.0,True,post2004
2025,6,298526,Kingdom Come: Deliverance II,Main Game,Adventure | Role-playing (RPG) | Simulator,Action | Historical | Open world,Single player,PC (Microsoft Windows) | PlayStation 5 | Xbox Series X|S,4.0,667.0,True,post2004
2025,7,325594,Split Fiction,Main Game,Adventure | Platform | Puzzle,Action | Fantasy | Science fiction,Co-operative | Multiplayer | Split screen,Nintendo Switch 2 | PC (Microsoft Windows) | PlayStation 5 | Xbox Series X|S,4.5,648.0,True,post2004
2025,8,317407,Battlefield 6,Main Game,Shooter,Action | Warfare,Multiplayer | Single player,PC (Microsoft Windows) | PlayStation 5 | Xbox Series X|S,5.5,498.0,True,post2004
2025,9,332780,R.E.P.O.,Main Game,Indie | Strategy,Action | Horror | Science fiction | Stealth | Survival,Co-operative | Multiplayer | Single player,PC (Microsoft Windows),4.0,456.0,True,post2004
2025,10,302704,Doom: The Dark Ages,Main Game,Shooter,Action | Fantasy | Science fiction,Single player,PC (Microsoft Windows) | PlayStation 5 | Xbox Series X|S,5.5,453.0,True,post2004
2025,11,228525,Hades II,Main Game,Adventure | Hack and slash/Beat 'em up | Indie | Role-playing (RPG),Action | Fantasy,Single player,Mac | Nintendo Switch | Nintendo Switch 2 | PC (Microsoft Windows) | PlayStation 5 | Xbox Series X|S,5.5,430.0,True,post2004
2025,12,298915,Arena Breakout: Infinite,Main Game,Shooter | Strategy | Tactical,Action | Survival | Warfare,Co-operative | Massively Multiplayer Online (MMO) | Multiplayer,PC (Microsoft Windows),3.0,429.0,True,post2004
2025,13,300976,Assassin's Creed Shadows,Main Game,Adventure | Role-playing (RPG),Action | Historical | Open world | Stealth,Single player,Mac | Nintendo Switch 2 | PC (Microsoft Windows) | PlayStation 5 | Xbox Series X|S,5.5,415.0,True,post2004
2025,14,338067,Mario Kart World,Main Game,Adventure | Racing,Fantasy | Open world | Party,Multiplayer | Single player | Split screen,Nintendo Switch 2,4.0,397.0,True,post2004
2025,15,349524,Peak,Main Game,Adventure | Indie | Platform,Action | Open world,Co-operative | Multiplayer | Single player,PC (Microsoft Windows),5.5,394.0,True,post2004
