appid,name,refined_tier,refined_reason,primary_terms,support_terms,broad_terms,primary_term_count,support_term_count,hit_tracked_term_count,possible_tagspam,total_ratings_pos_neg,positive_ratio,steamspy_owners,steamspy_genre,steamspy_top_tags,steamspy_top_tags_with_scores,want_details,candidate_reason,bucket,matched_terms,relevance_score,reaction_rank,steamspy_positive,steamspy_negative,steamspy_owners_midpoint,steamspy_tags,steamspy_hit_terms,steam_catalog_name,steamspy_name,last_modified,price_change_number,steam_catalog_source,steam_catalog_fetched_at,steamspy_developer,steamspy_publisher,steamspy_userscore,steamspy_score_rank,steamspy_average_forever,steamspy_median_forever,steamspy_price,steamspy_initialprice,steamspy_discount,steamspy_ccu,steamspy_languages,steamspy_hit_types,is_term_match,forced_include,candidate_by_term_and_reactions,candidate_by_popular_fallback,broad_term_count
926580,Broken Lines,A_core_strong,>=2 primary top-tag signals and reactions>=500,Action RPG; Character Customization; Choices Matter; Lovecraftian; Multiple Endings; Mystery; Party-Based RPG; Story Rich; Strategy RPG; Survival Horror; Tactical RPG,,,11,0,28,True,682,0.7873900293255132,"50,000 .. 100,000",,,,True,term_match+reactions>=500,narrative/protagonist-heavy,Action; Action-Adventure; Action RPG; Adventure; Character Customization; Choices Matter; First-Person; FPS; Grand Strategy; Horror; Lovecraftian; Multiple Endings; Mystery; Open World; Party-Based RPG; RPG; RTS; Sandbox; Shooter; Simulation; Singleplayer; Story Rich; Strategy; Strategy RPG; Survival; Survival Horror; Tactical RPG; Third Person; Third-Person Shooter; Zombies,61,9278,537,145,75000.0,,Strategy; Action; Action RPG; Action-Adventure; Adventure; Character Customization; Choices Matter; FPS; First-Person; Grand Strategy; Horror; Lovecraftian; Multiple Endings; Mystery; Open World; Party-Based RPG; RPG; RTS; Sandbox; Shooter; Simulation; Singleplayer; Story Rich; Strategy RPG; Survival; Survival Horror; Tactical RPG; Third Person; Third-Person Shooter; Zombies,Broken Lines,Broken Lines,1725440133.0,35345245.0,IStoreService/GetAppList,2026-06-20T18:38:37.448689+00:00,BirdIsland/PortaPlay,SuperGG.com,0.0,,0.0,0.0,2499.0,2499.0,0.0,1.0,,genre; tag,True,False,True,False,0
362930,Garfield Kart,A_core_strong,>=2 primary top-tag signals and reactions>=500,Action RPG; Character Customization; Choices Matter; Choose Your Own Adventure; Female Protagonist; JRPG; Lore-Rich; Lovecraftian; Story Rich; Survival Horror; Walking Simulator,,,11,0,26,True,14059,0.8766626360338573,"500,000 .. 1,000,000",,,,True,term_match+reactions>=500; popular_fallback_top2500_or_reactions>=5000,narrative/protagonist-heavy,Action; Action RPG; Adventure; Character Customization; Choices Matter; Choose Your Own Adventure; Female Protagonist; FPS; God Game; Grand Strategy; Horror; JRPG; Lore-Rich; Lovecraftian; Open World; Platformer; RPG; Sandbox; Shooter; Simulation; Singleplayer; Story Rich; Strategy; Survival; Survival Horror; Third-Person Shooter; Walking Simulator,57,1381,12325,1734,750000.0,,Action; Action RPG; Adventure; Character Customization; Choices Matter; Choose Your Own Adventure; FPS; Female Protagonist; God Game; Grand Strategy; Horror; JRPG; Lore-Rich; Lovecraftian; Open World; Platformer; RPG; Sandbox; Shooter; Simulation; Singleplayer; Story Rich; Strategy; Survival; Survival Horror; Third-Person Shooter; Walking Simulator,Garfield Kart,Garfield Kart,1750323352.0,36596532.0,IStoreService/GetAppList,2026-06-20T18:38:37.448689+00:00,Artefacts Studio,Microids,0.0,,0.0,0.0,499.0,499.0,0.0,44.0,,tag,True,False,True,True,0
1184370,Pathfinder: Wrath of the Righteous - Enhanced Edition,A_core_strong,>=2 primary top-tag signals and reactions>=500,Action RPG; Character Customization; Choices Matter; Choose Your Own Adventure; Conversation; CRPG; Female Protagonist; Lore-Rich; Multiple Endings; Mystery; Party-Based RPG; Story Rich; Tactical RPG,,,13,0,23,True,38496,0.8391261429758936,"2,000,000 .. 5,000,000",,,,True,term_match+reactions>=500; popular_fallback_top2500_or_reactions>=5000,narrative/protagonist-heavy,Action; Action RPG; Adventure; Character Customization; Choices Matter; Choose Your Own Adventure; Conversation; CRPG; Female Protagonist; Lore-Rich; Multiple Endings; Mystery; Open World; Party-Based RPG; RPG; Singleplayer; Stealth; Story Rich; Strategy; Survival; Tactical RPG; Third Person; Turn-Based Strategy,55,584,32303,6193,3500000.0,,Action; Adventure; RPG; Strategy; Action RPG; CRPG; Character Customization; Choices Matter; Choose Your Own Adventure; Conversation; Female Protagonist; Lore-Rich; Multiple Endings; Mystery; Open World; Party-Based RPG; Singleplayer; Stealth; Story Rich; Survival; Tactical RPG; Third Person; Turn-Based Strategy,Pathfinder: Wrath of the Righteous - Enhanced Edition,Pathfinder: Wrath of the Righteous - Enhanced Edition,1781096468.0,36200013.0,IStoreService/GetAppList,2026-06-20T18:38:37.448689+00:00,Owlcat Games,"META Publishing, Owlcat Games",0.0,,0.0,0.0,1999.0,1999.0,0.0,1874.0,,genre; tag,True,False,True,True,0
1448000,迷离诡夜 blurred weird night,D_popular_control_candidate,popular/control pool only; not enough core signals,Choose Your Own Adventure; CRPG; Immersive Sim; Interactive Fiction; Lore-Rich; Multiple Endings; Story Rich; Survival Horror; Visual Novel; Walking Simulator,,,10,0,22,True,293,0.8293515358361775,"0 .. 20,000",,,,False,,narrative/protagonist-heavy,Action; Action-Adventure; Adventure; Choose Your Own Adventure; CRPG; First-Person; FPS; Horror; Immersive Sim; Interactive Fiction; Lore-Rich; Multiple Endings; Open World; RPG; Sandbox; Shooter; Simulation; Singleplayer; Stealth; Story Rich; Survival Horror; Visual Novel; Walking Simulator; Zombies,46,14319,243,50,10000.0,,Action; Adventure; Action-Adventure; CRPG; Choose Your Own Adventure; FPS; First-Person; Horror; Immersive Sim; Interactive Fiction; Lore-Rich; Multiple Endings; Open World; RPG; Sandbox; Shooter; Simulation; Singleplayer; Stealth; Story Rich; Survival Horror; Visual Novel; Walking Simulator; Zombies,迷离诡夜 blurred weird night,迷离诡夜 blurred weird night,1781822584.0,36552082.0,IStoreService/GetAppList,2026-06-20T18:38:37.448689+00:00,QSN,QSN,0.0,,0.0,0.0,799.0,799.0,0.0,3.0,,genre; tag,True,False,False,False,0
1336490,Against the Storm,A_core_strong,>=2 primary top-tag signals and reactions>=500,Character Customization; Choices Matter; CRPG; Political Sim; Story Rich,,,5,0,21,True,31412,0.9498599261428752,"500,000 .. 1,000,000",,,,True,term_match+reactions>=500; popular_fallback_top2500_or_reactions>=5000,narrative/protagonist-heavy,4X; Action; Adventure; Character Customization; Choices Matter; City Builder; Colony Sim; CRPG; Grand Strategy; Management; Open World; Political Sim; RPG; RTS; Sandbox; Simulation; Singleplayer; Stealth; Story Rich; Strategy; Survival,46,691,29837,1575,750000.0,,Simulation; Strategy; 4X; Action; Adventure; CRPG; Character Customization; Choices Matter; City Builder; Colony Sim; Grand Strategy; Management; Open World; Political Sim; RPG; RTS; Sandbox; Singleplayer; Stealth; Story Rich; Survival,Against the Storm,Against the Storm,1781716962.0,36448311.0,IStoreService/GetAppList,2026-06-20T18:38:37.448689+00:00,Eremite Games,Hooded Horse,0.0,,0.0,0.0,2999.0,2999.0,0.0,958.0,,genre; tag,True,False,True,True,0
2186680,"Warhammer 40,000: Rogue Trader",A_core_strong,>=2 primary top-tag signals and reactions>=500,Action RPG; Character Customization; Choices Matter; Choose Your Own Adventure; CRPG; Female Protagonist; Interactive Fiction; Lore-Rich; Multiple Endings; Mystery; Party-Based RPG; Story Rich; Strategy RPG; Tactical RPG,,,14,0,21,True,30805,0.855705242655413,"10,000,000 .. 20,000,000",,,,True,term_match+reactions>=500; popular_fallback_top2500_or_reactions>=5000,narrative/protagonist-heavy,Action; Action RPG; Adventure; Character Customization; Choices Matter; Choose Your Own Adventure; CRPG; Female Protagonist; Interactive Fiction; Lore-Rich; Multiple Endings; Mystery; Open World; Party-Based RPG; RPG; Singleplayer; Story Rich; Strategy; Strategy RPG; Tactical RPG; Turn-Based Strategy,53,710,26360,4445,15000000.0,,Action; Adventure; RPG; Strategy; Action RPG; CRPG; Character Customization; Choices Matter; Choose Your Own Adventure; Female Protagonist; Interactive Fiction; Lore-Rich; Multiple Endings; Mystery; Open World; Party-Based RPG; Singleplayer; Story Rich; Strategy RPG; Tactical RPG; Turn-Based Strategy,"Warhammer 40,000: Rogue Trader","Warhammer 40,000: Rogue Trader",1781198086.0,36172547.0,IStoreService/GetAppList,2026-06-20T18:38:37.448689+00:00,Owlcat Games,Owlcat Games,0.0,,0.0,0.0,4999.0,4999.0,0.0,3582.0,,genre; tag,True,False,True,True,0
242760,The Forest,A_core_strong,>=2 primary top-tag signals and reactions>=500,Female Protagonist; JRPG; Story Rich; Strategy RPG; Survival Horror; Tactical RPG,,,6,0,20,True,627791,0.9554214698840856,"20,000,000 .. 50,000,000",,,,True,term_match+reactions>=500; popular_fallback_top2500_or_reactions>=5000,narrative/protagonist-heavy,Action; Adventure; Female Protagonist; First-Person; FPS; Horror; JRPG; Open World; RPG; Sandbox; Simulation; Singleplayer; Story Rich; Strategy; Strategy RPG; Survival; Survival Horror; Tactical RPG; Third Person; Turn-Based Strategy; Zombies,40,28,599805,27986,35000000.0,,Action; Adventure; Simulation; FPS; Female Protagonist; First-Person; Horror; JRPG; Open World; RPG; Sandbox; Singleplayer; Story Rich; Strategy; Strategy RPG; Survival; Survival Horror; Tactical RPG; Third Person; Turn-Based Strategy; Zombies,The Forest,The Forest,1699381053.0,36506723.0,IStoreService/GetAppList,2026-06-20T18:38:37.448689+00:00,Endnight Games Ltd,Endnight Games Ltd,0.0,,0.0,0.0,1999.0,1999.0,0.0,2892.0,,genre; tag,True,False,True,True,0
605740,"Flashing Lights - Police, Firefighting, Emergency Services (EMS) Simulator",A_core_strong,>=2 primary top-tag signals and reactions>=500,Action RPG; Character Customization; Detective; Female Protagonist; Immersive Sim; Investigation; Survival Horror,,,7,0,20,True,16963,0.8068148322820256,"500,000 .. 1,000,000",,,,True,term_match+reactions>=500; popular_fallback_top2500_or_reactions>=5000,narrative/protagonist-heavy,Action; Action RPG; Adventure; Character Customization; Detective; Female Protagonist; First-Person; FPS; Immersive Sim; Investigation; Management; Open World; RPG; Sandbox; Shooter; Simulation; Singleplayer; Survival Horror; Third Person; Third-Person Shooter,37,1182,13686,3277,750000.0,,Action; RPG; Simulation; Action RPG; Adventure; Character Customization; Detective; FPS; Female Protagonist; First-Person; Immersive Sim; Investigation; Management; Open World; Sandbox; Shooter; Singleplayer; Survival Horror; Third Person; Third-Person Shooter,"Flashing Lights - Police, Firefighting, Emergency Services (EMS) Simulator","Flashing Lights - Police, Firefighting, Emergency Services (EMS) Simulator",1781528176.0,36475788.0,IStoreService/GetAppList,2026-06-20T18:38:37.448689+00:00,Nils Jakrins,Excalibur Games,0.0,,0.0,0.0,2499.0,2499.0,0.0,311.0,,genre; tag,True,False,True,True,0
611790,House Party,A_core_strong,>=2 primary top-tag signals and reactions>=500,Character Customization; Choices Matter; Choose Your Own Adventure; Female Protagonist; Immersive Sim; Multiple Endings; Story Rich; Walking Simulator,,,8,0,20,True,14988,0.8621563917800907,"1,000,000 .. 2,000,000",,,,True,term_match+reactions>=500; popular_fallback_top2500_or_reactions>=5000,narrative/protagonist-heavy,Adventure; Character Customization; Choices Matter; Choose Your Own Adventure; Female Protagonist; First-Person; FPS; Horror; Immersive Sim; Multiple Endings; Open World; RPG; Sandbox; Shooter; Simulation; Singleplayer; Story Rich; Strategy; Survival; Walking Simulator,44,1309,12922,2066,1500000.0,,Adventure; RPG; Simulation; Character Customization; Choices Matter; Choose Your Own Adventure; FPS; Female Protagonist; First-Person; Horror; Immersive Sim; Multiple Endings; Open World; Sandbox; Shooter; Singleplayer; Story Rich; Strategy; Survival; Walking Simulator,House Party,House Party,1771516030.0,35942703.0,IStoreService/GetAppList,2026-06-20T18:38:37.448689+00:00,"Eek! Games, LLC","Eek! Games, LLC",0.0,,0.0,0.0,2499.0,2499.0,0.0,205.0,,genre; tag,True,False,True,True,0
420110,NEKOPARA Vol. 2,A_core_strong,>=2 primary top-tag signals and reactions>=500,Female Protagonist; Story Rich; Survival Horror; Visual Novel; Walking Simulator,,,5,0,20,True,12598,0.9701539926972536,"500,000 .. 1,000,000",,,,True,term_match+reactions>=500; popular_fallback_top2500_or_reactions>=5000,narrative/protagonist-heavy,Action; Adventure; Female Protagonist; First-Person; FPS; Horror; Open World; Platformer; RPG; Shooter; Simulation; Singleplayer; Stealth; Story Rich; Strategy; Survival; Survival Horror; Third-Person Shooter; Visual Novel; Walking Simulator; Zombies,37,1496,12222,376,750000.0,,Action; Adventure; FPS; Female Protagonist; First-Person; Horror; Open World; Platformer; RPG; Shooter; Simulation; Singleplayer; Stealth; Story Rich; Strategy; Survival; Survival Horror; Third-Person Shooter; Visual Novel; Walking Simulator; Zombies,NEKOPARA Vol. 2,NEKOPARA Vol. 2,1656892360.0,35968346.0,IStoreService/GetAppList,2026-06-20T18:38:37.448689+00:00,NEKO WORKs,Sekai Project,0.0,,0.0,0.0,999.0,999.0,0.0,14.0,,tag,True,False,True,True,0
538030,Xenonauts 2,A_core_strong,>=2 primary top-tag signals and reactions>=500,Character Customization; Choices Matter; CRPG; Story Rich; Tactical RPG,,,5,0,20,True,2952,0.8031842818428184,"100,000 .. 200,000",,,,True,term_match+reactions>=500,narrative/protagonist-heavy,4X; Action; Adventure; Character Customization; Choices Matter; City Builder; CRPG; Grand Strategy; Management; Open World; RPG; Sandbox; Simulation; Singleplayer; Stealth; Story Rich; Strategy; Survival; Tactical RPG; Turn-Based Strategy,44,3999,2371,581,150000.0,,RPG; Simulation; Strategy; 4X; Action; Adventure; CRPG; Character Customization; Choices Matter; City Builder; Grand Strategy; Management; Open World; Sandbox; Singleplayer; Stealth; Story Rich; Survival; Tactical RPG; Turn-Based Strategy,Xenonauts 2,Xenonauts 2,1780042367.0,36649246.0,IStoreService/GetAppList,2026-06-20T18:38:37.448689+00:00,Goldhawk Interactive,Hooded Horse,0.0,,0.0,0.0,3999.0,3999.0,0.0,161.0,,genre; tag,True,False,True,False,0
1592110,Spirit of the Island,A_core_strong,>=2 primary top-tag signals and reactions>=500,Action RPG; Character Customization; Choices Matter; Choose Your Own Adventure; Female Protagonist; Immersive Sim; Mystery; Party-Based RPG; Story Rich,,,9,0,20,True,1742,0.6687715269804823,"20,000 .. 50,000",,,,True,term_match+reactions>=500,narrative/protagonist-heavy,Action; Action RPG; Adventure; Character Customization; Choices Matter; Choose Your Own Adventure; City Builder; Female Protagonist; Immersive Sim; Management; Mystery; Open World; Party-Based RPG; RPG; Sandbox; Simulation; Singleplayer; Story Rich; Survival; Third Person,46,5515,1165,577,35000.0,,Action; Adventure; RPG; Simulation; Action RPG; Character Customization; Choices Matter; Choose Your Own Adventure; City Builder; Female Protagonist; Immersive Sim; Management; Mystery; Open World; Party-Based RPG; Sandbox; Singleplayer; Story Rich; Survival; Third Person,Spirit of the Island,Spirit of the Island,1779175738.0,36338977.0,IStoreService/GetAppList,2026-06-20T18:38:37.448689+00:00,1M Bits Horde,META Publishing,0.0,,0.0,0.0,1499.0,1499.0,0.0,32.0,,genre; tag,True,False,True,False,0
521620,Alchemist Adventure,D_popular_control_candidate,popular/control pool only; not enough core signals,Action RPG; Character Customization; Female Protagonist; JRPG; Lore-Rich; Multiple Endings; Mystery; Story Rich,,,8,0,20,True,124,0.7338709677419355,"20,000 .. 50,000",,,,False,,narrative/protagonist-heavy,Action; Action-Adventure; Action RPG; Adventure; Character Customization; City Builder; Female Protagonist; JRPG; Lore-Rich; Multiple Endings; Mystery; Open World; Platformer; RPG; RTS; Simulation; Singleplayer; Story Rich; Strategy; Survival; Third Person; Zombies,46,20935,91,33,35000.0,,Action; Adventure; Action RPG; Action-Adventure; Character Customization; City Builder; Female Protagonist; JRPG; Lore-Rich; Multiple Endings; Mystery; Open World; Platformer; RPG; RTS; Simulation; Singleplayer; Story Rich; Strategy; Survival; Third Person; Zombies,Alchemist Adventure,Alchemist Adventure,1727715574.0,35345245.0,IStoreService/GetAppList,2026-06-20T18:38:37.448689+00:00,Bad Minions,SuperGG.com,0.0,,0.0,0.0,1499.0,1499.0,0.0,1.0,,genre; tag,True,False,False,False,0
1363080,Manor Lords,A_core_strong,>=2 primary top-tag signals and reactions>=500,Character Customization; Story Rich,,,2,0,19,True,72120,0.8627842484747643,"2,000,000 .. 5,000,000",,,,True,term_match+reactions>=500; popular_fallback_top2500_or_reactions>=5000,narrative/protagonist-heavy,4X; Action; Adventure; Character Customization; City Builder; Colony Sim; First-Person; Grand Strategy; Management; Open World; RPG; RTS; Sandbox; Simulation; Singleplayer; Story Rich; Strategy; Survival; Third Person,37,338,62224,9896,3500000.0,,Simulation; Strategy; 4X; Action; Adventure; Character Customization; City Builder; Colony Sim; First-Person; Grand Strategy; Management; Open World; RPG; RTS; Sandbox; Singleplayer; Story Rich; Survival; Third Person,Manor Lords,Manor Lords,1779785894.0,36448311.0,IStoreService/GetAppList,2026-06-20T18:38:37.448689+00:00,Slavic Magic,Hooded Horse,0.0,,0.0,0.0,3999.0,3999.0,0.0,1977.0,,genre; tag,True,False,True,True,0
1241510,The Test,A_core_strong,>=2 primary top-tag signals and reactions>=500,Choices Matter; Choose Your Own Adventure; Conversation; Detective; Immersive Sim; Interactive Fiction; Investigation; JRPG; Multiple Endings; Mystery; Story Rich; Survival Horror; Visual Novel,,,13,0,19,True,19954,0.9689285356319536,"500,000 .. 1,000,000",,,,True,term_match+reactions>=500; popular_fallback_top2500_or_reactions>=5000,narrative/protagonist-heavy,Adventure; Choices Matter; Choose Your Own Adventure; Conversation; Detective; Horror; Immersive Sim; Interactive Fiction; Investigation; JRPG; Multiple Endings; Mystery; Open World; RPG; Simulation; Singleplayer; Story Rich; Survival Horror; Visual Novel,50,1034,19334,620,750000.0,,Adventure; RPG; Simulation; Choices Matter; Choose Your Own Adventure; Conversation; Detective; Horror; Immersive Sim; Interactive Fiction; Investigation; JRPG; Multiple Endings; Mystery; Open World; Singleplayer; Story Rich; Survival Horror; Visual Novel,The Test,The Test,1751129073.0,35942703.0,IStoreService/GetAppList,2026-06-20T18:38:37.448689+00:00,Randumb Studios,Randumb Studios,0.0,,0.0,0.0,199.0,199.0,0.0,3.0,,genre; tag,True,False,True,True,0
1169040,Necesse,A_core_strong,>=2 primary top-tag signals and reactions>=500,Character Customization; Choices Matter; CRPG; Story Rich,,,4,0,19,True,17071,0.9365590767969072,"1,000,000 .. 2,000,000",,,,True,term_match+reactions>=500; popular_fallback_top2500_or_reactions>=5000,narrative/protagonist-heavy,Action; Action-Adventure; Adventure; Character Customization; Choices Matter; City Builder; Colony Sim; CRPG; Management; Open World; Platformer; RPG; Sandbox; Simulation; Singleplayer; Stealth; Story Rich; Strategy; Survival; Third-Person Shooter,41,1177,15988,1083,1500000.0,,Action; Adventure; RPG; Action-Adventure; CRPG; Character Customization; Choices Matter; City Builder; Colony Sim; Management; Open World; Platformer; Sandbox; Simulation; Singleplayer; Stealth; Story Rich; Strategy; Survival; Third-Person Shooter,Necesse,Necesse,1778533514.0,36384912.0,IStoreService/GetAppList,2026-06-20T18:38:37.448689+00:00,Fair Games ApS,Fair Games ApS,0.0,,0.0,0.0,1499.0,1499.0,0.0,507.0,,genre; tag,True,False,True,True,0
602520,NEKOPARA Vol. 3,A_core_strong,>=2 primary top-tag signals and reactions>=500,Female Protagonist; Story Rich; Survival Horror; Visual Novel; Walking Simulator,,,5,0,19,True,11893,0.970066425628521,"200,000 .. 500,000",,,,True,term_match+reactions>=500; popular_fallback_top2500_or_reactions>=5000,narrative/protagonist-heavy,Action; Adventure; Female Protagonist; First-Person; FPS; Horror; Open World; RPG; Shooter; Simulation; Singleplayer; Stealth; Story Rich; Strategy; Survival; Survival Horror; Third-Person Shooter; Visual Novel; Walking Simulator; Zombies,36,1558,11537,356,350000.0,,Action; Adventure; FPS; Female Protagonist; First-Person; Horror; Open World; RPG; Shooter; Simulation; Singleplayer; Stealth; Story Rich; Strategy; Survival; Survival Horror; Third-Person Shooter; Visual Novel; Walking Simulator; Zombies,NEKOPARA Vol. 3,NEKOPARA Vol. 3,1656892343.0,34672985.0,IStoreService/GetAppList,2026-06-20T18:38:37.448689+00:00,NEKO WORKs,Sekai Project,0.0,,0.0,0.0,999.0,999.0,0.0,15.0,,tag,True,False,True,True,0
291010,The Hat Man: Shadow Ward,A_core_strong,>=2 primary top-tag signals and reactions>=500,Female Protagonist; Story Rich; Survival Horror; Walking Simulator,,,4,0,19,True,3326,0.6545399879735417,"200,000 .. 500,000",,,,True,term_match+reactions>=500,narrative/protagonist-heavy,Action; Adventure; Female Protagonist; First-Person; FPS; Horror; Open World; Platformer; RPG; Sandbox; Shooter; Simulation; Singleplayer; Story Rich; Strategy; Survival; Survival Horror; Third Person; Walking Simulator; Zombies,35,3718,2177,1149,350000.0,,Action; Adventure; FPS; Female Protagonist; First-Person; Horror; Open World; Platformer; RPG; Sandbox; Shooter; Simulation; Singleplayer; Story Rich; Strategy; Survival; Survival Horror; Third Person; Walking Simulator; Zombies,The Hat Man: Shadow Ward,The Hat Man: Shadow Ward,1743736793.0,34672985.0,IStoreService/GetAppList,2026-06-20T18:38:37.448689+00:00,Game Mechanics LLC,Game Mechanics LLC,0.0,,0.0,0.0,999.0,999.0,0.0,0.0,,genre; tag,True,False,True,False,0
1450830,At Dead Of Night,A_core_strong,>=2 primary top-tag signals and reactions>=500,Action RPG; Female Protagonist; Investigation; Lovecraftian; Mystery; Party-Based RPG; Story Rich; Strategy RPG; Survival Horror; Tactical RPG,,,10,0,19,True,2890,0.9366782006920416,"50,000 .. 100,000",,,,True,term_match+reactions>=500,narrative/protagonist-heavy,Action; Action-Adventure; Action RPG; Adventure; Female Protagonist; First-Person; Horror; Investigation; Lovecraftian; Mystery; Party-Based RPG; RPG; Singleplayer; Stealth; Story Rich; Strategy; Strategy RPG; Survival; Survival Horror; Tactical RPG,40,4055,2707,183,75000.0,,Action; RPG; Strategy; Action RPG; Action-Adventure; Adventure; Female Protagonist; First-Person; Horror; Investigation; Lovecraftian; Mystery; Party-Based RPG; Singleplayer; Stealth; Story Rich; Strategy RPG; Survival; Survival Horror; Tactical RPG,At Dead Of Night,At Dead Of Night,1759702068.0,34672985.0,IStoreService/GetAppList,2026-06-20T18:38:37.448689+00:00,Baggy Cat Ltd.,Baggy Cat Ltd.,0.0,,0.0,0.0,1599.0,1599.0,0.0,6.0,,genre; tag,True,False,True,False,0
638990,"UNDYING - ""KINGDOM""",A_core_strong,>=2 primary top-tag signals and reactions>=500,Action RPG; Choices Matter; Female Protagonist; Multiple Endings; Story Rich; Survival Horror,,,6,0,19,True,1783,0.7969713965227145,"100,000 .. 200,000",,,,True,term_match+reactions>=500,narrative/protagonist-heavy,Action; Action RPG; Adventure; Choices Matter; Female Protagonist; Horror; Management; Multiple Endings; Open World; RPG; Shooter; Simulation; Singleplayer; Stealth; Story Rich; Strategy; Survival; Survival Horror; Third Person; Zombies,43,5438,1421,362,150000.0,,Adventure; Action; Action RPG; Choices Matter; Female Protagonist; Horror; Management; Multiple Endings; Open World; RPG; Shooter; Simulation; Singleplayer; Stealth; Story Rich; Strategy; Survival; Survival Horror; Third Person; Zombies,"UNDYING - ""KINGDOM""","UNDYING - ""KINGDOM""",1754587150.0,36118681.0,IStoreService/GetAppList,2026-06-20T18:38:37.448689+00:00,Vanimals,"Skystone Games, Vanimals",0.0,,0.0,0.0,1999.0,1999.0,0.0,14.0,,genre; tag,True,False,True,False,0
758730,Paw Patrol: On A Roll!,D_popular_control_candidate,popular/control pool only; not enough core signals,Choices Matter; Female Protagonist; JRPG; Lovecraftian; Story Rich; Survival Horror; Visual Novel; Walking Simulator,,,8,0,19,True,419,0.8424821002386634,"20,000 .. 50,000",,,,False,,narrative/protagonist-heavy,Action; Action-Adventure; Adventure; Choices Matter; Female Protagonist; FPS; Grand Strategy; Horror; JRPG; Lovecraftian; Platformer; Simulation; Singleplayer; Story Rich; Strategy; Survival; Survival Horror; Third-Person Shooter; Visual Novel; Walking Simulator; Zombies,43,11935,353,66,35000.0,,Adventure; Action; Action-Adventure; Choices Matter; FPS; Female Protagonist; Grand Strategy; Horror; JRPG; Lovecraftian; Platformer; Simulation; Singleplayer; Story Rich; Strategy; Survival; Survival Horror; Third-Person Shooter; Visual Novel; Walking Simulator; Zombies,Paw Patrol: On A Roll!,Paw Patrol: On A Roll!,1694774487.0,36706455.0,IStoreService/GetAppList,2026-06-20T18:38:37.448689+00:00,Torus Games,Outright Games Ltd.,0.0,,0.0,0.0,749.0,2999.0,75.0,11.0,,genre; tag,True,False,False,False,0
1887020,Robber Knight,D_popular_control_candidate,popular/control pool only; not enough core signals,Action RPG; Character Customization; Choose Your Own Adventure; CRPG; Immersive Sim; Story Rich; Strategy RPG,,,7,0,19,True,293,0.6655290102389079,"20,000 .. 50,000",,,,False,,narrative/protagonist-heavy,4X; Action RPG; Character Customization; Choose Your Own Adventure; City Builder; CRPG; First-Person; Immersive Sim; Management; Open World; RPG; Sandbox; Simulation; Singleplayer; Story Rich; Strategy; Strategy RPG; Survival; Third Person,39,14323,195,98,35000.0,,RPG; Strategy; 4X; Action RPG; CRPG; Character Customization; Choose Your Own Adventure; City Builder; First-Person; Immersive Sim; Management; Open World; Sandbox; Simulation; Singleplayer; Story Rich; Strategy RPG; Survival; Third Person,Robber Knight,Robber Knight,1759653151.0,35497489.0,IStoreService/GetAppList,2026-06-20T18:38:37.448689+00:00,Sartorian,Sartorian,0.0,,0.0,0.0,3999.0,3999.0,0.0,1.0,,genre; tag,True,False,False,False,0
527990,Gladiator Trainer,D_popular_control_candidate,popular/control pool only; not enough core signals,Action RPG; Story Rich; Tactical RPG,,,3,0,19,True,273,0.7142857142857143,"0 .. 20,000",,,,False,,narrative/protagonist-heavy,Action; Action RPG; Adventure; First-Person; FPS; Horror; Open World; Platformer; RPG; Sandbox; Shooter; Simulation; Singleplayer; Story Rich; Strategy; Survival; Tactical RPG; Third Person; Turn-Based Strategy; Zombies,35,14757,195,78,10000.0,,Action; Adventure; RPG; Action RPG; FPS; First-Person; Horror; Open World; Platformer; Sandbox; Shooter; Simulation; Singleplayer; Story Rich; Strategy; Survival; Tactical RPG; Third Person; Turn-Based Strategy; Zombies,Gladiator Trainer,Gladiator Trainer,1756074895.0,36094575.0,IStoreService/GetAppList,2026-06-20T18:38:37.448689+00:00,Pilgrim Adventures,Senpai Industrial Studios,0.0,,0.0,0.0,199.0,199.0,0.0,0.0,,genre; tag,True,False,False,False,0
371100,Waste Walkers,D_popular_control_candidate,popular/control pool only; not enough core signals,Action RPG; Character Customization; Choose Your Own Adventure; CRPG; JRPG; Lore-Rich; Party-Based RPG; Survival Horror; Tactical RPG,,,9,0,19,True,205,0.8048780487804879,"20,000 .. 50,000",,,,False,,narrative/protagonist-heavy,Action; Action RPG; Adventure; Character Customization; Choose Your Own Adventure; CRPG; JRPG; Lore-Rich; Open World; Party-Based RPG; RPG; Sandbox; Simulation; Singleplayer; Strategy; Survival; Survival Horror; Tactical RPG; Turn-Based Strategy,40,16799,165,40,35000.0,,Action; Adventure; RPG; Simulation; Strategy; Action RPG; CRPG; Character Customization; Choose Your Own Adventure; JRPG; Lore-Rich; Open World; Party-Based RPG; Sandbox; Singleplayer; Survival; Survival Horror; Tactical RPG; Turn-Based Strategy,Waste Walkers,Waste Walkers,1762574771.0,36172547.0,IStoreService/GetAppList,2026-06-20T18:38:37.448689+00:00,Corrosive Studios LLC,Corrosive Studios LLC,0.0,,0.0,0.0,899.0,899.0,0.0,0.0,,genre; tag,True,False,False,False,0
995840,Road to Guangdong - Road Trip Car Driving Simulator Story-Based Indie Title (公路旅行驾驶游戏),D_popular_control_candidate,popular/control pool only; not enough core signals,Action RPG; Conversation; Female Protagonist; Immersive Sim; Story Rich; Visual Novel; Walking Simulator,,,7,0,19,True,144,0.3333333333333333,"0 .. 20,000",,,,False,,narrative/protagonist-heavy,Action; Action RPG; Adventure; Conversation; Female Protagonist; First-Person; Immersive Sim; Management; Open World; RPG; Sandbox; Simulation; Singleplayer; Story Rich; Strategy; Survival; Third Person; Visual Novel; Walking Simulator,37,19551,48,96,10000.0,,Adventure; Simulation; Action; Action RPG; Conversation; Female Protagonist; First-Person; Immersive Sim; Management; Open World; RPG; Sandbox; Singleplayer; Story Rich; Strategy; Survival; Third Person; Visual Novel; Walking Simulator,,Road to Guangdong - Road Trip Car Driving Simulator Story-Based Indie Title (公路旅行驾驶游戏),,,,,Just Add Oil Games,Excalibur Publishing,0.0,,0.0,0.0,0.0,0.0,0.0,0.0,,genre; tag,True,False,False,False,0
671510,DESOLATE,A_core_strong,>=2 primary top-tag signals and reactions>=500,Survival Horror; Walking Simulator,,,2,0,18,True,7881,0.6671742164699911,"500,000 .. 1,000,000",,,,True,term_match+reactions>=500; popular_fallback_top2500_or_reactions>=5000,RPG/character progression,Action; Adventure; First-Person; FPS; Horror; Open World; RPG; Sandbox; Shooter; Simulation; Singleplayer; Stealth; Strategy; Survival; Survival Horror; Third Person; Third-Person Shooter; Walking Simulator; Zombies,30,2064,5258,2623,750000.0,,Action; Adventure; RPG; FPS; First-Person; Horror; Open World; Sandbox; Shooter; Simulation; Singleplayer; Stealth; Strategy; Survival; Survival Horror; Third Person; Third-Person Shooter; Walking Simulator; Zombies,DESOLATE,DESOLATE,1672159128.0,36384912.0,IStoreService/GetAppList,2026-06-20T18:38:37.448689+00:00,Nearga,HypeTrain Digital,0.0,,0.0,0.0,1499.0,1499.0,0.0,7.0,,genre; tag,True,False,True,True,0
1097430,Book of Yog Idle RPG,A_core_strong,>=2 primary top-tag signals and reactions>=500,Action RPG; Choose Your Own Adventure; Female Protagonist; Immersive Sim; JRPG; Story Rich; Strategy RPG; Visual Novel,,,8,0,18,True,7383,0.6410673168088853,"200,000 .. 500,000",,,,True,term_match+reactions>=500; popular_fallback_top2500_or_reactions>=5000,narrative/protagonist-heavy,Action; Action-Adventure; Action RPG; Adventure; Choose Your Own Adventure; Female Protagonist; Horror; Immersive Sim; JRPG; Open World; RPG; Sandbox; Simulation; Singleplayer; Story Rich; Strategy; Strategy RPG; Survival; Visual Novel; Zombies,41,2167,4733,2650,350000.0,,Action; Adventure; RPG; Strategy; Action RPG; Action-Adventure; Choose Your Own Adventure; Female Protagonist; Horror; Immersive Sim; JRPG; Open World; Sandbox; Simulation; Singleplayer; Story Rich; Strategy RPG; Survival; Visual Novel; Zombies,Book Of Yog Idle RPG 依盖之书,Book of Yog Idle RPG,1780297834.0,35556921.0,IStoreService/GetAppList,2026-06-20T18:38:37.448689+00:00,元气工作室,元气工作室,0.0,,0.0,0.0,0.0,0.0,0.0,647.0,,genre; tag,True,False,True,True,0
1176470,Terra Invicta,A_core_strong,>=2 primary top-tag signals and reactions>=500,Action RPG; Character Customization; Story Rich,,,3,0,18,True,6560,0.8013719512195122,"200,000 .. 500,000",,,,True,term_match+reactions>=500; popular_fallback_top2500_or_reactions>=5000,narrative/protagonist-heavy,4X; Action; Action-Adventure; Action RPG; Adventure; Character Customization; City Builder; Grand Strategy; Management; Open World; RPG; RTS; Sandbox; Simulation; Singleplayer; Story Rich; Strategy; Third Person; Turn-Based Strategy,37,2370,5257,1303,350000.0,,Simulation; Strategy; 4X; Action; Action RPG; Action-Adventure; Adventure; Character Customization; City Builder; Grand Strategy; Management; Open World; RPG; RTS; Sandbox; Singleplayer; Story Rich; Third Person; Turn-Based Strategy,Terra Invicta,Terra Invicta,1781102012.0,36535570.0,IStoreService/GetAppList,2026-06-20T18:38:37.448689+00:00,Pavonis Interactive,Hooded Horse,0.0,,0.0,0.0,3999.0,3999.0,0.0,697.0,,genre; tag,True,False,True,True,0
1282200,The Test: Hypothesis Rising,A_core_strong,>=2 primary top-tag signals and reactions>=500,Choices Matter; Choose Your Own Adventure; Conversation; Detective; Immersive Sim; Interactive Fiction; Investigation; Multiple Endings; Mystery; Story Rich; Survival Horror; Visual Novel,,,12,0,18,True,5893,0.9770914644493468,"20,000 .. 50,000",,,,True,term_match+reactions>=500,narrative/protagonist-heavy,Adventure; Choices Matter; Choose Your Own Adventure; Conversation; Detective; Horror; Immersive Sim; Interactive Fiction; Investigation; Multiple Endings; Mystery; Open World; RPG; Simulation; Singleplayer; Story Rich; Survival Horror; Visual Novel,48,2556,5758,135,35000.0,,Adventure; RPG; Simulation; Choices Matter; Choose Your Own Adventure; Conversation; Detective; Horror; Immersive Sim; Interactive Fiction; Investigation; Multiple Endings; Mystery; Open World; Singleplayer; Story Rich; Survival Horror; Visual Novel,The Test: Hypothesis Rising,The Test: Hypothesis Rising,1751133890.0,35942703.0,IStoreService/GetAppList,2026-06-20T18:38:37.448689+00:00,Randumb Studios,Randumb Studios,0.0,,0.0,0.0,199.0,199.0,0.0,0.0,,genre; tag,True,False,True,False,0
1040230,Curious Expedition 2,A_core_strong,>=2 primary top-tag signals and reactions>=500,Character Customization; Dynamic Narration; Immersive Sim; Lovecraftian; Multiple Endings; Party-Based RPG; Story Rich; Strategy RPG; Tactical RPG,,,9,0,18,True,3860,0.8901554404145078,"500,000 .. 1,000,000",,,,True,term_match+reactions>=500,narrative/protagonist-heavy,Adventure; Character Customization; Dynamic Narration; Immersive Sim; Lovecraftian; Management; Multiple Endings; Open World; Party-Based RPG; RPG; Simulation; Singleplayer; Story Rich; Strategy; Strategy RPG; Survival; Tactical RPG; Turn-Based Strategy,39,3401,3436,424,750000.0,,Adventure; RPG; Simulation; Strategy; Character Customization; Dynamic Narration; Immersive Sim; Lovecraftian; Management; Multiple Endings; Open World; Party-Based RPG; Singleplayer; Story Rich; Strategy RPG; Survival; Tactical RPG; Turn-Based Strategy,Curious Expedition 2,Curious Expedition 2,1780579245.0,36421358.0,IStoreService/GetAppList,2026-06-20T18:38:37.448689+00:00,Maschinen-Mensch,"Maschinen-Mensch, Saftladen Berlin",0.0,,0.0,0.0,1999.0,1999.0,0.0,58.0,,genre; tag,True,False,True,False,0
1609230,Scarlet Hollow,A_core_strong,>=2 primary top-tag signals and reactions>=500,Character Customization; Choices Matter; Choose Your Own Adventure; Detective; Dynamic Narration; Female Protagonist; Interactive Fiction; Lore-Rich; Lovecraftian; Multiple Endings; Mystery; Narrative; Story Rich; Visual Novel; Walking Simulator,,,15,0,18,True,3071,0.9833930315858028,"50,000 .. 100,000",,,,True,term_match+reactions>=500,narrative/protagonist-heavy,Adventure; Character Customization; Choices Matter; Choose Your Own Adventure; Detective; Dynamic Narration; Female Protagonist; Horror; Interactive Fiction; Lore-Rich; Lovecraftian; Multiple Endings; Mystery; Narrative; RPG; Story Rich; Visual Novel; Walking Simulator,50,3906,3020,51,75000.0,,Adventure; RPG; Character Customization; Choices Matter; Choose Your Own Adventure; Detective; Dynamic Narration; Female Protagonist; Horror; Interactive Fiction; Lore-Rich; Lovecraftian; Multiple Endings; Mystery; Narrative; Story Rich; Visual Novel; Walking Simulator,Scarlet Hollow,Scarlet Hollow,1775751742.0,36217510.0,IStoreService/GetAppList,2026-06-20T18:38:37.448689+00:00,Black Tabby Games,Black Tabby Games,0.0,,0.0,0.0,2499.0,2499.0,0.0,38.0,,genre; tag,True,False,True,False,0
341310,Greyfox RPG,A_core_strong,>=2 primary top-tag signals and reactions>=500,Female Protagonist; JRPG; Story Rich,,,3,0,18,True,1838,0.750816104461371,"500,000 .. 1,000,000",,,,True,term_match+reactions>=500,narrative/protagonist-heavy,Action; Adventure; Female Protagonist; First-Person; FPS; Horror; JRPG; Open World; Platformer; RPG; Sandbox; Shooter; Simulation; Singleplayer; Story Rich; Strategy; Survival; Third Person; Zombies,34,5344,1380,458,750000.0,,Adventure; RPG; Action; FPS; Female Protagonist; First-Person; Horror; JRPG; Open World; Platformer; Sandbox; Shooter; Simulation; Singleplayer; Story Rich; Strategy; Survival; Third Person; Zombies,Greyfox RPG,Greyfox RPG,1756074903.0,36094575.0,IStoreService/GetAppList,2026-06-20T18:38:37.448689+00:00,Lesley Dodd,Senpai Industrial Studios,0.0,,0.0,0.0,199.0,199.0,0.0,1.0,,genre; tag,True,False,True,False,0
652410,Brigand: Oaxaca,A_core_strong,>=2 primary top-tag signals and reactions>=500,Action RPG; Character Customization; CRPG; Immersive Sim; Party-Based RPG; Strategy RPG; Tactical RPG,,,7,0,18,True,507,0.9546351084812624,"0 .. 20,000",,,,True,term_match+reactions>=500,RPG/character progression,Action; Action RPG; Adventure; Character Customization; CRPG; First-Person; FPS; Horror; Immersive Sim; Open World; Party-Based RPG; RPG; Shooter; Simulation; Strategy; Strategy RPG; Survival; Tactical RPG,31,10803,484,23,10000.0,,Action; Adventure; RPG; Simulation; Strategy; Action RPG; CRPG; Character Customization; FPS; First-Person; Horror; Immersive Sim; Open World; Party-Based RPG; Shooter; Strategy RPG; Survival; Tactical RPG,Brigand: Oaxaca,Brigand: Oaxaca,1778523789.0,36506723.0,IStoreService/GetAppList,2026-06-20T18:38:37.448689+00:00,"Brian J. Lancaster, Laughing Coyote Software","Brian J. Lancaster, Laughing Coyote Software",0.0,,0.0,0.0,999.0,999.0,0.0,2.0,,genre; tag,True,False,True,False,0
1694560,Inspector Schmidt - A Bavarian Tale,D_popular_control_candidate,popular/control pool only; not enough core signals,Action RPG; Character Customization; Choices Matter; Conversation; Detective; Dynamic Narration; Interactive Fiction; Investigation; Multiple Endings; Mystery; Story Rich,,,11,0,18,True,365,0.7917808219178082,"200,000 .. 500,000",,,,False,,narrative/protagonist-heavy,Action; Action-Adventure; Action RPG; Adventure; Character Customization; Choices Matter; Conversation; Detective; Dynamic Narration; Interactive Fiction; Investigation; Multiple Endings; Mystery; Open World; RPG; Singleplayer; Stealth; Story Rich; Third Person,47,12838,289,76,350000.0,,Adventure; RPG; Action; Action RPG; Action-Adventure; Character Customization; Choices Matter; Conversation; Detective; Dynamic Narration; Interactive Fiction; Investigation; Multiple Endings; Mystery; Open World; Singleplayer; Stealth; Story Rich; Third Person,Inspector Schmidt - A Bavarian Tale,Inspector Schmidt - A Bavarian Tale,1755092202.0,36398581.0,IStoreService/GetAppList,2026-06-20T18:38:37.448689+00:00,Active Fungus Studios,Active Fungus Studios,0.0,,0.0,0.0,1799.0,1799.0,0.0,0.0,,genre; tag,True,False,False,False,0
880130,Lawless Lands,D_popular_control_candidate,popular/control pool only; not enough core signals,Action RPG; Character Customization; Choices Matter; Choose Your Own Adventure; CRPG; JRPG; Lore-Rich; Multiple Endings; Party-Based RPG; Story Rich; Survival Horror,,,11,0,18,True,105,0.8952380952380953,"0 .. 20,000",,,,False,,narrative/protagonist-heavy,Action; Action-Adventure; Action RPG; Adventure; Character Customization; Choices Matter; Choose Your Own Adventure; CRPG; JRPG; Lore-Rich; Multiple Endings; Open World; Party-Based RPG; RPG; Singleplayer; Story Rich; Strategy; Survival; Survival Horror,45,22400,94,11,10000.0,,Action; Adventure; RPG; Strategy; Action RPG; Action-Adventure; CRPG; Character Customization; Choices Matter; Choose Your Own Adventure; JRPG; Lore-Rich; Multiple Endings; Open World; Party-Based RPG; Singleplayer; Story Rich; Survival; Survival Horror,Lawless Lands,Lawless Lands,1763999435.0,36568501.0,IStoreService/GetAppList,2026-06-20T18:38:37.448689+00:00,Corrosive Studios LLC,Corrosive Studios LLC,0.0,,0.0,0.0,1299.0,1299.0,0.0,0.0,,genre; tag,True,False,False,False,0
1546770,The Vagabond Emperor,D_popular_control_candidate,popular/control pool only; not enough core signals,Action RPG; Character Customization; Choices Matter; Political Sim; Strategy RPG; Tactical RPG,,,6,0,18,True,34,0.7647058823529411,"0 .. 20,000",,,,False,,narrative/protagonist-heavy,Action; Action RPG; Adventure; Character Customization; Choices Matter; Grand Strategy; Management; Open World; Political Sim; RPG; RTS; Sandbox; Simulation; Singleplayer; Strategy; Strategy RPG; Survival; Tactical RPG,40,35476,26,8,10000.0,,RPG; Simulation; Strategy; Action; Action RPG; Adventure; Character Customization; Choices Matter; Grand Strategy; Management; Open World; Political Sim; RTS; Sandbox; Singleplayer; Strategy RPG; Survival; Tactical RPG,The Vagabond Emperor,The Vagabond Emperor,1654607725.0,15351989.0,IStoreService/GetAppList,2026-06-20T18:38:37.448689+00:00,WigglingEyebrows,WigglingEyebrows,0.0,,0.0,0.0,1999.0,1999.0,0.0,0.0,,genre; tag,True,False,False,False,0
739720,Penkura,,,Action RPG; Immersive Sim; Lore-Rich; Mystery; Story Rich; Strategy RPG,,,6,0,18,True,0,,,,,,False,,narrative/protagonist-heavy,Action; Action-Adventure; Action RPG; Adventure; First-Person; FPS; Horror; Immersive Sim; Lore-Rich; Mystery; Open World; RPG; RTS; Shooter; Singleplayer; Story Rich; Strategy; Strategy RPG; Survival,35,127619,0,0,,,Action; Adventure; RPG; Strategy; Action RPG; Action-Adventure; FPS; First-Person; Horror; Immersive Sim; Lore-Rich; Mystery; Open World; RTS; Shooter; Singleplayer; Story Rich; Strategy RPG; Survival,Penkura,,1781738732.0,34672985.0,IStoreService/GetAppList,2026-06-20T18:38:37.448689+00:00,,,,,,,,,,,,genre; tag,True,False,False,False,0
377160,Fallout 4,A_core_strong,>=2 primary top-tag signals and reactions>=500,Action RPG; Character Customization; Female Protagonist; Story Rich; Walking Simulator,,,5,0,17,True,392287,0.8311618789304769,"10,000,000 .. 20,000,000",,,,True,term_match+reactions>=500; popular_fallback_top2500_or_reactions>=5000,narrative/protagonist-heavy,Action; Action RPG; Adventure; Character Customization; Female Protagonist; First-Person; FPS; Open World; RPG; Sandbox; Shooter; Singleplayer; Story Rich; Survival; Third Person; Third-Person Shooter; Walking Simulator,30,44,326054,66233,15000000.0,,RPG; Action; Action RPG; Adventure; Character Customization; FPS; Female Protagonist; First-Person; Open World; Sandbox; Shooter; Singleplayer; Story Rich; Survival; Third Person; Third-Person Shooter; Walking Simulator,Fallout 4,Fallout 4,1764687456.0,34672985.0,IStoreService/GetAppList,2026-06-20T18:38:37.448689+00:00,Bethesda Game Studios,Bethesda Softworks,0.0,,0.0,0.0,1999.0,1999.0,0.0,11179.0,,genre; tag,True,False,True,True,0
470220,UNO,A_core_strong,>=2 primary top-tag signals and reactions>=500,Action RPG; Choices Matter; Female Protagonist; Lovecraftian; Story Rich; Survival Horror; Visual Novel,,,7,0,17,True,51518,0.7215536317403626,"2,000,000 .. 5,000,000",,,,True,term_match+reactions>=500; popular_fallback_top2500_or_reactions>=5000,narrative/protagonist-heavy,Action; Action RPG; Choices Matter; Female Protagonist; FPS; Horror; Lovecraftian; Open World; Sandbox; Shooter; Simulation; Singleplayer; Story Rich; Strategy; Survival; Survival Horror; Visual Novel; Zombies,41,462,37173,14345,3500000.0,,Action; Action RPG; Choices Matter; FPS; Female Protagonist; Horror; Lovecraftian; Open World; Sandbox; Shooter; Simulation; Singleplayer; Story Rich; Strategy; Survival; Survival Horror; Visual Novel; Zombies,UNO,UNO,1779899040.0,36723066.0,IStoreService/GetAppList,2026-06-20T18:38:37.448689+00:00,Ubisoft Entertainment,Ubisoft Entertainment,0.0,,0.0,0.0,999.0,999.0,0.0,291.0,,tag,True,False,True,True,0
784150,Workers & Resources: Soviet Republic,A_core_strong,>=2 primary top-tag signals and reactions>=500,Choices Matter; Multiple Endings; Political Sim; Story Rich,,,4,0,17,True,22175,0.910574971815107,"500,000 .. 1,000,000",,,,True,term_match+reactions>=500; popular_fallback_top2500_or_reactions>=5000,narrative/protagonist-heavy,4X; Action; Choices Matter; City Builder; Colony Sim; Grand Strategy; Management; Multiple Endings; Open World; Political Sim; RTS; Sandbox; Simulation; Singleplayer; Story Rich; Strategy; Survival,40,940,20192,1983,750000.0,,Simulation; Strategy; 4X; Action; Choices Matter; City Builder; Colony Sim; Grand Strategy; Management; Multiple Endings; Open World; Political Sim; RTS; Sandbox; Singleplayer; Story Rich; Survival,Workers & Resources: Soviet Republic,Workers & Resources: Soviet Republic,1779785928.0,36448311.0,IStoreService/GetAppList,2026-06-20T18:38:37.448689+00:00,3Division,Hooded Horse,0.0,,0.0,0.0,3999.0,3999.0,0.0,2590.0,,genre; tag,True,False,True,True,0
1466060,Tainted Grail: The Fall of Avalon,A_core_strong,>=2 primary top-tag signals and reactions>=500,Action RPG; Character Customization; Choices Matter; Immersive Sim; Lore-Rich; Multiple Endings; Narrative; Story Rich; Survival Horror,,,9,0,17,True,11480,0.8748257839721254,"200,000 .. 500,000",,,,True,term_match+reactions>=500; popular_fallback_top2500_or_reactions>=5000,narrative/protagonist-heavy,Action; Action RPG; Adventure; Character Customization; Choices Matter; First-Person; FPS; Immersive Sim; Lore-Rich; Multiple Endings; Narrative; Open World; RPG; Singleplayer; Story Rich; Survival Horror; Third Person,38,1598,10043,1437,350000.0,,Action; Adventure; RPG; Action RPG; Character Customization; Choices Matter; FPS; First-Person; Immersive Sim; Lore-Rich; Multiple Endings; Narrative; Open World; Singleplayer; Story Rich; Survival Horror; Third Person,Tainted Grail: The Fall of Avalon,Tainted Grail: The Fall of Avalon,1779465911.0,36706455.0,IStoreService/GetAppList,2026-06-20T18:38:37.448689+00:00,Questline,Awaken Realms,0.0,,0.0,0.0,2699.0,4499.0,40.0,8175.0,,genre; tag,True,False,True,True,0
226860,Galactic Civilizations III,A_core_strong,>=2 primary top-tag signals and reactions>=500,Character Customization; Choices Matter; Lore-Rich; Story Rich,,,4,0,17,True,10282,0.765804318226026,"1,000,000 .. 2,000,000",,,,True,term_match+reactions>=500; popular_fallback_top2500_or_reactions>=5000,narrative/protagonist-heavy,4X; Action; Adventure; Character Customization; Choices Matter; Grand Strategy; Lore-Rich; Management; Open World; RPG; Sandbox; Simulation; Singleplayer; Story Rich; Strategy; Third Person; Turn-Based Strategy,39,1717,7874,2408,1500000.0,,Strategy; 4X; Action; Adventure; Character Customization; Choices Matter; Grand Strategy; Lore-Rich; Management; Open World; RPG; Sandbox; Simulation; Singleplayer; Story Rich; Third Person; Turn-Based Strategy,Galactic Civilizations III,Galactic Civilizations III,1770137450.0,35340127.0,IStoreService/GetAppList,2026-06-20T18:38:37.448689+00:00,Stardock Entertainment,Stardock Entertainment,0.0,,0.0,0.0,2999.0,2999.0,0.0,161.0,,genre; tag,True,False,True,True,0
1207650,Suzerain,A_core_strong,>=2 primary top-tag signals and reactions>=500,Character Customization; Choices Matter; Choose Your Own Adventure; Immersive Sim; Interactive Fiction; Multiple Endings; Narrative; Political Sim; Story Rich; Strategy RPG; Visual Novel,,,11,0,17,True,9266,0.9343837686164472,"500,000 .. 1,000,000",,,,True,term_match+reactions>=500; popular_fallback_top2500_or_reactions>=5000,narrative/protagonist-heavy,Adventure; Character Customization; Choices Matter; Choose Your Own Adventure; Immersive Sim; Interactive Fiction; Management; Multiple Endings; Narrative; Political Sim; RPG; Simulation; Singleplayer; Story Rich; Strategy; Strategy RPG; Visual Novel,44,1841,8658,608,750000.0,,Adventure; RPG; Character Customization; Choices Matter; Choose Your Own Adventure; Immersive Sim; Interactive Fiction; Management; Multiple Endings; Narrative; Political Sim; Simulation; Singleplayer; Story Rich; Strategy; Strategy RPG; Visual Novel,Suzerain,Suzerain,1774543554.0,36596532.0,IStoreService/GetAppList,2026-06-20T18:38:37.448689+00:00,Torpor Games,Torpor Games,0.0,,0.0,0.0,1999.0,1999.0,0.0,258.0,,genre; tag,True,False,True,True,0
466500,35MM,A_core_strong,>=2 primary top-tag signals and reactions>=500,Choices Matter; Multiple Endings; Story Rich; Survival Horror; Visual Novel; Walking Simulator,,,6,0,17,True,4193,0.7133317433818268,"200,000 .. 500,000",,,,True,term_match+reactions>=500,narrative/protagonist-heavy,Action; Adventure; Choices Matter; First-Person; FPS; Horror; Multiple Endings; Open World; Shooter; Simulation; Singleplayer; Story Rich; Survival; Survival Horror; Third Person; Visual Novel; Walking Simulator,35,3190,2991,1202,350000.0,,Action; Adventure; Choices Matter; FPS; First-Person; Horror; Multiple Endings; Open World; Shooter; Simulation; Singleplayer; Story Rich; Survival; Survival Horror; Third Person; Visual Novel; Walking Simulator,35MM,35MM,1726734088.0,34672985.0,IStoreService/GetAppList,2026-06-20T18:38:37.448689+00:00,Носков Сергей,Носков Сергей,0.0,,0.0,0.0,899.0,899.0,0.0,2.0,,tag,True,False,True,False,0
926140,CHANGE: A Homeless Survival Experience,A_core_strong,>=2 primary top-tag signals and reactions>=500,Character Customization; Choices Matter; Choose Your Own Adventure; Conversation; Dynamic Narration; Female Protagonist; Multiple Endings; Story Rich; Strategy RPG,,,9,0,17,True,2575,0.9106796116504854,"20,000 .. 50,000",,,,True,term_match+reactions>=500,narrative/protagonist-heavy,Adventure; Character Customization; Choices Matter; Choose Your Own Adventure; Conversation; Dynamic Narration; Female Protagonist; Management; Multiple Endings; Open World; RPG; Simulation; Singleplayer; Story Rich; Strategy; Strategy RPG; Survival,45,4389,2345,230,35000.0,,Adventure; RPG; Simulation; Strategy; Character Customization; Choices Matter; Choose Your Own Adventure; Conversation; Dynamic Narration; Female Protagonist; Management; Multiple Endings; Open World; Singleplayer; Story Rich; Strategy RPG; Survival,CHANGE: A Homeless Survival Experience,CHANGE: A Homeless Survival Experience,1752957286.0,36338977.0,IStoreService/GetAppList,2026-06-20T18:38:37.448689+00:00,Delve Interactive,Delve Interactive,0.0,,0.0,0.0,1999.0,1999.0,0.0,18.0,,genre; tag,True,False,True,False,0
331160,Disney•Pixar Cars,A_core_strong,>=2 primary top-tag signals and reactions>=500,Choices Matter; Female Protagonist; Story Rich; Survival Horror,,,4,0,17,True,2573,0.9047804119704626,"100,000 .. 200,000",,,,True,term_match+reactions>=500,narrative/protagonist-heavy,Action; Adventure; Choices Matter; Female Protagonist; First-Person; FPS; Horror; Open World; RPG; Shooter; Simulation; Singleplayer; Story Rich; Strategy; Survival; Survival Horror; Third Person; Zombies,37,4390,2328,245,150000.0,,Adventure; Action; Choices Matter; FPS; Female Protagonist; First-Person; Horror; Open World; RPG; Shooter; Simulation; Singleplayer; Story Rich; Strategy; Survival; Survival Horror; Third Person; Zombies,Disney•Pixar Cars,Disney•Pixar Cars,1741732583.0,34672985.0,IStoreService/GetAppList,2026-06-20T18:38:37.448689+00:00,Beenox,"THQ, Disney",0.0,,0.0,0.0,1999.0,1999.0,0.0,9.0,,genre; tag,True,False,True,False,0
357480,Frozen Free Fall: Snowball Fight,A_core_strong,>=2 primary top-tag signals and reactions>=500,Action RPG; Female Protagonist; Story Rich; Survival Horror; Visual Novel,,,5,0,17,True,1908,0.5943396226415094,"200,000 .. 500,000",,,,True,term_match+reactions>=500,narrative/protagonist-heavy,Action; Action RPG; Adventure; Female Protagonist; First-Person; Horror; RPG; Sandbox; Shooter; Simulation; Singleplayer; Stealth; Story Rich; Strategy; Survival; Survival Horror; Visual Novel,33,5232,1134,774,350000.0,,Action; Action RPG; Adventure; Female Protagonist; First-Person; Horror; RPG; Sandbox; Shooter; Simulation; Singleplayer; Stealth; Story Rich; Strategy; Survival; Survival Horror; Visual Novel,,Frozen Free Fall: Snowball Fight,,,,,SuperVillain Studios,Disney,0.0,,0.0,0.0,0.0,0.0,0.0,2.0,,tag,True,False,True,False,0
1043340,No Time,A_core_strong,>=2 primary top-tag signals and reactions>=500,Choices Matter; Dynamic Narration; Interactive Fiction; Investigation; Story Rich,,,5,0,17,True,1705,0.9747800586510263,"20,000 .. 50,000",,,,True,term_match+reactions>=500,narrative/protagonist-heavy,Action; Action-Adventure; Adventure; Choices Matter; Dynamic Narration; First-Person; FPS; Horror; Interactive Fiction; Investigation; Open World; RPG; Sandbox; Shooter; Simulation; Singleplayer; Story Rich; Survival,39,5591,1662,43,35000.0,,Action; Adventure; RPG; Simulation; Action-Adventure; Choices Matter; Dynamic Narration; FPS; First-Person; Horror; Interactive Fiction; Investigation; Open World; Sandbox; Shooter; Singleplayer; Story Rich; Survival,No Time,No Time,1768570918.0,35578264.0,IStoreService/GetAppList,2026-06-20T18:38:37.448689+00:00,Lost in Days Studio,Lost in Days Studio,0.0,,0.0,0.0,1299.0,1299.0,0.0,26.0,,genre; tag,True,False,True,False,0
528200,VEGAS Pro 14 Edit Steam Edition,A_core_strong,>=2 primary top-tag signals and reactions>=500,Choices Matter; Female Protagonist; Story Rich; Survival Horror; Visual Novel; Walking Simulator,,,6,0,17,True,1495,0.8120401337792642,"20,000 .. 50,000",,,,True,term_match+reactions>=500,narrative/protagonist-heavy,Action; Adventure; Choices Matter; Female Protagonist; First-Person; FPS; Horror; Open World; Sandbox; Shooter; Simulation; Singleplayer; Story Rich; Survival; Survival Horror; Visual Novel; Walking Simulator,36,6020,1214,281,35000.0,,Action; Adventure; Choices Matter; FPS; Female Protagonist; First-Person; Horror; Open World; Sandbox; Shooter; Simulation; Singleplayer; Story Rich; Survival; Survival Horror; Visual Novel; Walking Simulator,,VEGAS Pro 14 Edit Steam Edition,,,,,MAGIX Software GmbH,MAGIX Software GmbH,0.0,,0.0,0.0,0.0,0.0,0.0,43.0,,tag,True,False,True,False,0
461640,Sins Of The Demon RPG,A_core_strong,>=2 primary top-tag signals and reactions>=500,JRPG; Story Rich,,,2,0,17,True,989,0.833164812942366,"200,000 .. 500,000",,,,True,term_match+reactions>=500,narrative/protagonist-heavy,Action; Adventure; First-Person; FPS; Horror; JRPG; Open World; Platformer; RPG; Sandbox; Shooter; Simulation; Singleplayer; Story Rich; Strategy; Survival; Third Person; Zombies,31,7561,824,165,350000.0,,Action; Adventure; RPG; FPS; First-Person; Horror; JRPG; Open World; Platformer; Sandbox; Shooter; Simulation; Singleplayer; Story Rich; Strategy; Survival; Third Person; Zombies,Sins Of The Demon RPG,Sins Of The Demon RPG,1756075018.0,36094575.0,IStoreService/GetAppList,2026-06-20T18:38:37.448689+00:00,Chandler Rounsley,Senpai Industrial Studios,0.0,,0.0,0.0,199.0,199.0,0.0,0.0,,genre; tag,True,False,True,False,0
407230,Legend of Mysteria RPG,A_core_strong,>=2 primary top-tag signals and reactions>=500,JRPG; Story Rich,,,2,0,17,True,821,0.7088915956151035,"200,000 .. 500,000",,,,True,term_match+reactions>=500,narrative/protagonist-heavy,Action; Adventure; First-Person; FPS; Horror; JRPG; Open World; Platformer; RPG; Sandbox; Shooter; Simulation; Singleplayer; Story Rich; Strategy; Survival; Third Person; Zombies,31,8388,582,239,350000.0,,Action; Adventure; RPG; FPS; First-Person; Horror; JRPG; Open World; Platformer; Sandbox; Shooter; Simulation; Singleplayer; Story Rich; Strategy; Survival; Third Person; Zombies,Legend of Mysteria RPG,Legend of Mysteria RPG,1756075001.0,36094575.0,IStoreService/GetAppList,2026-06-20T18:38:37.448689+00:00,Labyrinthine,Senpai Industrial Studios,0.0,,0.0,0.0,199.0,199.0,0.0,2.0,,genre; tag,True,False,True,False,0
353550,House of Caravan,A_core_strong,>=2 primary top-tag signals and reactions>=500,Story Rich; Walking Simulator,,,2,0,17,True,793,0.6771752837326608,"100,000 .. 200,000",,,,True,term_match+reactions>=500,narrative/protagonist-heavy,Action; Adventure; First-Person; FPS; Horror; Open World; Platformer; RPG; Sandbox; Shooter; Simulation; Singleplayer; Story Rich; Strategy; Survival; Third Person; Walking Simulator; Zombies,30,8540,537,256,150000.0,,Adventure; Action; FPS; First-Person; Horror; Open World; Platformer; RPG; Sandbox; Shooter; Simulation; Singleplayer; Story Rich; Strategy; Survival; Third Person; Walking Simulator; Zombies,House of Caravan,House of Caravan,1756074913.0,36094575.0,IStoreService/GetAppList,2026-06-20T18:38:37.448689+00:00,Rosebud Games,Senpai Industrial Studios,0.0,,0.0,0.0,199.0,199.0,0.0,0.0,,genre; tag,True,False,True,False,0
1406040,Scarlet Hollow,A_core_strong,>=2 primary top-tag signals and reactions>=500,Character Customization; Choices Matter; Choose Your Own Adventure; Dynamic Narration; Female Protagonist; Interactive Fiction; Investigation; Lore-Rich; Multiple Endings; Mystery; Story Rich; Visual Novel; Walking Simulator,,,13,0,17,True,708,0.9689265536723164,"200,000 .. 500,000",,,,True,term_match+reactions>=500,narrative/protagonist-heavy,Adventure; Character Customization; Choices Matter; Choose Your Own Adventure; Dynamic Narration; Female Protagonist; First-Person; Horror; Interactive Fiction; Investigation; Lore-Rich; Multiple Endings; Mystery; RPG; Story Rich; Visual Novel; Walking Simulator,46,9080,686,22,350000.0,,Adventure; RPG; Character Customization; Choices Matter; Choose Your Own Adventure; Dynamic Narration; Female Protagonist; First-Person; Horror; Interactive Fiction; Investigation; Lore-Rich; Multiple Endings; Mystery; Story Rich; Visual Novel; Walking Simulator,,Scarlet Hollow,,,,,Black Tabby Games,Black Tabby Games,0.0,,0.0,0.0,0.0,0.0,0.0,0.0,,genre; tag,True,False,True,False,0
1601680,The Advisor - Episode 1: Royal Pain,A_core_strong,>=2 primary top-tag signals and reactions>=500,Choices Matter; Choose Your Own Adventure; Detective; Immersive Sim; Interactive Fiction; Investigation; Lore-Rich; Multiple Endings; Mystery; Story Rich; Visual Novel,,,11,0,17,True,589,0.9711375212224108,"50,000 .. 100,000",,,,True,term_match+reactions>=500,narrative/protagonist-heavy,Adventure; Choices Matter; Choose Your Own Adventure; Detective; Immersive Sim; Interactive Fiction; Investigation; Lore-Rich; Management; Multiple Endings; Mystery; Open World; RPG; Simulation; Story Rich; Survival; Visual Novel,45,9985,572,17,75000.0,,Adventure; RPG; Simulation; Choices Matter; Choose Your Own Adventure; Detective; Immersive Sim; Interactive Fiction; Investigation; Lore-Rich; Management; Multiple Endings; Mystery; Open World; Story Rich; Survival; Visual Novel,The Advisor - Episode 1: Royal Pain,The Advisor - Episode 1: Royal Pain,1750085175.0,36094575.0,IStoreService/GetAppList,2026-06-20T18:38:37.448689+00:00,Randumb Studios,Randumb Studios,0.0,,0.0,0.0,299.0,299.0,0.0,0.0,,genre; tag,True,False,True,False,0
725780,Play With Me: Escape Room,A_core_strong,>=2 primary top-tag signals and reactions>=500,Detective; Interactive Fiction; Investigation; Lovecraftian; Mystery; Story Rich; Survival Horror; Visual Novel,,,8,0,17,True,512,0.6328125,"50,000 .. 100,000",,,,True,term_match+reactions>=500,narrative/protagonist-heavy,Action; Adventure; Detective; First-Person; FPS; Horror; Interactive Fiction; Investigation; Lovecraftian; Mystery; Simulation; Singleplayer; Story Rich; Strategy; Survival; Survival Horror; Visual Novel,37,10752,324,188,75000.0,,Action; Adventure; Simulation; Detective; FPS; First-Person; Horror; Interactive Fiction; Investigation; Lovecraftian; Mystery; Singleplayer; Story Rich; Strategy; Survival; Survival Horror; Visual Novel,Play With Me: Escape Room,Play With Me: Escape Room,1777663931.0,36230565.0,IStoreService/GetAppList,2026-06-20T18:38:37.448689+00:00,Airem,Airem,0.0,,0.0,0.0,299.0,299.0,0.0,0.0,,genre; tag,True,False,True,False,0
900400,Sacred Fire: A Role Playing Game,D_popular_control_candidate,popular/control pool only; not enough core signals,Character Customization; Choices Matter; Choose Your Own Adventure; Conversation; CRPG; Detective; Female Protagonist; Interactive Fiction; Multiple Endings; Narrative; Story Rich; Visual Novel,,,12,0,17,True,467,0.9507494646680942,"20,000 .. 50,000",,,,False,,narrative/protagonist-heavy,Adventure; Character Customization; Choices Matter; Choose Your Own Adventure; Conversation; CRPG; Detective; Female Protagonist; Interactive Fiction; Multiple Endings; Narrative; RPG; Simulation; Singleplayer; Story Rich; Strategy; Visual Novel,48,11271,444,23,35000.0,,Adventure; RPG; CRPG; Character Customization; Choices Matter; Choose Your Own Adventure; Conversation; Detective; Female Protagonist; Interactive Fiction; Multiple Endings; Narrative; Simulation; Singleplayer; Story Rich; Strategy; Visual Novel,Sacred Fire: A Role Playing Game,Sacred Fire: A Role Playing Game,1759482280.0,36596532.0,IStoreService/GetAppList,2026-06-20T18:38:37.448689+00:00,Poetic,Iceberg Interactive,0.0,,0.0,0.0,1899.0,1899.0,0.0,0.0,,genre; tag,True,False,False,False,0
2142450,Z.O.N.A Project X VR,D_popular_control_candidate,popular/control pool only; not enough core signals,Action RPG; Immersive Sim; Multiple Endings; Story Rich; Survival Horror,,,5,0,17,True,265,0.8,"0 .. 20,000",,,,False,,narrative/protagonist-heavy,Action; Action RPG; Adventure; First-Person; FPS; Horror; Immersive Sim; Multiple Endings; Open World; RPG; Shooter; Simulation; Singleplayer; Stealth; Story Rich; Survival; Survival Horror,30,14970,212,53,10000.0,,Action; Adventure; RPG; Action RPG; FPS; First-Person; Horror; Immersive Sim; Multiple Endings; Open World; Shooter; Simulation; Singleplayer; Stealth; Story Rich; Survival; Survival Horror,Z.O.N.A Project X VR,Z.O.N.A Project X VR,1743350597.0,36506723.0,IStoreService/GetAppList,2026-06-20T18:38:37.448689+00:00,AGaming+,AGaming+,0.0,,0.0,0.0,499.0,1999.0,75.0,0.0,,genre; tag,True,False,False,False,0
1146170,KingSim,D_popular_control_candidate,popular/control pool only; not enough core signals,Choices Matter; Choose Your Own Adventure; CRPG; Detective; Investigation; Multiple Endings; Political Sim; Story Rich; Strategy RPG; Visual Novel,,,10,0,17,True,200,0.86,"20,000 .. 50,000",,,,False,,narrative/protagonist-heavy,Adventure; Choices Matter; Choose Your Own Adventure; City Builder; CRPG; Detective; Investigation; Management; Multiple Endings; Political Sim; RPG; Simulation; Story Rich; Strategy; Strategy RPG; Survival; Visual Novel,43,16984,172,28,35000.0,,Adventure; RPG; Simulation; Strategy; CRPG; Choices Matter; Choose Your Own Adventure; City Builder; Detective; Investigation; Management; Multiple Endings; Political Sim; Story Rich; Strategy RPG; Survival; Visual Novel,KingSim,KingSim,1727998127.0,36421358.0,IStoreService/GetAppList,2026-06-20T18:38:37.448689+00:00,Fuzzy Pixel Game Studio,Fuzzy Pixel Game Studio,0.0,,0.0,0.0,999.0,999.0,0.0,0.0,,genre; tag,True,False,False,False,0
1451680,Game Master Engine,D_popular_control_candidate,popular/control pool only; not enough core signals,Choices Matter; Choose Your Own Adventure; CRPG; Immersive Sim; Party-Based RPG; Story Rich; Strategy RPG; Tactical RPG,,,8,0,17,True,199,0.8090452261306532,"0 .. 20,000",,,,False,,narrative/protagonist-heavy,Adventure; Choices Matter; Choose Your Own Adventure; CRPG; God Game; Immersive Sim; Open World; Party-Based RPG; RPG; Sandbox; Simulation; Singleplayer; Story Rich; Strategy; Strategy RPG; Tactical RPG; Third Person; Turn-Based Strategy,40,17010,161,38,10000.0,,RPG; Simulation; Adventure; CRPG; Choices Matter; Choose Your Own Adventure; God Game; Immersive Sim; Open World; Party-Based RPG; Sandbox; Singleplayer; Story Rich; Strategy; Strategy RPG; Tactical RPG; Third Person; Turn-Based Strategy,Game Master Engine,Game Master Engine,1769478411.0,22736671.0,IStoreService/GetAppList,2026-06-20T18:38:37.448689+00:00,Game Master Studios LLC,Game Master Studios LLC,0.0,,0.0,0.0,0.0,0.0,0.0,2.0,,genre; tag,True,False,False,False,0
2920510,Werewolf Party,D_popular_control_candidate,popular/control pool only; not enough core signals,Character Customization; Conversation; Detective; Investigation; Mystery; Party-Based RPG; Strategy RPG; Tactical RPG,,,8,0,17,True,133,0.8796992481203008,"0 .. 20,000",,,,False,,narrative/protagonist-heavy,Action; Character Customization; Conversation; Detective; First-Person; FPS; Horror; Investigation; Mystery; Party-Based RPG; RPG; Stealth; Strategy; Strategy RPG; Survival; Tactical RPG; Third Person,34,20284,117,16,10000.0,,Action; RPG; Strategy; Character Customization; Conversation; Detective; FPS; First-Person; Horror; Investigation; Mystery; Party-Based RPG; Stealth; Strategy RPG; Survival; Tactical RPG; Third Person,Werewolf Party,Werewolf Party,1781802638.0,35792264.0,IStoreService/GetAppList,2026-06-20T18:38:37.448689+00:00,Absam Studios,Absam Studios,0.0,,0.0,0.0,799.0,799.0,0.0,0.0,,genre; tag,True,False,False,False,0
2336330,Tower Song,D_popular_control_candidate,popular/control pool only; not enough core signals,Character Customization; Female Protagonist; JRPG; Lore-Rich; Lovecraftian; Multiple Endings; Party-Based RPG; Story Rich; Strategy RPG; Tactical RPG; Visual Novel,,,11,0,17,True,50,0.96,"20,000 .. 50,000",,,,False,,narrative/protagonist-heavy,Adventure; Character Customization; Female Protagonist; First-Person; JRPG; Lore-Rich; Lovecraftian; Multiple Endings; Party-Based RPG; RPG; Singleplayer; Story Rich; Strategy; Strategy RPG; Tactical RPG; Turn-Based Strategy; Visual Novel,39,30570,48,2,35000.0,,Adventure; RPG; Strategy; Character Customization; Female Protagonist; First-Person; JRPG; Lore-Rich; Lovecraftian; Multiple Endings; Party-Based RPG; Singleplayer; Story Rich; Strategy RPG; Tactical RPG; Turn-Based Strategy; Visual Novel,Tower Song,Tower Song,1778290893.0,35874850.0,IStoreService/GetAppList,2026-06-20T18:38:37.448689+00:00,OI Games,OI Games,0.0,,0.0,0.0,999.0,999.0,0.0,0.0,,genre; tag,True,False,False,False,0
1800650,Galaxy Citizen,D_popular_control_candidate,popular/control pool only; not enough core signals,Action RPG; Female Protagonist; Story Rich,,,3,0,17,True,23,0.6956521739130435,"50,000 .. 100,000",,,,False,,narrative/protagonist-heavy,Action; Action-Adventure; Action RPG; Adventure; Female Protagonist; First-Person; FPS; Open World; RPG; Sandbox; Shooter; Simulation; Singleplayer; Story Rich; Strategy; Survival; Third Person; Third-Person Shooter,31,41617,16,7,75000.0,,Action; Adventure; RPG; Simulation; Strategy; Action RPG; Action-Adventure; FPS; Female Protagonist; First-Person; Open World; Sandbox; Shooter; Singleplayer; Story Rich; Survival; Third Person; Third-Person Shooter,Galaxy City®,Galaxy Citizen,1736924584.0,22736671.0,IStoreService/GetAppList,2026-06-20T18:38:37.448689+00:00,Darker Gaming,Darker Gaming,0.0,,0.0,0.0,0.0,0.0,0.0,0.0,,genre; tag,True,False,False,False,0
2660560,The Way Of Kings,D_popular_control_candidate,popular/control pool only; not enough core signals,Story Rich; Survival Horror,,,2,0,17,True,21,0.8095238095238095,"0 .. 20,000",,,,False,,narrative/protagonist-heavy,Action; Adventure; City Builder; First-Person; FPS; Open World; RPG; RTS; Sandbox; Shooter; Simulation; Singleplayer; Story Rich; Strategy; Survival; Survival Horror; Third-Person Shooter; Zombies,32,42964,17,4,10000.0,,Action; Adventure; RPG; Simulation; Strategy; City Builder; FPS; First-Person; Open World; RTS; Sandbox; Shooter; Singleplayer; Story Rich; Survival; Survival Horror; Third-Person Shooter; Zombies,,The Way Of Kings,,,,,杨元杰,杨元杰,0.0,,0.0,0.0,0.0,0.0,0.0,0.0,,genre; tag,True,False,False,False,0
2339490,Pirate Patrol,D_popular_control_candidate,popular/control pool only; not enough core signals,Action RPG; Character Customization; Party-Based RPG; Story Rich; Strategy RPG; Tactical RPG,,,6,0,17,True,19,0.7368421052631579,"0 .. 20,000",,,,False,,narrative/protagonist-heavy,4X; Action; Action RPG; Adventure; Character Customization; Grand Strategy; Open World; Party-Based RPG; RPG; RTS; Simulation; Singleplayer; Story Rich; Strategy; Strategy RPG; Tactical RPG; Turn-Based Strategy,35,44588,14,5,10000.0,,Action; RPG; Simulation; Strategy; 4X; Action RPG; Adventure; Character Customization; Grand Strategy; Open World; Party-Based RPG; RTS; Singleplayer; Story Rich; Strategy RPG; Tactical RPG; Turn-Based Strategy,Pirate Patrol,Pirate Patrol,1778987021.0,36535570.0,IStoreService/GetAppList,2026-06-20T18:38:37.448689+00:00,INDIELLIGENT,INDIELLIGENT,0.0,,0.0,0.0,499.0,499.0,0.0,0.0,,genre; tag,True,False,False,False,0
1526190,Mysteries of Shaola: The Cave,D_popular_control_candidate,popular/control pool only; not enough core signals,Choices Matter; CRPG; Detective; Interactive Fiction; Investigation; JRPG; Lore-Rich; Multiple Endings; Mystery; Party-Based RPG; Story Rich; Visual Novel,,,12,0,17,True,2,1.0,"20,000 .. 50,000",,,,False,,narrative/protagonist-heavy,Action; Adventure; Choices Matter; CRPG; Detective; Horror; Interactive Fiction; Investigation; JRPG; Lore-Rich; Multiple Endings; Mystery; Party-Based RPG; RPG; Singleplayer; Story Rich; Visual Novel,45,75993,2,0,35000.0,,Action; Adventure; RPG; CRPG; Choices Matter; Detective; Horror; Interactive Fiction; Investigation; JRPG; Lore-Rich; Multiple Endings; Mystery; Party-Based RPG; Singleplayer; Story Rich; Visual Novel,Mysteries of Shaola: The Cave,Mysteries of Shaola: The Cave,1753379652.0,35497489.0,IStoreService/GetAppList,2026-06-20T18:38:37.448689+00:00,Smiling Dragon RPG Studios,Smiling Dragon RPG Studios,0.0,,0.0,0.0,999.0,999.0,0.0,0.0,,genre; tag,True,False,False,False,0
2526270,Son Of Killwa,,,Immersive Sim; Narrative; Story Rich; Survival Horror,,,4,0,17,True,0,,,,,,False,,narrative/protagonist-heavy,Action; Action-Adventure; Adventure; Horror; Immersive Sim; Narrative; Open World; Platformer; RPG; Sandbox; Shooter; Simulation; Singleplayer; Stealth; Story Rich; Survival; Survival Horror; Third Person,31,97884,0,0,,,Adventure; Action; Action-Adventure; Horror; Immersive Sim; Narrative; Open World; Platformer; RPG; Sandbox; Shooter; Simulation; Singleplayer; Stealth; Story Rich; Survival; Survival Horror; Third Person,Son Of Killwa,,1708068702.0,29222913.0,IStoreService/GetAppList,2026-06-20T18:38:37.448689+00:00,,,,,,,,,,,,genre; tag,True,False,False,False,0
377290,Biodrone Battle,,,Story Rich,,,1,0,17,True,0,,,,,,False,,narrative/protagonist-heavy,Action; Adventure; First-Person; FPS; Horror; Open World; Platformer; RPG; Sandbox; Shooter; Simulation; Singleplayer; Stealth; Story Rich; Strategy; Survival; Third Person; Zombies,30,136258,0,0,,,Action; Adventure; FPS; First-Person; Horror; Open World; Platformer; RPG; Sandbox; Shooter; Simulation; Singleplayer; Stealth; Story Rich; Strategy; Survival; Third Person; Zombies,Biodrone Battle,,1516699632.0,33078735.0,IStoreService/GetAppList,2026-06-20T18:38:37.448689+00:00,,,,,,,,,,,,genre; tag,True,False,False,False,0
333600,NEKOPARA Vol. 1,A_core_strong,>=2 primary top-tag signals and reactions>=500,Female Protagonist; Story Rich; Visual Novel; Walking Simulator,,,4,0,16,True,26924,0.951901649086317,"500,000 .. 1,000,000",,,,True,term_match+reactions>=500; popular_fallback_top2500_or_reactions>=5000,narrative/protagonist-heavy,Action; Adventure; Female Protagonist; First-Person; Horror; Open World; RPG; Shooter; Simulation; Singleplayer; Stealth; Story Rich; Strategy; Third-Person Shooter; Visual Novel; Walking Simulator; Zombies,31,801,25629,1295,750000.0,,Action; Adventure; Female Protagonist; First-Person; Horror; Open World; RPG; Shooter; Simulation; Singleplayer; Stealth; Story Rich; Strategy; Third-Person Shooter; Visual Novel; Walking Simulator; Zombies,NEKOPARA Vol. 1,NEKOPARA Vol. 1,1656892670.0,34672985.0,IStoreService/GetAppList,2026-06-20T18:38:37.448689+00:00,NEKO WORKs,Sekai Project,0.0,,0.0,0.0,999.0,999.0,0.0,34.0,,tag,True,False,True,True,0
1989270,Slay the Princess — The Pristine Cut,A_core_strong,>=2 primary top-tag signals and reactions>=500,Choices Matter; Choose Your Own Adventure; CRPG; Interactive Fiction; Lore-Rich; Lovecraftian; Multiple Endings; Story Rich; Visual Novel; Walking Simulator,,,10,0,16,True,23963,0.9708717606309728,"500,000 .. 1,000,000",,,,True,term_match+reactions>=500; popular_fallback_top2500_or_reactions>=5000,narrative/protagonist-heavy,Adventure; Choices Matter; Choose Your Own Adventure; CRPG; First-Person; Horror; Interactive Fiction; Lore-Rich; Lovecraftian; Multiple Endings; RPG; Simulation; Singleplayer; Story Rich; Visual Novel; Walking Simulator,40,876,23265,698,750000.0,,Adventure; RPG; Simulation; CRPG; Choices Matter; Choose Your Own Adventure; First-Person; Horror; Interactive Fiction; Lore-Rich; Lovecraftian; Multiple Endings; Singleplayer; Story Rich; Visual Novel; Walking Simulator,Slay the Princess — The Pristine Cut,Slay the Princess — The Pristine Cut,1775751748.0,36217510.0,IStoreService/GetAppList,2026-06-20T18:38:37.448689+00:00,Black Tabby Games,"Black Tabby Games, Serenity Forge",0.0,,0.0,0.0,1799.0,1799.0,0.0,134.0,,genre; tag,True,False,True,True,0
3117820,Sultan's Game,A_core_strong,>=2 primary top-tag signals and reactions>=500,Choices Matter; Choose Your Own Adventure; Lore-Rich; Multiple Endings; Mystery; Story Rich; Strategy RPG; Survival Horror,,,8,0,16,True,21870,0.9436213991769548,"1,000,000 .. 2,000,000",,,,True,term_match+reactions>=500; popular_fallback_top2500_or_reactions>=5000,narrative/protagonist-heavy,Adventure; Choices Matter; Choose Your Own Adventure; Lore-Rich; Management; Multiple Endings; Mystery; RPG; Simulation; Singleplayer; Story Rich; Strategy; Strategy RPG; Survival; Survival Horror; Turn-Based Strategy,41,959,20637,1233,1500000.0,,Adventure; RPG; Simulation; Strategy; Choices Matter; Choose Your Own Adventure; Lore-Rich; Management; Multiple Endings; Mystery; Singleplayer; Story Rich; Strategy RPG; Survival; Survival Horror; Turn-Based Strategy,Sultan's Game,Sultan's Game,1781777921.0,36172547.0,IStoreService/GetAppList,2026-06-20T18:38:37.448689+00:00,Double Cross,2P Games,0.0,,0.0,0.0,2499.0,2499.0,0.0,7726.0,,genre; tag,True,False,True,True,0
718670,Cultist Simulator,A_core_strong,>=2 primary top-tag signals and reactions>=500,Choices Matter; Choose Your Own Adventure; CRPG; Lore-Rich; Lovecraftian; Multiple Endings; Narrative; Story Rich; Strategy RPG,,,9,0,16,True,13003,0.7915096516188572,"500,000 .. 1,000,000",,,,True,term_match+reactions>=500; popular_fallback_top2500_or_reactions>=5000,narrative/protagonist-heavy,Choices Matter; Choose Your Own Adventure; CRPG; Horror; Lore-Rich; Lovecraftian; Management; Multiple Endings; Narrative; RPG; Simulation; Singleplayer; Story Rich; Strategy; Strategy RPG; Turn-Based Strategy,42,1457,10292,2711,750000.0,,RPG; Simulation; CRPG; Choices Matter; Choose Your Own Adventure; Horror; Lore-Rich; Lovecraftian; Management; Multiple Endings; Narrative; Singleplayer; Story Rich; Strategy; Strategy RPG; Turn-Based Strategy,Cultist Simulator,Cultist Simulator,1761059623.0,35271001.0,IStoreService/GetAppList,2026-06-20T18:38:37.448689+00:00,Weather Factory,Weather Factory,0.0,,0.0,0.0,1999.0,1999.0,0.0,582.0,,genre; tag,True,False,True,True,0
916840,The Walking Dead: Saints & Sinners,A_core_strong,>=2 primary top-tag signals and reactions>=500,Action RPG; Choices Matter; Story Rich; Survival Horror,,,4,0,16,True,9594,0.8673129038982698,"500,000 .. 1,000,000",,,,True,term_match+reactions>=500; popular_fallback_top2500_or_reactions>=5000,narrative/protagonist-heavy,Action; Action RPG; Adventure; Choices Matter; First-Person; FPS; Horror; Open World; RPG; Shooter; Simulation; Singleplayer; Story Rich; Strategy; Survival; Survival Horror; Zombies,35,1804,8321,1273,750000.0,,Action; Adventure; RPG; Simulation; Strategy; Action RPG; Choices Matter; FPS; First-Person; Horror; Open World; Shooter; Singleplayer; Story Rich; Survival; Survival Horror; Zombies,The Walking Dead: Saints & Sinners,The Walking Dead: Saints & Sinners,1744761535.0,34672985.0,IStoreService/GetAppList,2026-06-20T18:38:37.448689+00:00,Skydance Interactive,Skydance Interactive,0.0,,0.0,0.0,1999.0,1999.0,0.0,26.0,,genre; tag,True,False,True,True,0
652980,Loading Screen Simulator,A_core_strong,>=2 primary top-tag signals and reactions>=500,Choices Matter; Female Protagonist; Story Rich; Survival Horror; Walking Simulator,,,5,0,16,True,8613,0.8681063508649716,"200,000 .. 500,000",,,,True,term_match+reactions>=500; popular_fallback_top2500_or_reactions>=5000,narrative/protagonist-heavy,Action; Adventure; Choices Matter; Female Protagonist; First-Person; FPS; Horror; Open World; RPG; Sandbox; Simulation; Singleplayer; Story Rich; Strategy; Survival Horror; Walking Simulator; Zombies,36,1931,7477,1136,350000.0,,Simulation; Action; Adventure; Choices Matter; FPS; Female Protagonist; First-Person; Horror; Open World; RPG; Sandbox; Singleplayer; Story Rich; Strategy; Survival Horror; Walking Simulator; Zombies,Loading Screen Simulator,Loading Screen Simulator,1500000508.0,26253459.0,IStoreService/GetAppList,2026-06-20T18:38:37.448689+00:00,CakeEaterGames,CakeEaterGames,0.0,,0.0,0.0,0.0,0.0,0.0,6.0,,genre; tag,True,False,True,True,0
1428310,The Test: Final Revelation,A_core_strong,>=2 primary top-tag signals and reactions>=500,Choices Matter; Choose Your Own Adventure; Detective; Immersive Sim; Interactive Fiction; Investigation; Multiple Endings; Mystery; Story Rich; Survival Horror; Visual Novel,,,11,0,16,True,5360,0.9800373134328358,"0 .. 20,000",,,,True,term_match+reactions>=500,narrative/protagonist-heavy,Choices Matter; Choose Your Own Adventure; Detective; Horror; Immersive Sim; Interactive Fiction; Investigation; Multiple Endings; Mystery; Open World; RPG; Simulation; Singleplayer; Story Rich; Survival Horror; Visual Novel,44,2718,5253,107,10000.0,,RPG; Simulation; Choices Matter; Choose Your Own Adventure; Detective; Horror; Immersive Sim; Interactive Fiction; Investigation; Multiple Endings; Mystery; Open World; Singleplayer; Story Rich; Survival Horror; Visual Novel,The Test: Final Revelation,The Test: Final Revelation,1751133895.0,35942703.0,IStoreService/GetAppList,2026-06-20T18:38:37.448689+00:00,Randumb Studios,Randumb Studios,0.0,,0.0,0.0,199.0,199.0,0.0,1.0,,genre; tag,True,False,True,False,0
597180,Old World,A_core_strong,>=2 primary top-tag signals and reactions>=500,Character Customization; Story Rich; Tactical RPG,,,3,0,16,True,4673,0.8219559169698266,"200,000 .. 500,000",,,,True,term_match+reactions>=500,narrative/protagonist-heavy,4X; Action; Character Customization; City Builder; Grand Strategy; Management; Open World; RPG; Sandbox; Simulation; Singleplayer; Story Rich; Strategy; Survival; Tactical RPG; Turn-Based Strategy,34,2960,3841,832,350000.0,,RPG; Simulation; Strategy; 4X; Action; Character Customization; City Builder; Grand Strategy; Management; Open World; Sandbox; Singleplayer; Story Rich; Survival; Tactical RPG; Turn-Based Strategy,Old World,Old World,1780401792.0,36366778.0,IStoreService/GetAppList,2026-06-20T18:38:37.448689+00:00,Mohawk Games,Hooded Horse,0.0,,0.0,0.0,3999.0,3999.0,0.0,474.0,,genre; tag,True,False,True,False,0
1054510,Survivalist: Invisible Strain,A_core_strong,>=2 primary top-tag signals and reactions>=500,Action RPG; Character Customization; Choices Matter; Conversation,,,4,0,16,True,3579,0.871193070690137,"100,000 .. 200,000",,,,True,term_match+reactions>=500,narrative/protagonist-heavy,Action; Action RPG; Adventure; Character Customization; Choices Matter; Colony Sim; Conversation; Open World; RPG; RTS; Sandbox; Simulation; Stealth; Strategy; Survival; Third Person; Zombies,36,3565,3118,461,150000.0,,Action; Adventure; RPG; Simulation; Strategy; Action RPG; Character Customization; Choices Matter; Colony Sim; Conversation; Open World; RTS; Sandbox; Stealth; Survival; Third Person; Zombies,Survivalist: Invisible Strain,Survivalist: Invisible Strain,1777304857.0,36596532.0,IStoreService/GetAppList,2026-06-20T18:38:37.448689+00:00,Bob,Ginormocorp Incorporated,0.0,,0.0,0.0,1199.0,1199.0,0.0,258.0,,genre; tag,True,False,True,False,0
1700870,Clanfolk,A_core_strong,>=2 primary top-tag signals and reactions>=500,Immersive Sim; Story Rich; Tactical RPG,,,3,0,16,True,3108,0.9111969111969112,"200,000 .. 500,000",,,,True,term_match+reactions>=500,narrative/protagonist-heavy,Action; Adventure; City Builder; Colony Sim; God Game; Immersive Sim; Management; Open World; RPG; RTS; Sandbox; Simulation; Singleplayer; Story Rich; Strategy; Survival; Tactical RPG,33,3878,2832,276,350000.0,,RPG; Simulation; Strategy; Action; Adventure; City Builder; Colony Sim; God Game; Immersive Sim; Management; Open World; RTS; Sandbox; Singleplayer; Story Rich; Survival; Tactical RPG,Clanfolk,Clanfolk,1779785384.0,36506723.0,IStoreService/GetAppList,2026-06-20T18:38:37.448689+00:00,MinMax Games Ltd.,Hooded Horse,0.0,,0.0,0.0,2999.0,2999.0,0.0,386.0,,genre; tag,True,False,True,False,0
271260,Star Control: Origins,A_core_strong,>=2 primary top-tag signals and reactions>=500,Choices Matter; Choose Your Own Adventure; Conversation; Multiple Endings; Story Rich,,,5,0,16,True,2617,0.7355750859763087,"200,000 .. 500,000",,,,True,term_match+reactions>=500,narrative/protagonist-heavy,Action; Action-Adventure; Adventure; Choices Matter; Choose Your Own Adventure; Conversation; Multiple Endings; Open World; RPG; Sandbox; Shooter; Simulation; Singleplayer; Story Rich; Strategy; Third Person; Third-Person Shooter,37,4346,1925,692,350000.0,,Action; Adventure; Simulation; Action-Adventure; Choices Matter; Choose Your Own Adventure; Conversation; Multiple Endings; Open World; RPG; Sandbox; Shooter; Singleplayer; Story Rich; Strategy; Third Person; Third-Person Shooter,Star Control®: Origins,Star Control: Origins,1770142625.0,35340093.0,IStoreService/GetAppList,2026-06-20T18:38:37.448689+00:00,Stardock Entertainment,Stardock Entertainment,0.0,,0.0,0.0,1999.0,1999.0,0.0,7.0,,genre; tag,True,False,True,False,0
730390,Raji: An Ancient Epic,A_core_strong,>=2 primary top-tag signals and reactions>=500,Action RPG; Female Protagonist; Investigation; Lore-Rich; Lovecraftian; Mystery; Story Rich; Walking Simulator,,,8,0,16,True,2512,0.8204617834394905,"0 .. 20,000",,,,True,term_match+reactions>=500,narrative/protagonist-heavy,Action; Action-Adventure; Action RPG; Adventure; Female Protagonist; First-Person; Investigation; Lore-Rich; Lovecraftian; Mystery; Open World; RPG; Singleplayer; Story Rich; Survival; Third Person; Walking Simulator,34,4457,2061,451,10000.0,,Action; Adventure; Action RPG; Action-Adventure; Female Protagonist; First-Person; Investigation; Lore-Rich; Lovecraftian; Mystery; Open World; RPG; Singleplayer; Story Rich; Survival; Third Person; Walking Simulator,Raji: An Ancient Epic,Raji: An Ancient Epic,1763663874.0,36723066.0,IStoreService/GetAppList,2026-06-20T18:38:37.448689+00:00,Nodding Heads Games,Nodding Heads Games,0.0,,0.0,0.0,624.0,2499.0,75.0,2.0,,genre; tag,True,False,True,False,0
92100,DETOUR,D_popular_control_candidate,popular/control pool only; not enough core signals,Story Rich,,,1,0,16,True,1786,0.6136618141097424,"100,000 .. 200,000",,,,True,term_match+reactions>=500,narrative/protagonist-heavy,Action; Adventure; First-Person; FPS; Horror; Open World; Platformer; RPG; Sandbox; Shooter; Simulation; Singleplayer; Story Rich; Strategy; Survival; Third Person; Zombies,29,5435,1096,690,150000.0,,Strategy; Action; Adventure; FPS; First-Person; Horror; Open World; Platformer; RPG; Sandbox; Shooter; Simulation; Singleplayer; Story Rich; Survival; Third Person; Zombies,DETOUR,DETOUR,1545364420.0,26388145.0,IStoreService/GetAppList,2026-06-20T18:38:37.448689+00:00,"Geoff 'Zag' Keene, Richard Keene",Geoff 'Zag' Keene,0.0,,0.0,0.0,199.0,199.0,0.0,1.0,,genre; tag,True,False,True,False,0
909660,Vagrus - The Riven Realms,A_core_strong,>=2 primary top-tag signals and reactions>=500,Character Customization; Choices Matter; Choose Your Own Adventure; CRPG; JRPG; Lore-Rich; Mystery; Narrative; Story Rich; Strategy RPG,,,10,0,16,True,1418,0.8547249647390691,"100,000 .. 200,000",,,,True,term_match+reactions>=500,narrative/protagonist-heavy,Character Customization; Choices Matter; Choose Your Own Adventure; CRPG; JRPG; Lore-Rich; Mystery; Narrative; Open World; RPG; Sandbox; Singleplayer; Story Rich; Strategy; Strategy RPG; Turn-Based Strategy,43,6211,1212,206,150000.0,,RPG; Strategy; CRPG; Character Customization; Choices Matter; Choose Your Own Adventure; JRPG; Lore-Rich; Mystery; Narrative; Open World; Sandbox; Singleplayer; Story Rich; Strategy RPG; Turn-Based Strategy,Vagrus - The Riven Realms,Vagrus - The Riven Realms,1780420433.0,36448311.0,IStoreService/GetAppList,2026-06-20T18:38:37.448689+00:00,Lost Pilgrims Studio,Lost Pilgrims Studios,0.0,,0.0,0.0,2999.0,2999.0,0.0,81.0,,genre; tag,True,False,True,False,0
355150,gravilon,D_popular_control_candidate,popular/control pool only; not enough core signals,Story Rich,,,1,0,16,True,1248,0.594551282051282,"200,000 .. 500,000",,,,True,term_match+reactions>=500,narrative/protagonist-heavy,Action; Adventure; First-Person; FPS; Horror; Open World; Platformer; RPG; Sandbox; Shooter; Simulation; Singleplayer; Story Rich; Strategy; Survival; Third Person; Zombies,29,6653,742,506,350000.0,,Adventure; Strategy; Action; FPS; First-Person; Horror; Open World; Platformer; RPG; Sandbox; Shooter; Simulation; Singleplayer; Story Rich; Survival; Third Person; Zombies,gravilon,gravilon,1511231788.0,26388145.0,IStoreService/GetAppList,2026-06-20T18:38:37.448689+00:00,,,0.0,,0.0,0.0,299.0,299.0,0.0,1.0,,genre; tag,True,False,True,False,0
351490,Intergalactic Bubbles,D_popular_control_candidate,popular/control pool only; not enough core signals,Story Rich,,,1,0,16,True,1182,0.7876480541455161,"200,000 .. 500,000",,,,True,term_match+reactions>=500,narrative/protagonist-heavy,Action; Adventure; First-Person; FPS; Horror; Open World; Platformer; RPG; Sandbox; Shooter; Simulation; Singleplayer; Story Rich; Strategy; Survival; Third Person; Zombies,29,6876,931,251,350000.0,,Action; Adventure; FPS; First-Person; Horror; Open World; Platformer; RPG; Sandbox; Shooter; Simulation; Singleplayer; Story Rich; Strategy; Survival; Third Person; Zombies,Intergalactic Bubbles,Intergalactic Bubbles,1649966974.0,26388145.0,IStoreService/GetAppList,2026-06-20T18:38:37.448689+00:00,Hellscape Games,Hellscape Games,0.0,,0.0,0.0,199.0,199.0,0.0,5.0,,tag,True,False,True,False,0
370510,Marble Mayhem: Fragile Ball,D_popular_control_candidate,popular/control pool only; not enough core signals,Story Rich,,,1,0,16,True,1099,0.6733393994540491,"200,000 .. 500,000",,,,True,term_match+reactions>=500,narrative/protagonist-heavy,Action; Adventure; First-Person; FPS; Horror; Open World; Platformer; RPG; Sandbox; Shooter; Simulation; Singleplayer; Story Rich; Strategy; Survival; Third Person; Zombies,29,7142,740,359,350000.0,,Action; Adventure; FPS; First-Person; Horror; Open World; Platformer; RPG; Sandbox; Shooter; Simulation; Singleplayer; Story Rich; Strategy; Survival; Third Person; Zombies,Marble Mayhem: Fragile Ball,Marble Mayhem: Fragile Ball,1756075012.0,36094575.0,IStoreService/GetAppList,2026-06-20T18:38:37.448689+00:00,"Bimboosoft Co.,Ltd.",Senpai Industrial Studios,0.0,,0.0,0.0,199.0,199.0,0.0,1.0,,tag,True,False,True,False,0
1241520,The Horrorscope,A_core_strong,>=2 primary top-tag signals and reactions>=500,Choices Matter; Choose Your Own Adventure; Conversation; Immersive Sim; Interactive Fiction; Multiple Endings; Story Rich; Survival Horror; Visual Novel,,,9,0,16,True,1096,0.9406934306569344,"0 .. 20,000",,,,True,term_match+reactions>=500,narrative/protagonist-heavy,Adventure; Choices Matter; Choose Your Own Adventure; Conversation; Horror; Immersive Sim; Interactive Fiction; Multiple Endings; Open World; RPG; Simulation; Singleplayer; Story Rich; Survival; Survival Horror; Visual Novel,41,7160,1031,65,10000.0,,Adventure; RPG; Simulation; Choices Matter; Choose Your Own Adventure; Conversation; Horror; Immersive Sim; Interactive Fiction; Multiple Endings; Open World; Singleplayer; Story Rich; Survival; Survival Horror; Visual Novel,The Horrorscope,The Horrorscope,1750085227.0,36253786.0,IStoreService/GetAppList,2026-06-20T18:38:37.448689+00:00,Randumb Studios,Randumb Studios,0.0,,0.0,0.0,199.0,199.0,0.0,0.0,,genre; tag,True,False,True,False,0
340070,Battle Ranch: Pigs vs Plants,D_popular_control_candidate,popular/control pool only; not enough core signals,Story Rich,,,1,0,16,True,1053,0.4938271604938271,"100,000 .. 200,000",,,,True,term_match+reactions>=500,narrative/protagonist-heavy,Action; Adventure; First-Person; FPS; Horror; Open World; Platformer; RPG; Sandbox; Shooter; Simulation; Singleplayer; Story Rich; Strategy; Survival; Third Person; Zombies,29,7309,520,533,150000.0,,Strategy; Action; Adventure; FPS; First-Person; Horror; Open World; Platformer; RPG; Sandbox; Shooter; Simulation; Singleplayer; Story Rich; Survival; Third Person; Zombies,Battle Ranch: Pigs vs Plants,Battle Ranch: Pigs vs Plants,1756074847.0,36094575.0,IStoreService/GetAppList,2026-06-20T18:38:37.448689+00:00,Playboom,Senpai Industrial Studios,0.0,,0.0,0.0,199.0,199.0,0.0,1.0,,genre; tag,True,False,True,False,0
369400,Let the Cat in,A_core_strong,>=2 primary top-tag signals and reactions>=500,Female Protagonist; Story Rich; Survival Horror; Walking Simulator,,,4,0,16,True,992,0.7711693548387096,"0 .. 20,000",,,,True,term_match+reactions>=500,narrative/protagonist-heavy,Action; Adventure; Female Protagonist; First-Person; FPS; Horror; Open World; RPG; Shooter; Simulation; Singleplayer; Story Rich; Strategy; Survival; Survival Horror; Walking Simulator; Zombies,31,7544,765,227,10000.0,,Strategy; Action; Adventure; FPS; Female Protagonist; First-Person; Horror; Open World; RPG; Shooter; Simulation; Singleplayer; Story Rich; Survival; Survival Horror; Walking Simulator; Zombies,,Let the Cat in,,,,,Eforb,Eforb,0.0,,0.0,0.0,0.0,0.0,0.0,0.0,,genre; tag,True,False,True,False,0
371670,Rolling Sun,D_popular_control_candidate,popular/control pool only; not enough core signals,Story Rich,,,1,0,16,True,835,0.4850299401197604,"100,000 .. 200,000",,,,True,term_match+reactions>=500,narrative/protagonist-heavy,Action; Adventure; First-Person; FPS; Horror; Open World; Platformer; RPG; Sandbox; Shooter; Simulation; Singleplayer; Story Rich; Strategy; Survival; Third Person; Zombies,29,8310,405,430,150000.0,,Adventure; Strategy; Action; FPS; First-Person; Horror; Open World; Platformer; RPG; Sandbox; Shooter; Simulation; Singleplayer; Story Rich; Survival; Third Person; Zombies,Rolling Sun,Rolling Sun,1492977249.0,34672985.0,IStoreService/GetAppList,2026-06-20T18:38:37.448689+00:00,Mystik'Art,Mystik'Art,0.0,,0.0,0.0,199.0,199.0,0.0,0.0,,genre; tag,True,False,True,False,0
391420,Gun Rocket,D_popular_control_candidate,popular/control pool only; not enough core signals,Story Rich,,,1,0,16,True,717,0.7210599721059973,"200,000 .. 500,000",,,,True,term_match+reactions>=500,narrative/protagonist-heavy,Action; Adventure; First-Person; FPS; Horror; Open World; Platformer; RPG; Sandbox; Shooter; Simulation; Singleplayer; Story Rich; Strategy; Survival; Third Person; Zombies,29,9028,517,200,350000.0,,Action; Adventure; FPS; First-Person; Horror; Open World; Platformer; RPG; Sandbox; Shooter; Simulation; Singleplayer; Story Rich; Strategy; Survival; Third Person; Zombies,Gun Rocket,Gun Rocket,1781564120.0,33078735.0,IStoreService/GetAppList,2026-06-20T18:38:37.448689+00:00,"Space Wedgie, LLC","Space Wedgie, LLC",0.0,,0.0,0.0,199.0,199.0,0.0,1.0,,genre; tag,True,False,True,False,0
3418690,消失的航班，还有她她她！Lost in the secret!,A_core_strong,>=2 primary top-tag signals and reactions>=500,Action RPG; Choose Your Own Adventure; CRPG; Immersive Sim; Multiple Endings; Mystery; Strategy RPG; Visual Novel,,,8,0,16,True,700,0.9242857142857144,"50,000 .. 100,000",,,,True,term_match+reactions>=500,narrative/protagonist-heavy,Action; Action RPG; Adventure; Choose Your Own Adventure; CRPG; First-Person; Horror; Immersive Sim; Multiple Endings; Mystery; RPG; Simulation; Singleplayer; Strategy; Strategy RPG; Visual Novel,33,9144,647,53,75000.0,,Action; Adventure; RPG; Simulation; Strategy; Action RPG; CRPG; Choose Your Own Adventure; First-Person; Horror; Immersive Sim; Multiple Endings; Mystery; Singleplayer; Strategy RPG; Visual Novel,消失的航班，还有她她她！Lost in the secret!,消失的航班，还有她她她！Lost in the secret!,1747792618.0,29993100.0,IStoreService/GetAppList,2026-06-20T18:38:37.448689+00:00,Humongous Pictures,Insomnia Bear,0.0,,0.0,0.0,1999.0,1999.0,0.0,234.0,,genre; tag,True,False,True,False,0
1423370,NOeSIS_羽化,A_core_strong,>=2 primary top-tag signals and reactions>=500,Choices Matter; CRPG; Interactive Fiction; JRPG; Multiple Endings; Mystery; Story Rich; Visual Novel,,,8,0,16,True,695,0.9913669064748202,"50,000 .. 100,000",,,,True,term_match+reactions>=500,narrative/protagonist-heavy,Adventure; Choices Matter; CRPG; First-Person; FPS; Horror; Interactive Fiction; JRPG; Multiple Endings; Mystery; RPG; Simulation; Singleplayer; Story Rich; Strategy; Visual Novel,39,9182,689,6,75000.0,,Adventure; RPG; Simulation; CRPG; Choices Matter; FPS; First-Person; Horror; Interactive Fiction; JRPG; Multiple Endings; Mystery; Singleplayer; Story Rich; Strategy; Visual Novel,NOeSIS02_羽化,NOeSIS_羽化,1653380493.0,35557495.0,IStoreService/GetAppList,2026-06-20T18:38:37.448689+00:00,Classic Chocolat,"Red × Balloon, Hikare 个人汉化",0.0,,0.0,0.0,0.0,0.0,0.0,1.0,,genre; tag,True,False,True,False,0
416080,The Odyssey: Winds of Athena,D_popular_control_candidate,popular/control pool only; not enough core signals,Story Rich,,,1,0,16,True,562,0.6352313167259787,"100,000 .. 200,000",,,,True,term_match+reactions>=500,narrative/protagonist-heavy,Action; Adventure; First-Person; FPS; God Game; Horror; Open World; Platformer; RPG; Sandbox; Shooter; Simulation; Singleplayer; Story Rich; Strategy; Survival; Third Person; Zombies,31,10221,357,205,150000.0,,Action; Adventure; Simulation; Strategy; FPS; First-Person; God Game; Horror; Open World; Platformer; RPG; Sandbox; Shooter; Singleplayer; Story Rich; Survival; Third Person; Zombies,The Odyssey: Winds of Athena,The Odyssey: Winds of Athena,1756074899.0,36094575.0,IStoreService/GetAppList,2026-06-20T18:38:37.448689+00:00,Liquid Dragon Studios,Senpai Industrial Studios,0.0,,0.0,0.0,499.0,499.0,0.0,0.0,,genre; tag,True,False,True,False,0
394540,Spaceport Hope,D_popular_control_candidate,popular/control pool only; not enough core signals,Story Rich,,,1,0,16,True,482,0.7717842323651453,"100,000 .. 200,000",,,,False,,narrative/protagonist-heavy,Action; Adventure; First-Person; FPS; Horror; Open World; Platformer; RPG; Sandbox; Shooter; Simulation; Singleplayer; Story Rich; Strategy; Survival; Third Person; Zombies,29,11114,372,110,150000.0,,Action; Adventure; FPS; First-Person; Horror; Open World; Platformer; RPG; Sandbox; Shooter; Simulation; Singleplayer; Story Rich; Strategy; Survival; Third Person; Zombies,Spaceport Hope,Spaceport Hope,1492978215.0,36475536.0,IStoreService/GetAppList,2026-06-20T18:38:37.448689+00:00,team BitClub,"team BitClub , Sunken Treasure Games",0.0,,0.0,0.0,199.0,199.0,0.0,0.0,,genre; tag,True,False,False,False,0
1135260,The Falconeer: Revolution Remaster,D_popular_control_candidate,popular/control pool only; not enough core signals,Action RPG; Character Customization; Dynamic Narration; Immersive Sim; Lore-Rich; Mystery; Story Rich,,,7,0,16,True,478,0.7677824267782427,"50,000 .. 100,000",,,,False,,narrative/protagonist-heavy,Action; Action-Adventure; Action RPG; Adventure; Character Customization; Dynamic Narration; Immersive Sim; Lore-Rich; Mystery; Open World; RPG; Sandbox; Simulation; Singleplayer; Story Rich; Third Person; Third-Person Shooter,34,11162,367,111,75000.0,,Action; Adventure; RPG; Simulation; Action RPG; Action-Adventure; Character Customization; Dynamic Narration; Immersive Sim; Lore-Rich; Mystery; Open World; Sandbox; Singleplayer; Story Rich; Third Person; Third-Person Shooter,The Falconeer: Revolution Remaster,The Falconeer: Revolution Remaster,1770895782.0,36094575.0,IStoreService/GetAppList,2026-06-20T18:38:37.448689+00:00,Tomas Sala,Wired Productions,0.0,,0.0,0.0,1999.0,1999.0,0.0,4.0,,genre; tag,True,False,False,False,0
429700,Squirbs,D_popular_control_candidate,popular/control pool only; not enough core signals,Story Rich,,,1,0,16,True,439,0.6651480637813212,"50,000 .. 100,000",,,,False,,narrative/protagonist-heavy,Action; Adventure; First-Person; FPS; Horror; Open World; Platformer; RPG; Sandbox; Shooter; Simulation; Singleplayer; Story Rich; Strategy; Survival; Third Person; Zombies,29,11657,292,147,75000.0,,Action; Adventure; FPS; First-Person; Horror; Open World; Platformer; RPG; Sandbox; Shooter; Simulation; Singleplayer; Story Rich; Strategy; Survival; Third Person; Zombies,Squirbs,Squirbs,1492978565.0,26388145.0,IStoreService/GetAppList,2026-06-20T18:38:37.448689+00:00,Team Indev,Team Indev,0.0,,0.0,0.0,99.0,99.0,0.0,0.0,,genre; tag,True,False,False,False,0
1102780,Desert Of The Dead,D_popular_control_candidate,popular/control pool only; not enough core signals,Detective; Story Rich,,,2,0,16,True,432,0.6851851851851852,"0 .. 20,000",,,,False,,narrative/protagonist-heavy,Action; Action-Adventure; Adventure; Detective; First-Person; FPS; Horror; Open World; Platformer; RPG; Sandbox; Shooter; Singleplayer; Story Rich; Survival; Third Person; Third-Person Shooter; Zombies,30,11763,296,136,10000.0,,Action; Adventure; Action-Adventure; Detective; FPS; First-Person; Horror; Open World; Platformer; RPG; Sandbox; Shooter; Singleplayer; Story Rich; Survival; Third Person; Third-Person Shooter; Zombies,Desert Of The Dead,Desert Of The Dead,1723186553.0,36596532.0,IStoreService/GetAppList,2026-06-20T18:38:37.448689+00:00,Astralis Games,Astralis Games,0.0,,0.0,0.0,49.0,499.0,90.0,0.0,,genre; tag,True,False,False,False,0
1147940,3dSen PC,D_popular_control_candidate,popular/control pool only; not enough core signals,Action RPG; Female Protagonist; JRPG; Party-Based RPG; Story Rich,,,5,0,16,True,429,0.9090909090909092,"20,000 .. 50,000",,,,False,,narrative/protagonist-heavy,Action; Action-Adventure; Action RPG; Adventure; Female Protagonist; JRPG; Open World; Party-Based RPG; Platformer; RPG; Sandbox; Shooter; Simulation; Singleplayer; Story Rich; Strategy; Survival,32,11803,390,39,35000.0,,Action; Adventure; RPG; Simulation; Strategy; Action RPG; Action-Adventure; Female Protagonist; JRPG; Open World; Party-Based RPG; Platformer; Sandbox; Shooter; Singleplayer; Story Rich; Survival,3dSen PC,3dSen PC,1767850018.0,36421358.0,IStoreService/GetAppList,2026-06-20T18:38:37.448689+00:00,Geod Studio,Geod Studio,0.0,,0.0,0.0,1499.0,1499.0,0.0,3.0,,genre; tag,True,False,False,False,0
496730,Sorcerer King: Rivals,D_popular_control_candidate,popular/control pool only; not enough core signals,Character Customization; Choices Matter; Lore-Rich; Story Rich; Strategy RPG; Tactical RPG,,,6,0,16,True,401,0.6259351620947631,"100,000 .. 200,000",,,,False,,narrative/protagonist-heavy,4X; Adventure; Character Customization; Choices Matter; City Builder; Grand Strategy; Lore-Rich; RPG; Sandbox; Singleplayer; Story Rich; Strategy; Strategy RPG; Tactical RPG; Third Person; Turn-Based Strategy,38,12217,251,150,150000.0,,Adventure; RPG; Strategy; 4X; Character Customization; Choices Matter; City Builder; Grand Strategy; Lore-Rich; Sandbox; Singleplayer; Story Rich; Strategy RPG; Tactical RPG; Third Person; Turn-Based Strategy,Sorcerer King: Rivals,Sorcerer King: Rivals,1770135687.0,35340089.0,IStoreService/GetAppList,2026-06-20T18:38:37.448689+00:00,Stardock Entertainment,Stardock Entertainment,0.0,,0.0,0.0,1999.0,1999.0,0.0,2.0,,genre; tag,True,False,False,False,0
405610,Flight of the Paladin,D_popular_control_candidate,popular/control pool only; not enough core signals,Story Rich,,,1,0,16,True,390,0.5128205128205128,"100,000 .. 200,000",,,,False,,narrative/protagonist-heavy,Action; Adventure; First-Person; FPS; Horror; Open World; Platformer; RPG; Sandbox; Shooter; Simulation; Singleplayer; Story Rich; Strategy; Survival; Third Person; Zombies,29,12395,200,190,150000.0,,Action; Adventure; FPS; First-Person; Horror; Open World; Platformer; RPG; Sandbox; Shooter; Simulation; Singleplayer; Story Rich; Strategy; Survival; Third Person; Zombies,Flight of the Paladin,Flight of the Paladin,1547591746.0,26388145.0,IStoreService/GetAppList,2026-06-20T18:38:37.448689+00:00,Grizzly Wolf Games LLC,Grizzly Wolf Games LLC,0.0,,0.0,0.0,199.0,199.0,0.0,0.0,,genre; tag,True,False,False,False,0
447270,IKEA VR Experience,D_popular_control_candidate,popular/control pool only; not enough core signals,Choices Matter; Female Protagonist; JRPG; Story Rich; Survival Horror; Walking Simulator,,,6,0,16,True,375,0.696,"0 .. 20,000",,,,False,,narrative/protagonist-heavy,Action; Adventure; Choices Matter; Female Protagonist; First-Person; FPS; Horror; JRPG; RPG; Sandbox; Simulation; Singleplayer; Stealth; Story Rich; Survival Horror; Walking Simulator; Zombies,35,12646,261,114,10000.0,,Action; Adventure; Choices Matter; FPS; Female Protagonist; First-Person; Horror; JRPG; RPG; Sandbox; Simulation; Singleplayer; Stealth; Story Rich; Survival Horror; Walking Simulator; Zombies,IKEA VR Experience,IKEA VR Experience,1469103352.0,26253459.0,IStoreService/GetAppList,2026-06-20T18:38:37.448689+00:00,IKEA Communications AB,IKEA Communications AB,0.0,,0.0,0.0,0.0,0.0,0.0,8.0,,tag,True,False,False,False,0
313830,See No Evil,D_popular_control_candidate,popular/control pool only; not enough core signals,Story Rich,,,1,0,16,True,360,0.6583333333333333,"100,000 .. 200,000",,,,False,,narrative/protagonist-heavy,Action; Adventure; First-Person; FPS; Horror; Open World; Platformer; RPG; Sandbox; Shooter; Simulation; Singleplayer; Story Rich; Strategy; Survival; Third Person; Zombies,29,12917,237,123,150000.0,,Adventure; Strategy; Action; FPS; First-Person; Horror; Open World; Platformer; RPG; Sandbox; Shooter; Simulation; Singleplayer; Story Rich; Survival; Third Person; Zombies,See No Evil,See No Evil,1492977656.0,26388145.0,IStoreService/GetAppList,2026-06-20T18:38:37.448689+00:00,Gabriel Priske,Noetic,0.0,,0.0,0.0,99.0,99.0,0.0,0.0,,genre; tag,True,False,False,False,0
1547860,EBOLA 3,D_popular_control_candidate,popular/control pool only; not enough core signals,Choices Matter; Investigation; Multiple Endings; Story Rich; Survival Horror; Walking Simulator,,,6,0,16,True,320,0.728125,"0 .. 20,000",,,,False,,narrative/protagonist-heavy,Action; Adventure; Choices Matter; First-Person; FPS; Horror; Investigation; Multiple Endings; Open World; RPG; Shooter; Singleplayer; Story Rich; Survival; Survival Horror; Walking Simulator; Zombies,36,13705,233,87,10000.0,,Action; Adventure; Choices Matter; FPS; First-Person; Horror; Investigation; Multiple Endings; Open World; RPG; Shooter; Singleplayer; Story Rich; Survival; Survival Horror; Walking Simulator; Zombies,EBOLA 3,EBOLA 3,1746096163.0,36253786.0,IStoreService/GetAppList,2026-06-20T18:38:37.448689+00:00,indie_games_studio,indie_games_studio,0.0,,0.0,0.0,1999.0,1999.0,0.0,0.0,,genre; tag,True,False,False,False,0
1836220,Frigore,D_popular_control_candidate,popular/control pool only; not enough core signals,Choose Your Own Adventure; Immersive Sim; Walking Simulator,,,3,0,16,True,287,0.6132404181184669,"20,000 .. 50,000",,,,False,,narrative/protagonist-heavy,Action; Adventure; Choose Your Own Adventure; City Builder; First-Person; FPS; Horror; Immersive Sim; Open World; RPG; Sandbox; Shooter; Simulation; Stealth; Survival; Walking Simulator; Zombies,27,14454,176,111,35000.0,,Action; Adventure; Simulation; Choose Your Own Adventure; City Builder; FPS; First-Person; Horror; Immersive Sim; Open World; RPG; Sandbox; Shooter; Stealth; Survival; Walking Simulator; Zombies,Frigore,Frigore,1740708867.0,36094575.0,IStoreService/GetAppList,2026-06-20T18:38:37.448689+00:00,Filios Christou,Filios Christou,0.0,,0.0,0.0,199.0,199.0,0.0,0.0,,genre; tag,True,False,False,False,0
364210,Sierra Ops - Space Strategy Visual Novel,D_popular_control_candidate,popular/control pool only; not enough core signals,Choices Matter; Choose Your Own Adventure; Female Protagonist; Interactive Fiction; JRPG; Multiple Endings; Story Rich; Strategy RPG; Visual Novel,,,9,0,16,True,260,0.8269230769230769,"200,000 .. 500,000",,,,False,,narrative/protagonist-heavy,Action; Adventure; Choices Matter; Choose Your Own Adventure; Female Protagonist; Interactive Fiction; JRPG; Multiple Endings; RPG; RTS; Simulation; Singleplayer; Story Rich; Strategy; Strategy RPG; Visual Novel,41,15086,215,45,350000.0,,Adventure; Strategy; Action; Choices Matter; Choose Your Own Adventure; Female Protagonist; Interactive Fiction; JRPG; Multiple Endings; RPG; RTS; Simulation; Singleplayer; Story Rich; Strategy RPG; Visual Novel,Sierra Ops - Space Strategy Visual Novel,Sierra Ops - Space Strategy Visual Novel,1726604979.0,34672985.0,IStoreService/GetAppList,2026-06-20T18:38:37.448689+00:00,Innomen Team,Sekai Project,0.0,,0.0,0.0,1499.0,1499.0,0.0,3.0,,genre; tag,True,False,False,False,0
1610520,Serum: Toxic Survival,D_popular_control_candidate,popular/control pool only; not enough core signals,Character Customization; Interactive Fiction; Lore-Rich; Mystery; Story Rich; Walking Simulator,,,6,0,16,True,253,0.5770750988142292,"50,000 .. 100,000",,,,False,,narrative/protagonist-heavy,Action; Action-Adventure; Adventure; Character Customization; First-Person; FPS; Horror; Interactive Fiction; Lore-Rich; Mystery; Open World; RPG; Simulation; Singleplayer; Story Rich; Survival; Walking Simulator; Zombies,36,15281,146,107,75000.0,,Action; Adventure; RPG; Action-Adventure; Character Customization; FPS; First-Person; Horror; Interactive Fiction; Lore-Rich; Mystery; Open World; Simulation; Singleplayer; Story Rich; Survival; Walking Simulator; Zombies,Serum: Toxic Survival,Serum: Toxic Survival,1746119588.0,36448311.0,IStoreService/GetAppList,2026-06-20T18:38:37.448689+00:00,Game Island,Toplitz Productions,0.0,,0.0,0.0,2499.0,2499.0,0.0,1.0,,genre; tag,True,False,False,False,0
1429640,HINGE VR,D_popular_control_candidate,popular/control pool only; not enough core signals,Choices Matter; Choose Your Own Adventure; Detective; Immersive Sim; Investigation; Lovecraftian; Multiple Endings; Mystery; Story Rich; Survival Horror,,,10,0,16,True,202,0.7029702970297029,"0 .. 20,000",,,,False,,narrative/protagonist-heavy,Action; Adventure; Choices Matter; Choose Your Own Adventure; Detective; Horror; Immersive Sim; Investigation; Lovecraftian; Multiple Endings; Mystery; RPG; Singleplayer; Story Rich; Survival; Survival Horror,40,16924,142,60,10000.0,,Action; Adventure; RPG; Choices Matter; Choose Your Own Adventure; Detective; Horror; Immersive Sim; Investigation; Lovecraftian; Multiple Endings; Mystery; Singleplayer; Story Rich; Survival; Survival Horror,HINGE VR,HINGE VR,1703193562.0,33078735.0,IStoreService/GetAppList,2026-06-20T18:38:37.448689+00:00,Arcadia,Arcadia,0.0,,0.0,0.0,1999.0,1999.0,0.0,0.0,,genre; tag,True,False,False,False,0
2063530,Methods: The Canada Files,D_popular_control_candidate,popular/control pool only; not enough core signals,Character Customization; Choices Matter; Choose Your Own Adventure; Detective; Dynamic Narration; Female Protagonist; Interactive Fiction; Investigation; Mystery; Story Rich; Visual Novel,,,11,0,16,True,196,0.9591836734693876,"0 .. 20,000",,,,False,,narrative/protagonist-heavy,Adventure; Character Customization; Choices Matter; Choose Your Own Adventure; Detective; Dynamic Narration; Female Protagonist; Horror; Interactive Fiction; Investigation; Mystery; RPG; Singleplayer; Story Rich; Strategy; Visual Novel,46,17117,188,8,10000.0,,Adventure; RPG; Strategy; Character Customization; Choices Matter; Choose Your Own Adventure; Detective; Dynamic Narration; Female Protagonist; Horror; Interactive Fiction; Investigation; Mystery; Singleplayer; Story Rich; Visual Novel,Methods: The Canada Files,Methods: The Canada Files,1772766720.0,35942703.0,IStoreService/GetAppList,2026-06-20T18:38:37.448689+00:00,LockedOn Games,"Erabit, LockedOn Games",0.0,,0.0,0.0,1999.0,1999.0,0.0,3.0,,genre; tag,True,False,False,False,0
1414700,The Imagined Leviathan: Prologue,D_popular_control_candidate,popular/control pool only; not enough core signals,Choices Matter; Choose Your Own Adventure; Detective; Interactive Fiction; Lovecraftian; Mystery; Story Rich; Visual Novel; Walking Simulator,,,9,0,16,True,160,0.7875,"20,000 .. 50,000",,,,False,,narrative/protagonist-heavy,Adventure; Choices Matter; Choose Your Own Adventure; Detective; First-Person; Horror; Interactive Fiction; Lovecraftian; Mystery; Open World; Simulation; Singleplayer; Story Rich; Survival; Visual Novel; Walking Simulator,40,18684,126,34,35000.0,,Adventure; Simulation; Choices Matter; Choose Your Own Adventure; Detective; First-Person; Horror; Interactive Fiction; Lovecraftian; Mystery; Open World; Singleplayer; Story Rich; Survival; Visual Novel; Walking Simulator,The Imagined Leviathan: Prologue,The Imagined Leviathan: Prologue,1623880189.0,22736671.0,IStoreService/GetAppList,2026-06-20T18:38:37.448689+00:00,"Chard, de Fault, Richard Campbell",Far Few Giants,0.0,,0.0,0.0,0.0,0.0,0.0,0.0,,genre; tag,True,False,False,False,0
604510,Empires in Ruins,D_popular_control_candidate,popular/control pool only; not enough core signals,Choices Matter; Story Rich; Strategy RPG,,,3,0,16,True,143,0.7832167832167832,"20,000 .. 50,000",,,,False,,narrative/protagonist-heavy,Action; Adventure; Choices Matter; City Builder; Grand Strategy; Management; RPG; RTS; Sandbox; Simulation; Singleplayer; Story Rich; Strategy; Strategy RPG; Survival; Turn-Based Strategy,36,19636,112,31,35000.0,,RPG; Simulation; Strategy; Action; Adventure; Choices Matter; City Builder; Grand Strategy; Management; RTS; Sandbox; Singleplayer; Story Rich; Strategy RPG; Survival; Turn-Based Strategy,Empires in Ruins,Empires in Ruins,1763127725.0,36475788.0,IStoreService/GetAppList,2026-06-20T18:38:37.448689+00:00,Hammer & Ravens,"Hammer & Ravens, WhisperGames",0.0,,0.0,0.0,1799.0,1799.0,0.0,1.0,,genre; tag,True,False,False,False,0
1032830,Eldervale,D_popular_control_candidate,popular/control pool only; not enough core signals,Action RPG; Female Protagonist; Multiple Endings; Story Rich; Survival Horror,,,5,0,16,True,135,0.8888888888888888,"0 .. 20,000",,,,False,,narrative/protagonist-heavy,Action; Action-Adventure; Action RPG; Adventure; Female Protagonist; First-Person; Horror; Multiple Endings; Shooter; Simulation; Singleplayer; Stealth; Story Rich; Survival; Survival Horror; Third Person; Third-Person Shooter,30,20148,120,15,10000.0,,Action; Adventure; Action RPG; Action-Adventure; Female Protagonist; First-Person; Horror; Multiple Endings; Shooter; Simulation; Singleplayer; Stealth; Story Rich; Survival; Survival Horror; Third Person; Third-Person Shooter,Eldervale,Eldervale,1738259886.0,36421358.0,IStoreService/GetAppList,2026-06-20T18:38:37.448689+00:00,Solkitte,Solkitte,0.0,,0.0,0.0,449.0,1499.0,70.0,1.0,,genre; tag,True,False,False,False,0
2231900,Fateweaver: The Alchemist's Quandary,D_popular_control_candidate,popular/control pool only; not enough core signals,Choices Matter; Choose Your Own Adventure; Detective; Immersive Sim; Interactive Fiction; Investigation; JRPG; Multiple Endings; Mystery; Story Rich; Visual Novel,,,11,0,16,True,96,0.9791666666666666,"0 .. 20,000",,,,False,,narrative/protagonist-heavy,Adventure; Choices Matter; Choose Your Own Adventure; Detective; Horror; Immersive Sim; Interactive Fiction; Investigation; JRPG; Multiple Endings; Mystery; RPG; Simulation; Story Rich; Survival; Visual Novel,42,23358,94,2,10000.0,,Adventure; RPG; Simulation; Choices Matter; Choose Your Own Adventure; Detective; Horror; Immersive Sim; Interactive Fiction; Investigation; JRPG; Multiple Endings; Mystery; Story Rich; Survival; Visual Novel,Fateweaver: The Alchemist's Quandary,Fateweaver: The Alchemist's Quandary,1750085048.0,36094575.0,IStoreService/GetAppList,2026-06-20T18:38:37.448689+00:00,Randumb Studios,Randumb Studios,0.0,,0.0,0.0,299.0,299.0,0.0,0.0,,genre; tag,True,False,False,False,0
485360,Disgraced,D_popular_control_candidate,popular/control pool only; not enough core signals,Action RPG; Character Customization; Choices Matter; Choose Your Own Adventure; JRPG; Lore-Rich; Party-Based RPG; Tactical RPG,,,8,0,16,True,90,0.8444444444444444,"100,000 .. 200,000",,,,False,,narrative/protagonist-heavy,Action; Action-Adventure; Action RPG; Adventure; Character Customization; Choices Matter; Choose Your Own Adventure; JRPG; Lore-Rich; Management; Open World; Party-Based RPG; RPG; Simulation; Strategy; Survival; Tactical RPG,38,24051,76,14,150000.0,,Action; Adventure; RPG; Simulation; Strategy; Action RPG; Action-Adventure; Character Customization; Choices Matter; Choose Your Own Adventure; JRPG; Lore-Rich; Management; Open World; Party-Based RPG; Survival; Tactical RPG,Disgraced,Disgraced,1779150309.0,36568501.0,IStoreService/GetAppList,2026-06-20T18:38:37.448689+00:00,Corrosive Studios LLC,Corrosive Studios LLC,0.0,,0.0,0.0,999.0,999.0,0.0,0.0,,genre; tag,True,False,False,False,0
1379270,Wild Dose: First Session,D_popular_control_candidate,popular/control pool only; not enough core signals,Choices Matter; CRPG; Dynamic Narration; Female Protagonist; Immersive Sim; Multiple Endings; Story Rich; Survival Horror; Walking Simulator,,,9,0,16,True,84,0.7976190476190477,"100,000 .. 200,000",,,,False,,narrative/protagonist-heavy,Action; Adventure; Choices Matter; CRPG; Dynamic Narration; Female Protagonist; First-Person; Horror; Immersive Sim; Multiple Endings; RPG; Simulation; Singleplayer; Story Rich; Survival Horror; Walking Simulator,36,24663,67,17,150000.0,,Adventure; RPG; Action; CRPG; Choices Matter; Dynamic Narration; Female Protagonist; First-Person; Horror; Immersive Sim; Multiple Endings; Simulation; Singleplayer; Story Rich; Survival Horror; Walking Simulator,First Session,Wild Dose: First Session,1769532954.0,35715735.0,IStoreService/GetAppList,2026-06-20T18:38:37.448689+00:00,Lappi Soft,Lappi Soft,0.0,,0.0,0.0,0.0,0.0,0.0,0.0,,genre; tag,True,False,False,False,0
2329910,SCP Operations,D_popular_control_candidate,popular/control pool only; not enough core signals,Action RPG; Character Customization; Female Protagonist; Lore-Rich; Party-Based RPG; Story Rich; Strategy RPG; Tactical RPG,,,8,0,16,True,69,0.7391304347826086,"0 .. 20,000",,,,False,,narrative/protagonist-heavy,Action; Action-Adventure; Action RPG; Character Customization; Female Protagonist; Horror; Lore-Rich; Management; Party-Based RPG; RPG; Singleplayer; Story Rich; Strategy; Strategy RPG; Tactical RPG; Third Person; Turn-Based Strategy,36,26749,51,18,10000.0,,Action; RPG; Strategy; Action RPG; Action-Adventure; Character Customization; Female Protagonist; Horror; Lore-Rich; Management; Party-Based RPG; Singleplayer; Story Rich; Strategy RPG; Tactical RPG; Third Person; Turn-Based Strategy,SCP Operations,SCP Operations,1724530649.0,36253786.0,IStoreService/GetAppList,2026-06-20T18:38:37.448689+00:00,LUXO Interactive,LUK KUS SOFT,0.0,,0.0,0.0,499.0,499.0,0.0,1.0,,genre; tag,True,False,False,False,0
1013830,Agent Of Love - Josei Otome Visual Novel,D_popular_control_candidate,popular/control pool only; not enough core signals,Choices Matter; Choose Your Own Adventure; Detective; Female Protagonist; Immersive Sim; Interactive Fiction; Investigation; Mystery; Story Rich; Visual Novel,,,10,0,16,True,38,0.631578947368421,"0 .. 20,000",,,,False,,narrative/protagonist-heavy,Adventure; Choices Matter; Choose Your Own Adventure; Detective; Female Protagonist; First-Person; Immersive Sim; Interactive Fiction; Investigation; Mystery; Simulation; Singleplayer; Stealth; Story Rich; Survival; Visual Novel,41,34034,24,14,10000.0,,Adventure; Simulation; Choices Matter; Choose Your Own Adventure; Detective; Female Protagonist; First-Person; Immersive Sim; Interactive Fiction; Investigation; Mystery; Singleplayer; Stealth; Story Rich; Survival; Visual Novel,Agent Of Love - Josei Otome Visual Novel,Agent Of Love - Josei Otome Visual Novel,1612650198.0,22736671.0,IStoreService/GetAppList,2026-06-20T18:38:37.448689+00:00,Delusional Inc,Delusional Inc,0.0,,0.0,0.0,0.0,0.0,0.0,0.0,,genre; tag,True,False,False,False,0
1308760,Mesmer,D_popular_control_candidate,popular/control pool only; not enough core signals,Choices Matter; Conversation; Female Protagonist; Multiple Endings; Political Sim; Strategy RPG,,,6,0,16,True,29,0.7241379310344828,"20,000 .. 50,000",,,,False,,narrative/protagonist-heavy,Action; Adventure; Choices Matter; Conversation; Female Protagonist; Multiple Endings; Open World; Political Sim; RPG; Simulation; Singleplayer; Stealth; Strategy; Strategy RPG; Survival; Third Person,36,38117,21,8,35000.0,,Action; Adventure; RPG; Strategy; Choices Matter; Conversation; Female Protagonist; Multiple Endings; Open World; Political Sim; Simulation; Singleplayer; Stealth; Strategy RPG; Survival; Third Person,Mesmer,Mesmer,1703851535.0,35942703.0,IStoreService/GetAppList,2026-06-20T18:38:37.448689+00:00,Rain Games,Rain Games,0.0,,0.0,0.0,1499.0,1499.0,0.0,0.0,,genre; tag,True,False,False,False,0
1291100,Night Spasm,D_popular_control_candidate,popular/control pool only; not enough core signals,Choose Your Own Adventure; Conversation; Interactive Fiction; Lore-Rich; Mystery; Political Sim; Story Rich; Strategy RPG,,,8,0,16,True,18,0.7777777777777778,"0 .. 20,000",,,,False,,narrative/protagonist-heavy,Action; Action-Adventure; Adventure; Choose Your Own Adventure; Colony Sim; Conversation; Interactive Fiction; Lore-Rich; Mystery; Open World; Political Sim; RPG; Singleplayer; Story Rich; Strategy; Strategy RPG; Survival,38,46057,14,4,10000.0,,Action; Adventure; RPG; Strategy; Action-Adventure; Choose Your Own Adventure; Colony Sim; Conversation; Interactive Fiction; Lore-Rich; Mystery; Open World; Political Sim; Singleplayer; Story Rich; Strategy RPG; Survival,Night Spasm,Night Spasm,1756230928.0,22736671.0,IStoreService/GetAppList,2026-06-20T18:38:37.448689+00:00,Gideon Moes,Gideon Moes,0.0,,0.0,0.0,0.0,0.0,0.0,0.0,,genre; tag,True,False,False,False,0
1124210,Heroes of Shaola,D_popular_control_candidate,popular/control pool only; not enough core signals,Action RPG; Choices Matter; CRPG; Interactive Fiction; JRPG; Lore-Rich; Multiple Endings; Mystery; Party-Based RPG; Story Rich; Visual Novel,,,11,0,16,True,16,0.6875,"0 .. 20,000",,,,False,,narrative/protagonist-heavy,Action; Action-Adventure; Action RPG; Adventure; Choices Matter; CRPG; Horror; Interactive Fiction; JRPG; Lore-Rich; Multiple Endings; Mystery; Party-Based RPG; RPG; Singleplayer; Story Rich; Visual Novel,42,48058,11,5,10000.0,,Action; Adventure; RPG; Action RPG; Action-Adventure; CRPG; Choices Matter; Horror; Interactive Fiction; JRPG; Lore-Rich; Multiple Endings; Mystery; Party-Based RPG; Singleplayer; Story Rich; Visual Novel,Heroes of Shaola,Heroes of Shaola,1753379468.0,34672985.0,IStoreService/GetAppList,2026-06-20T18:38:37.448689+00:00,Smiling Dragon RPG Studios,"Smiling Dragon RPG Studios, Opium Pulses Entertainment",0.0,,0.0,0.0,999.0,999.0,0.0,0.0,,genre; tag,True,False,False,False,0
3282930,AI Asylum,D_popular_control_candidate,popular/control pool only; not enough core signals,Character Customization; Choose Your Own Adventure; Detective; Immersive Sim; Interactive Fiction; Investigation; Mystery; Story Rich; Visual Novel,,,9,0,16,True,15,0.4666666666666667,"0 .. 20,000",,,,False,,narrative/protagonist-heavy,Action; Adventure; Character Customization; Choose Your Own Adventure; Detective; Horror; Immersive Sim; Interactive Fiction; Investigation; Mystery; RPG; Simulation; Singleplayer; Story Rich; Strategy; Visual Novel,38,48681,7,8,10000.0,,Action; Adventure; RPG; Simulation; Strategy; Character Customization; Choose Your Own Adventure; Detective; Horror; Immersive Sim; Interactive Fiction; Investigation; Mystery; Singleplayer; Story Rich; Visual Novel,AI Asylum,AI Asylum,1746014256.0,34672985.0,IStoreService/GetAppList,2026-06-20T18:38:37.448689+00:00,River Dynamics,Yahaha Games,0.0,,0.0,0.0,699.0,699.0,0.0,0.0,,genre; tag,True,False,False,False,0
2872270,Code Name Teacher,D_popular_control_candidate,popular/control pool only; not enough core signals,Action RPG; Choices Matter; Detective; Immersive Sim; Investigation; Multiple Endings; Story Rich,,,7,0,16,True,9,0.7777777777777778,"0 .. 20,000",,,,False,,narrative/protagonist-heavy,Action; Action RPG; Choices Matter; Detective; First-Person; Immersive Sim; Investigation; Management; Multiple Endings; Open World; RPG; Simulation; Singleplayer; Stealth; Story Rich; Survival,37,57386,7,2,10000.0,,Action; RPG; Simulation; Action RPG; Choices Matter; Detective; First-Person; Immersive Sim; Investigation; Management; Multiple Endings; Open World; Singleplayer; Stealth; Story Rich; Survival,Code Name Teacher,Code Name Teacher,1733596781.0,35197189.0,IStoreService/GetAppList,2026-06-20T18:38:37.448689+00:00,Jagger Game Studio,Jagger Game Studio,0.0,,0.0,0.0,999.0,999.0,0.0,0.0,,genre; tag,True,False,False,False,0
1373380,Building 847,D_popular_control_candidate,popular/control pool only; not enough core signals,Choices Matter; Conversation; Detective; Investigation; Lore-Rich; Multiple Endings; Mystery; Narrative; Story Rich; Walking Simulator,,,10,0,16,True,8,0.75,"0 .. 20,000",,,,False,,narrative/protagonist-heavy,Action; Adventure; Choices Matter; Conversation; Detective; First-Person; FPS; Investigation; Lore-Rich; Multiple Endings; Mystery; Narrative; Shooter; Singleplayer; Story Rich; Walking Simulator,39,58023,6,2,10000.0,,Adventure; Action; Choices Matter; Conversation; Detective; FPS; First-Person; Investigation; Lore-Rich; Multiple Endings; Mystery; Narrative; Shooter; Singleplayer; Story Rich; Walking Simulator,Building 847,Building 847,1726162579.0,34672985.0,IStoreService/GetAppList,2026-06-20T18:38:37.448689+00:00,Luis G. Bento,Luis G. Bento,0.0,,0.0,0.0,499.0,499.0,0.0,0.0,,genre; tag,True,False,False,False,0
1706970,Haunted Shores,D_popular_control_candidate,popular/control pool only; not enough core signals,Female Protagonist; Interactive Fiction; Investigation; Mystery; Story Rich; Survival Horror,,,6,0,16,True,6,0.3333333333333333,"0 .. 20,000",,,,False,,narrative/protagonist-heavy,Action; Action-Adventure; Adventure; Female Protagonist; First-Person; FPS; Horror; Interactive Fiction; Investigation; Mystery; RPG; Sandbox; Stealth; Story Rich; Strategy; Survival; Survival Horror,33,61837,2,4,10000.0,,Action; Adventure; Action-Adventure; FPS; Female Protagonist; First-Person; Horror; Interactive Fiction; Investigation; Mystery; RPG; Sandbox; Stealth; Story Rich; Strategy; Survival; Survival Horror,Haunted Shores,Haunted Shores,1634853103.0,13853601.0,IStoreService/GetAppList,2026-06-20T18:38:37.448689+00:00,Wildebeest Labs,Wildebeest Labs,0.0,,0.0,0.0,499.0,499.0,0.0,0.0,,genre; tag,True,False,False,False,0
1288020,Eternal Starshine,D_popular_control_candidate,popular/control pool only; not enough core signals,Conversation; CRPG; Female Protagonist; Story Rich; Survival Horror,,,5,0,16,True,1,0.0,"0 .. 20,000",,,,False,,narrative/protagonist-heavy,Action; Action-Adventure; Adventure; Conversation; CRPG; Female Protagonist; First-Person; FPS; Horror; RPG; Shooter; Singleplayer; Stealth; Story Rich; Survival Horror; Third Person; Third-Person Shooter; Zombies,31,80026,0,1,10000.0,,Action; Adventure; RPG; Action-Adventure; CRPG; Conversation; FPS; Female Protagonist; First-Person; Horror; Shooter; Singleplayer; Stealth; Story Rich; Survival Horror; Third Person; Third-Person Shooter; Zombies,,Eternal Starshine,,,,,Solrikk,Solrikk,0.0,,0.0,0.0,0.0,0.0,0.0,0.0,,genre; tag,True,False,False,False,0
917720,Gamedec - Definitive Edition,,,Character Customization; Choices Matter; Choose Your Own Adventure; Conversation; CRPG; Detective; Investigation; Lore-Rich; Multiple Endings; Mystery; Narrative; Story Rich; Visual Novel,,,13,0,16,True,0,,,,,,False,,narrative/protagonist-heavy,Adventure; Character Customization; Choices Matter; Choose Your Own Adventure; Conversation; CRPG; Detective; Investigation; Lore-Rich; Multiple Endings; Mystery; Narrative; RPG; Singleplayer; Story Rich; Visual Novel,47,122864,0,0,,,Adventure; RPG; CRPG; Character Customization; Choices Matter; Choose Your Own Adventure; Conversation; Detective; Investigation; Lore-Rich; Multiple Endings; Mystery; Narrative; Singleplayer; Story Rich; Visual Novel,Gamedec - Definitive Edition,,1779109067.0,35792264.0,IStoreService/GetAppList,2026-06-20T18:38:37.448689+00:00,,,,,,,,,,,,genre; tag,True,False,False,False,0
239140,Dying Light,A_core_strong,>=2 primary top-tag signals and reactions>=500,Action RPG; Story Rich; Survival Horror,,,3,0,15,True,457632,0.9520466226138032,"10,000,000 .. 20,000,000",,,,True,term_match+reactions>=500; popular_fallback_top2500_or_reactions>=5000,narrative/protagonist-heavy,Action; Action RPG; Adventure; First-Person; FPS; Horror; Open World; RPG; Sandbox; Shooter; Singleplayer; Stealth; Story Rich; Survival; Survival Horror; Zombies,28,38,435687,21945,15000000.0,,Action; RPG; Action RPG; Adventure; FPS; First-Person; Horror; Open World; Sandbox; Shooter; Singleplayer; Stealth; Story Rich; Survival; Survival Horror; Zombies,Dying Light,Dying Light,1779191279.0,36172547.0,IStoreService/GetAppList,2026-06-20T18:38:37.448689+00:00,Techland,Techland,0.0,,0.0,0.0,2499.0,2499.0,0.0,4953.0,,genre; tag,True,False,True,True,0
939960,Far Cry New Dawn,A_core_strong,>=2 primary top-tag signals and reactions>=500,Action RPG; Character Customization; Female Protagonist; Story Rich,,,4,0,15,True,32181,0.7570305459743327,"1,000,000 .. 2,000,000",,,,True,term_match+reactions>=500; popular_fallback_top2500_or_reactions>=5000,narrative/protagonist-heavy,Action; Action RPG; Adventure; Character Customization; Female Protagonist; First-Person; FPS; Open World; RPG; Sandbox; Shooter; Singleplayer; Stealth; Story Rich; Survival,28,673,24362,7819,1500000.0,,Action; Adventure; Action RPG; Character Customization; FPS; Female Protagonist; First-Person; Open World; RPG; Sandbox; Shooter; Singleplayer; Stealth; Story Rich; Survival,Far Cry® New Dawn,Far Cry New Dawn,1750925197.0,36200013.0,IStoreService/GetAppList,2026-06-20T18:38:37.448689+00:00,"Ubisoft Montreal, Ubisoft Kiev, Ubisoft Shanghai",Ubisoft,0.0,,0.0,0.0,3999.0,3999.0,0.0,215.0,,genre; tag,True,False,True,True,0
427730,Who's Your Daddy?!,A_core_strong,>=2 primary top-tag signals and reactions>=500,Female Protagonist; Story Rich; Walking Simulator,,,3,0,15,True,30409,0.799697457989411,"2,000,000 .. 5,000,000",,,,True,term_match+reactions>=500; popular_fallback_top2500_or_reactions>=5000,narrative/protagonist-heavy,Action; Adventure; Female Protagonist; First-Person; FPS; Horror; Sandbox; Shooter; Simulation; Singleplayer; Story Rich; Strategy; Survival; Third Person; Walking Simulator,26,716,24318,6091,3500000.0,,Action; Adventure; FPS; Female Protagonist; First-Person; Horror; Sandbox; Shooter; Simulation; Singleplayer; Story Rich; Strategy; Survival; Third Person; Walking Simulator,Who's Your Daddy?!,Who's Your Daddy?!,1773896104.0,34672985.0,IStoreService/GetAppList,2026-06-20T18:38:37.448689+00:00,Evil Tortilla Games,Evil Tortilla Games,0.0,,0.0,0.0,999.0,999.0,0.0,75.0,,genre; tag,True,False,True,True,0
859580,Imperator: Rome,A_core_strong,>=2 primary top-tag signals and reactions>=500,Choices Matter; Multiple Endings; Political Sim; Story Rich; Strategy RPG,,,5,0,15,True,26502,0.6474605690136593,"1,000,000 .. 2,000,000",,,,True,term_match+reactions>=500; popular_fallback_top2500_or_reactions>=5000,narrative/protagonist-heavy,Choices Matter; City Builder; Grand Strategy; Management; Multiple Endings; Open World; Political Sim; RTS; Sandbox; Simulation; Singleplayer; Story Rich; Strategy; Strategy RPG; Turn-Based Strategy,37,814,17159,9343,1500000.0,,Simulation; Strategy; Choices Matter; City Builder; Grand Strategy; Management; Multiple Endings; Open World; Political Sim; RTS; Sandbox; Singleplayer; Story Rich; Strategy RPG; Turn-Based Strategy,Imperator: Rome,Imperator: Rome,1714031927.0,35720802.0,IStoreService/GetAppList,2026-06-20T18:38:37.448689+00:00,Paradox Development Studio,Paradox Interactive,0.0,,0.0,0.0,3999.0,3999.0,0.0,547.0,,genre; tag,True,False,True,True,0
494840,UBOAT,A_core_strong,>=2 primary top-tag signals and reactions>=500,Immersive Sim; Tactical RPG,,,2,0,15,True,23488,0.8406846049046321,"500,000 .. 1,000,000",,,,True,term_match+reactions>=500; popular_fallback_top2500_or_reactions>=5000,RPG/character progression,Action; First-Person; Immersive Sim; Management; Open World; RPG; RTS; Sandbox; Shooter; Simulation; Singleplayer; Strategy; Survival; Tactical RPG; Third Person,26,889,19746,3742,750000.0,,Action; RPG; Simulation; Strategy; First-Person; Immersive Sim; Management; Open World; RTS; Sandbox; Shooter; Singleplayer; Survival; Tactical RPG; Third Person,UBOAT,UBOAT,1781249189.0,36535570.0,IStoreService/GetAppList,2026-06-20T18:38:37.448689+00:00,Deep Water Studio,PlayWay S.A.,0.0,,0.0,0.0,2999.0,2999.0,0.0,633.0,,genre; tag,True,False,True,True,0
22300,Fallout 3,A_core_strong,>=2 primary top-tag signals and reactions>=500,Action RPG; Character Customization; Female Protagonist; Story Rich,,,4,0,15,True,20930,0.8110367892976589,"1,000,000 .. 2,000,000",,,,True,term_match+reactions>=500; popular_fallback_top2500_or_reactions>=5000,narrative/protagonist-heavy,Action; Action RPG; Adventure; Character Customization; Female Protagonist; First-Person; FPS; Horror; Open World; RPG; Sandbox; Shooter; Singleplayer; Story Rich; Third Person,28,996,16975,3955,1500000.0,,RPG; Action; Action RPG; Adventure; Character Customization; FPS; Female Protagonist; First-Person; Horror; Open World; Sandbox; Shooter; Singleplayer; Story Rich; Third Person,Fallout 3,Fallout 3,1732208474.0,34672985.0,IStoreService/GetAppList,2026-06-20T18:38:37.448689+00:00,Bethesda Game Studios,Bethesda Softworks,0.0,,0.0,0.0,999.0,999.0,0.0,44.0,,genre; tag,True,False,True,True,0
872670,SCP: 5K,A_core_strong,>=2 primary top-tag signals and reactions>=500,Character Customization; Investigation; Lore-Rich; Lovecraftian; Story Rich; Survival Horror,,,6,0,15,True,12678,0.8028080138823158,"500,000 .. 1,000,000",,,,True,term_match+reactions>=500; popular_fallback_top2500_or_reactions>=5000,narrative/protagonist-heavy,Action; Character Customization; First-Person; FPS; Horror; Investigation; Lore-Rich; Lovecraftian; Sandbox; Shooter; Singleplayer; Stealth; Story Rich; Strategy; Survival Horror; Zombies,32,1485,10178,2500,750000.0,,Action; Strategy; Character Customization; FPS; First-Person; Horror; Investigation; Lore-Rich; Lovecraftian; Sandbox; Shooter; Singleplayer; Stealth; Story Rich; Survival Horror; Zombies,SCP: 5K,SCP: 5K,1773348630.0,35056148.0,IStoreService/GetAppList,2026-06-20T18:38:37.448689+00:00,Affray Interactive,Balor Games,0.0,,0.0,0.0,1999.0,1999.0,0.0,131.0,,genre; tag,True,False,True,True,0
399810,Call of Cthulhu,A_core_strong,>=2 primary top-tag signals and reactions>=500,Choices Matter; Detective; Lovecraftian; Mystery; Story Rich; Survival Horror; Walking Simulator,,,7,0,15,True,12392,0.7927695287282117,"1,000,000 .. 2,000,000",,,,True,term_match+reactions>=500; popular_fallback_top2500_or_reactions>=5000,narrative/protagonist-heavy,Adventure; Choices Matter; Detective; First-Person; FPS; Horror; Lovecraftian; Mystery; Open World; RPG; Singleplayer; Stealth; Story Rich; Survival Horror; Walking Simulator,33,1513,9824,2568,1500000.0,,Adventure; RPG; Choices Matter; Detective; FPS; First-Person; Horror; Lovecraftian; Mystery; Open World; Singleplayer; Stealth; Story Rich; Survival Horror; Walking Simulator,Call of Cthulhu®,Call of Cthulhu,1728650289.0,36310655.0,IStoreService/GetAppList,2026-06-20T18:38:37.448689+00:00,Cyanide Studio,Focus Entertainment,0.0,,0.0,0.0,1999.0,1999.0,0.0,42.0,,genre; tag,True,False,True,True,0
495890,Montaro,A_core_strong,>=2 primary top-tag signals and reactions>=500,Female Protagonist; Story Rich; Survival Horror; Walking Simulator,,,4,0,15,True,12103,0.9511691316202594,"200,000 .. 500,000",,,,True,term_match+reactions>=500; popular_fallback_top2500_or_reactions>=5000,narrative/protagonist-heavy,Action; Adventure; Female Protagonist; First-Person; FPS; Horror; Open World; Platformer; RPG; Shooter; Singleplayer; Story Rich; Survival; Survival Horror; Walking Simulator,26,1539,11512,591,350000.0,,Action; Adventure; FPS; Female Protagonist; First-Person; Horror; Open World; Platformer; RPG; Shooter; Singleplayer; Story Rich; Survival; Survival Horror; Walking Simulator,Montaro,Montaro,1710320023.0,34672985.0,IStoreService/GetAppList,2026-06-20T18:38:37.448689+00:00,JCKSLAP,02GAMES,0.0,,0.0,0.0,99.0,99.0,0.0,3.0,,tag,True,False,True,True,0
359050,Shower With Your Dad Simulator 2015: Do You Still Shower With Your Dad,A_core_strong,>=2 primary top-tag signals and reactions>=500,Female Protagonist; Mystery; Story Rich; Walking Simulator,,,4,0,15,True,9897,0.953420228352026,"100,000 .. 200,000",,,,True,term_match+reactions>=500; popular_fallback_top2500_or_reactions>=5000,narrative/protagonist-heavy,Action; Adventure; Female Protagonist; First-Person; FPS; Mystery; Open World; Sandbox; Shooter; Simulation; Singleplayer; Stealth; Story Rich; Strategy; Walking Simulator; Zombies,29,1762,9436,461,150000.0,,Action; Simulation; Adventure; FPS; Female Protagonist; First-Person; Mystery; Open World; Sandbox; Shooter; Singleplayer; Stealth; Story Rich; Strategy; Walking Simulator; Zombies,Shower With Your Dad Simulator 2015: Do You Still Shower With Your Dad,Shower With Your Dad Simulator 2015: Do You Still Shower With Your Dad,1723593366.0,36625628.0,IStoreService/GetAppList,2026-06-20T18:38:37.448689+00:00,marbenx,marbenx,0.0,,0.0,0.0,99.0,99.0,0.0,7.0,,genre; tag,True,False,True,True,0
1944430,Amnesia: The Bunker,A_core_strong,>=2 primary top-tag signals and reactions>=500,Immersive Sim; Mystery; Story Rich; Survival Horror,,,4,0,15,True,9094,0.934792170661975,"200,000 .. 500,000",,,,True,term_match+reactions>=500; popular_fallback_top2500_or_reactions>=5000,narrative/protagonist-heavy,Action; Action-Adventure; Adventure; First-Person; FPS; Horror; Immersive Sim; Mystery; Open World; Sandbox; Shooter; Singleplayer; Stealth; Story Rich; Survival; Survival Horror,27,1865,8501,593,350000.0,,Action; Adventure; Action-Adventure; FPS; First-Person; Horror; Immersive Sim; Mystery; Open World; Sandbox; Shooter; Singleplayer; Stealth; Story Rich; Survival; Survival Horror,Amnesia: The Bunker,Amnesia: The Bunker,1779201973.0,36421358.0,IStoreService/GetAppList,2026-06-20T18:38:37.448689+00:00,Frictional Games,Frictional Games,0.0,,0.0,0.0,2499.0,2499.0,0.0,61.0,,genre; tag,True,False,True,True,0
2095300,Breakout 13,A_core_strong,>=2 primary top-tag signals and reactions>=500,Choices Matter; Choose Your Own Adventure; Detective; Immersive Sim; Interactive Fiction; Lore-Rich; Multiple Endings; Story Rich; Strategy RPG; Visual Novel,,,10,0,15,True,7148,0.8789871292669278,"500,000 .. 1,000,000",,,,True,term_match+reactions>=500; popular_fallback_top2500_or_reactions>=5000,narrative/protagonist-heavy,Adventure; Choices Matter; Choose Your Own Adventure; Detective; Horror; Immersive Sim; Interactive Fiction; Lore-Rich; Multiple Endings; RPG; RTS; Singleplayer; Story Rich; Strategy RPG; Visual Novel,40,2229,6283,865,750000.0,,Adventure; RPG; Choices Matter; Choose Your Own Adventure; Detective; Horror; Immersive Sim; Interactive Fiction; Lore-Rich; Multiple Endings; RTS; Singleplayer; Story Rich; Strategy RPG; Visual Novel,飞越13号房,Breakout 13,1735374248.0,35817746.0,IStoreService/GetAppList,2026-06-20T18:38:37.448689+00:00,ALT Lab,ALT Lab,0.0,,0.0,0.0,999.0,999.0,0.0,22.0,,genre; tag,True,False,True,True,0
1292630,3on3 FreeStyle: Rebound,A_core_strong,>=2 primary top-tag signals and reactions>=500,Action RPG; Character Customization; Lovecraftian; Story Rich; Survival Horror,,,5,0,15,True,3864,0.6319875776397516,"0 .. 20,000",,,,True,term_match+reactions>=500,narrative/protagonist-heavy,Action; Action RPG; Adventure; Character Customization; Horror; Lovecraftian; RPG; Shooter; Simulation; Singleplayer; Story Rich; Strategy; Survival Horror; Third Person; Third-Person Shooter; Zombies,30,3398,2442,1422,10000.0,,Action; RPG; Action RPG; Adventure; Character Customization; Horror; Lovecraftian; Shooter; Simulation; Singleplayer; Story Rich; Strategy; Survival Horror; Third Person; Third-Person Shooter; Zombies,3on3 FreeStyle: Rebound,3on3 FreeStyle: Rebound,1781751618.0,22736671.0,IStoreService/GetAppList,2026-06-20T18:38:37.448689+00:00,Joycity,Joycity,0.0,,0.0,0.0,0.0,0.0,0.0,272.0,,genre; tag,True,False,True,False,0
214250,I Am Alive,A_core_strong,>=2 primary top-tag signals and reactions>=500,Story Rich; Survival Horror,,,2,0,15,True,2753,0.6807119505993462,"200,000 .. 500,000",,,,True,term_match+reactions>=500,narrative/protagonist-heavy,Action; Action-Adventure; Adventure; First-Person; FPS; Horror; Open World; Platformer; Shooter; Singleplayer; Stealth; Story Rich; Survival; Survival Horror; Third Person; Third-Person Shooter; Zombies,26,4206,1874,879,350000.0,,Action; Adventure; Action-Adventure; FPS; First-Person; Horror; Open World; Platformer; Shooter; Singleplayer; Stealth; Story Rich; Survival; Survival Horror; Third Person; Third-Person Shooter; Zombies,,I Am Alive,,,,,Ubisoft  Shanghaï,Ubisoft,0.0,,0.0,0.0,1499.0,1499.0,0.0,0.0,,genre; tag,True,False,True,False,0
257170,Rebuild 3: Gangs of Deadsville,A_core_strong,>=2 primary top-tag signals and reactions>=500,Choices Matter; Story Rich; Survival Horror,,,3,0,15,True,1946,0.8617677286742035,"100,000 .. 200,000",,,,True,term_match+reactions>=500,narrative/protagonist-heavy,4X; Choices Matter; City Builder; Colony Sim; Horror; Management; RPG; Sandbox; Simulation; Singleplayer; Story Rich; Strategy; Survival; Survival Horror; Turn-Based Strategy; Zombies,38,5161,1677,269,150000.0,,RPG; Simulation; Strategy; 4X; Choices Matter; City Builder; Colony Sim; Horror; Management; Sandbox; Singleplayer; Story Rich; Survival; Survival Horror; Turn-Based Strategy; Zombies,Rebuild 3: Gangs of Deadsville,Rebuild 3: Gangs of Deadsville,1684873048.0,35942703.0,IStoreService/GetAppList,2026-06-20T18:38:37.448689+00:00,"Northway Games, Sarah Northway",Northway Games,0.0,,0.0,0.0,1499.0,1499.0,0.0,37.0,,genre; tag,True,False,True,False,0
409510,Genesis Online,A_core_strong,>=2 primary top-tag signals and reactions>=500,Female Protagonist; Story Rich; Survival Horror; Walking Simulator,,,4,0,15,True,1891,0.3225806451612903,"200,000 .. 500,000",,,,True,term_match+reactions>=500,narrative/protagonist-heavy,Action; Adventure; Female Protagonist; First-Person; FPS; Horror; Open World; Sandbox; Shooter; Simulation; Singleplayer; Story Rich; Survival; Survival Horror; Walking Simulator; Zombies,29,5263,610,1281,350000.0,,Action; Adventure; FPS; Female Protagonist; First-Person; Horror; Open World; Sandbox; Shooter; Simulation; Singleplayer; Story Rich; Survival; Survival Horror; Walking Simulator; Zombies,Genesis Online,Genesis Online,1552370610.0,26253459.0,IStoreService/GetAppList,2026-06-20T18:38:37.448689+00:00,Shumkov Dmitriy,Shumkov Dmitriy,0.0,,0.0,0.0,0.0,0.0,0.0,2.0,,genre; tag,True,False,True,False,0
312780,Way of the Samurai 4,A_core_strong,>=2 primary top-tag signals and reactions>=500,Action RPG; Character Customization; Choices Matter; Choose Your Own Adventure; Female Protagonist; JRPG; Multiple Endings; Story Rich,,,8,0,15,True,1879,0.7945715806279936,"200,000 .. 500,000",,,,True,term_match+reactions>=500,narrative/protagonist-heavy,Action; Action RPG; Adventure; Character Customization; Choices Matter; Choose Your Own Adventure; Female Protagonist; JRPG; Multiple Endings; Open World; RPG; Sandbox; Singleplayer; Story Rich; Third Person,37,5282,1493,386,350000.0,,Action; Adventure; Action RPG; Character Customization; Choices Matter; Choose Your Own Adventure; Female Protagonist; JRPG; Multiple Endings; Open World; RPG; Sandbox; Singleplayer; Story Rich; Third Person,Way of the Samurai 4,Way of the Samurai 4,1757053932.0,36506723.0,IStoreService/GetAppList,2026-06-20T18:38:37.448689+00:00,ACQUIRE Corp.,"Spike Chunsoft Co., Ltd.",0.0,,0.0,0.0,2499.0,2499.0,0.0,14.0,,genre; tag,True,False,True,False,0
2195410,Songs of Silence,A_core_strong,>=2 primary top-tag signals and reactions>=500,Female Protagonist; Lore-Rich; Narrative; Story Rich; Strategy RPG; Tactical RPG,,,6,0,15,True,1846,0.8066088840736728,"100,000 .. 200,000",,,,True,term_match+reactions>=500,narrative/protagonist-heavy,4X; Adventure; Female Protagonist; Grand Strategy; Lore-Rich; Management; Narrative; RPG; Simulation; Singleplayer; Story Rich; Strategy; Strategy RPG; Tactical RPG; Turn-Based Strategy,34,5333,1489,357,150000.0,,Adventure; RPG; Simulation; Strategy; 4X; Female Protagonist; Grand Strategy; Lore-Rich; Management; Narrative; Singleplayer; Story Rich; Strategy RPG; Tactical RPG; Turn-Based Strategy,Songs of Silence,Songs of Silence,1780306482.0,36020034.0,IStoreService/GetAppList,2026-06-20T18:38:37.448689+00:00,Chimera Entertainment,"Chimera Entertainment, H2 Interactive (Korea and Japan)",0.0,,0.0,0.0,2999.0,2999.0,0.0,31.0,,genre; tag,True,False,True,False,0
45100,Secret of the Magic Crystals,A_core_strong,>=2 primary top-tag signals and reactions>=500,Character Customization; Female Protagonist; Mystery; Story Rich; Walking Simulator,,,5,0,15,True,1653,0.8179068360556564,"100,000 .. 200,000",,,,True,term_match+reactions>=500,narrative/protagonist-heavy,Action; Action-Adventure; Adventure; Character Customization; Female Protagonist; Management; Mystery; Open World; RPG; Simulation; Singleplayer; Story Rich; Strategy; Survival; Third Person; Walking Simulator; Zombies,34,5686,1352,301,150000.0,,Action; Action-Adventure; Adventure; Character Customization; Female Protagonist; Management; Mystery; Open World; RPG; Simulation; Singleplayer; Story Rich; Strategy; Survival; Third Person; Walking Simulator; Zombies,Secret of the Magic Crystals,Secret of the Magic Crystals,1450984857.0,26842405.0,IStoreService/GetAppList,2026-06-20T18:38:37.448689+00:00,Artery Games,Artery Games,0.0,,0.0,0.0,499.0,499.0,0.0,4.0,,tag,True,False,True,False,0
1226510,Trigon: Space Story,A_core_strong,>=2 primary top-tag signals and reactions>=500,Character Customization; Choose Your Own Adventure; Interactive Fiction; Mystery; Story Rich; Tactical RPG,,,6,0,15,True,1487,0.7074646940147948,"100,000 .. 200,000",,,,True,term_match+reactions>=500,narrative/protagonist-heavy,4X; Action; Adventure; Character Customization; Choose Your Own Adventure; Interactive Fiction; Mystery; RPG; RTS; Simulation; Singleplayer; Story Rich; Strategy; Survival; Tactical RPG,34,6046,1052,435,150000.0,,RPG; Simulation; Strategy; 4X; Action; Adventure; Character Customization; Choose Your Own Adventure; Interactive Fiction; Mystery; RTS; Singleplayer; Story Rich; Survival; Tactical RPG,Trigon: Space Story,Trigon: Space Story,1700818422.0,36094575.0,IStoreService/GetAppList,2026-06-20T18:38:37.448689+00:00,Sernur.tech,Gameforge 4D GmbH,0.0,,0.0,0.0,1999.0,1999.0,0.0,5.0,,genre; tag,True,False,True,False,0
1601970,Tunguska: The Visitation - Final Cut,A_core_strong,>=2 primary top-tag signals and reactions>=500,Action RPG; Character Customization; Conversation; Story Rich; Survival Horror,,,5,0,15,True,1419,0.8816067653276956,"50,000 .. 100,000",,,,True,term_match+reactions>=500,narrative/protagonist-heavy,Action; Action-Adventure; Action RPG; Adventure; Character Customization; Conversation; Open World; RPG; Shooter; Singleplayer; Stealth; Story Rich; Survival; Survival Horror; Third Person; Third-Person Shooter; Zombies,31,6208,1251,168,75000.0,,Action; Adventure; RPG; Action RPG; Action-Adventure; Character Customization; Conversation; Open World; Shooter; Singleplayer; Stealth; Story Rich; Survival; Survival Horror; Third Person; Third-Person Shooter; Zombies,Tunguska: The Visitation - Final Cut,Tunguska: The Visitation - Final Cut,1773473317.0,36680842.0,IStoreService/GetAppList,2026-06-20T18:38:37.448689+00:00,Rotorist Workshop,Rotorist Workshop,0.0,,0.0,0.0,749.0,1499.0,50.0,12.0,,genre; tag,True,False,True,False,0
391260,Labyronia RPG,A_core_strong,>=2 primary top-tag signals and reactions>=500,Action RPG; JRPG; Story Rich,,,3,0,15,True,1275,0.7403921568627451,"200,000 .. 500,000",,,,True,term_match+reactions>=500,narrative/protagonist-heavy,Action; Action RPG; Adventure; FPS; Horror; JRPG; Open World; RPG; Sandbox; Shooter; Simulation; Singleplayer; Story Rich; Strategy; Third Person,27,6573,944,331,350000.0,,Action; Adventure; RPG; Action RPG; FPS; Horror; JRPG; Open World; Sandbox; Shooter; Simulation; Singleplayer; Story Rich; Strategy; Third Person,Labyronia RPG,Labyronia RPG,1756074951.0,36094575.0,IStoreService/GetAppList,2026-06-20T18:38:37.448689+00:00,Labyrinthine,Senpai Industrial Studios,0.0,,0.0,0.0,199.0,199.0,0.0,1.0,,genre; tag,True,False,True,False,0
1435670,Song of Farca,A_core_strong,>=2 primary top-tag signals and reactions>=500,Choices Matter; Choose Your Own Adventure; Detective; Female Protagonist; Interactive Fiction; Investigation; Multiple Endings; Mystery; Political Sim; Story Rich; Visual Novel,,,11,0,15,True,1235,0.8186234817813766,"100,000 .. 200,000",,,,True,term_match+reactions>=500,narrative/protagonist-heavy,Adventure; Choices Matter; Choose Your Own Adventure; Detective; Female Protagonist; Interactive Fiction; Investigation; Management; Multiple Endings; Mystery; Political Sim; Simulation; Singleplayer; Story Rich; Visual Novel,43,6698,1011,224,150000.0,,Adventure; Simulation; Choices Matter; Choose Your Own Adventure; Detective; Female Protagonist; Interactive Fiction; Investigation; Management; Multiple Endings; Mystery; Political Sim; Singleplayer; Story Rich; Visual Novel,Song of Farca,Song of Farca,1769408189.0,36596532.0,IStoreService/GetAppList,2026-06-20T18:38:37.448689+00:00,Wooden Monkeys,Alawar,0.0,,0.0,0.0,199.0,1999.0,90.0,9.0,,genre; tag,True,False,True,False,0
399790,Destiny Warriors RPG,A_core_strong,>=2 primary top-tag signals and reactions>=500,JRPG; Story Rich,,,2,0,15,True,1144,0.5148601398601399,"200,000 .. 500,000",,,,True,term_match+reactions>=500,narrative/protagonist-heavy,Action; Adventure; First-Person; JRPG; Open World; Platformer; RPG; Sandbox; Shooter; Simulation; Singleplayer; Story Rich; Strategy; Survival; Third Person; Zombies,28,6999,589,555,350000.0,,Adventure; RPG; Action; First-Person; JRPG; Open World; Platformer; Sandbox; Shooter; Simulation; Singleplayer; Story Rich; Strategy; Survival; Third Person; Zombies,Destiny Warriors RPG,Destiny Warriors RPG,1756074871.0,36094575.0,IStoreService/GetAppList,2026-06-20T18:38:37.448689+00:00,ninjalex,Senpai Industrial Studios,0.0,,0.0,0.0,199.0,199.0,0.0,1.0,,genre; tag,True,False,True,False,0
1269690,Attack on Toys,D_popular_control_candidate,popular/control pool only; not enough core signals,,,,0,0,15,True,998,0.9298597194388778,"50,000 .. 100,000",,,,True,term_match+reactions>=500,RPG/character progression,Action; Adventure; First-Person; FPS; Grand Strategy; Management; Open World; RPG; RTS; Shooter; Simulation; Singleplayer; Strategy; Survival; Third-Person Shooter,25,7513,928,70,75000.0,,Action; Adventure; RPG; Simulation; Strategy; FPS; First-Person; Grand Strategy; Management; Open World; RTS; Shooter; Singleplayer; Survival; Third-Person Shooter,Attack on Toys,Attack on Toys,1781956012.0,36719895.0,IStoreService/GetAppList,2026-06-20T18:38:37.448689+00:00,N7T-GAMES,N7T-GAMES,0.0,,0.0,0.0,699.0,699.0,0.0,24.0,,genre; tag,True,False,True,False,0
380020,Three Heroes,A_core_strong,>=2 primary top-tag signals and reactions>=500,Action RPG; Story Rich,,,2,0,15,True,996,0.6907630522088354,"100,000 .. 200,000",,,,True,term_match+reactions>=500,narrative/protagonist-heavy,Action; Action-Adventure; Action RPG; Adventure; First-Person; Horror; Open World; Platformer; RPG; Sandbox; Shooter; Simulation; Singleplayer; Story Rich; Strategy; Third Person; Zombies,29,7527,688,308,150000.0,,Action; Adventure; Action RPG; Action-Adventure; First-Person; Horror; Open World; Platformer; RPG; Sandbox; Shooter; Simulation; Singleplayer; Story Rich; Strategy; Third Person; Zombies,Three Heroes,Three Heroes,1568038386.0,35942703.0,IStoreService/GetAppList,2026-06-20T18:38:37.448689+00:00,Cats Who Play,Cats Who Play,0.0,,0.0,0.0,399.0,399.0,0.0,0.0,,genre; tag,True,False,True,False,0
402310,Overfall,A_core_strong,>=2 primary top-tag signals and reactions>=500,Choices Matter; CRPG; JRPG; Multiple Endings; Party-Based RPG; Story Rich; Strategy RPG; Tactical RPG,,,8,0,15,True,870,0.4689655172413793,"100,000 .. 200,000",,,,True,term_match+reactions>=500,narrative/protagonist-heavy,Adventure; Choices Matter; CRPG; JRPG; Multiple Endings; Open World; Party-Based RPG; RPG; Singleplayer; Story Rich; Strategy; Strategy RPG; Survival; Tactical RPG; Turn-Based Strategy,36,8111,408,462,150000.0,,Adventure; RPG; Strategy; CRPG; Choices Matter; JRPG; Multiple Endings; Open World; Party-Based RPG; Singleplayer; Story Rich; Strategy RPG; Survival; Tactical RPG; Turn-Based Strategy,Overfall,Overfall,1740744846.0,35942703.0,IStoreService/GetAppList,2026-06-20T18:38:37.448689+00:00,Pera Games,Pera Games,0.0,,0.0,0.0,499.0,499.0,0.0,0.0,,genre; tag,True,False,True,False,0
1135910,Hunting Simulator 2,A_core_strong,>=2 primary top-tag signals and reactions>=500,Character Customization; Walking Simulator,,,2,0,15,True,868,0.6693548387096774,"20,000 .. 50,000",,,,True,term_match+reactions>=500,systemic/player-role,Action; Adventure; Character Customization; First-Person; FPS; Open World; Shooter; Simulation; Singleplayer; Stealth; Strategy; Survival; Third Person; Third-Person Shooter; Walking Simulator,23,8130,581,287,35000.0,,Action; Adventure; Simulation; Strategy; Character Customization; FPS; First-Person; Open World; Shooter; Singleplayer; Stealth; Survival; Third Person; Third-Person Shooter; Walking Simulator,Hunting Simulator 2,Hunting Simulator 2,1778174003.0,36398581.0,IStoreService/GetAppList,2026-06-20T18:38:37.448689+00:00,Nacon Studio Ghent,Nacon,0.0,,0.0,0.0,399.0,3999.0,90.0,7.0,,genre; tag,True,False,True,False,0
1409830,Sons of Valhalla,A_core_strong,>=2 primary top-tag signals and reactions>=500,Character Customization; Story Rich,,,2,0,15,True,807,0.6815365551425031,"50,000 .. 100,000",,,,True,term_match+reactions>=500,narrative/protagonist-heavy,Action; Adventure; Character Customization; City Builder; First-Person; Open World; RPG; RTS; Sandbox; Simulation; Singleplayer; Story Rich; Strategy; Survival; Third Person,29,8445,550,257,75000.0,,Action; RPG; Simulation; Strategy; Adventure; Character Customization; City Builder; First-Person; Open World; RTS; Sandbox; Singleplayer; Story Rich; Survival; Third Person,Sons of Valhalla,Sons of Valhalla,1774341374.0,36338977.0,IStoreService/GetAppList,2026-06-20T18:38:37.448689+00:00,Pixel Chest,Pixel Chest,0.0,,0.0,0.0,1999.0,1999.0,0.0,4.0,,genre; tag,True,False,True,False,0
486690,Pastelia Stories,A_core_strong,>=2 primary top-tag signals and reactions>=500,Choices Matter; Choose Your Own Adventure; Interactive Fiction; JRPG; Multiple Endings; Story Rich; Visual Novel; Walking Simulator,,,8,0,15,True,801,0.6404494382022472,"20,000 .. 50,000",,,,True,term_match+reactions>=500,narrative/protagonist-heavy,Adventure; Choices Matter; Choose Your Own Adventure; Interactive Fiction; JRPG; Multiple Endings; Open World; RPG; Sandbox; Singleplayer; Story Rich; Strategy; Turn-Based Strategy; Visual Novel; Walking Simulator,38,8481,513,288,35000.0,,Adventure; RPG; Strategy; Choices Matter; Choose Your Own Adventure; Interactive Fiction; JRPG; Multiple Endings; Open World; Sandbox; Singleplayer; Story Rich; Turn-Based Strategy; Visual Novel; Walking Simulator,Pastelia Stories,Pastelia Stories,1662017905.0,11351614.0,IStoreService/GetAppList,2026-06-20T18:38:37.448689+00:00,Maru Project Develop Team,Maru Project Develop Team,0.0,,0.0,0.0,999.0,999.0,0.0,0.0,,genre; tag,True,False,True,False,0
1133060,Anarchy: Wolf's law,A_core_strong,>=2 primary top-tag signals and reactions>=500,Party-Based RPG; Survival Horror,,,2,0,15,True,754,0.7891246684350133,"500,000 .. 1,000,000",,,,True,term_match+reactions>=500,RPG/character progression,Action; Action-Adventure; Adventure; First-Person; FPS; Grand Strategy; Open World; Party-Based RPG; RPG; Sandbox; Shooter; Simulation; Singleplayer; Strategy; Survival; Survival Horror; Zombies,29,8791,595,159,750000.0,,Action; Adventure; Simulation; Strategy; Action-Adventure; FPS; First-Person; Grand Strategy; Open World; Party-Based RPG; RPG; Sandbox; Shooter; Singleplayer; Survival; Survival Horror; Zombies,Anarchy: Wolf's law,Anarchy: Wolf's law,1775374466.0,36647706.0,IStoreService/GetAppList,2026-06-20T18:38:37.448689+00:00,Anarchy Games,Anarchy Games,0.0,,0.0,0.0,149.0,499.0,70.0,3.0,,genre; tag,True,False,True,False,0
380750,Anima: Gate of Memories,A_core_strong,>=2 primary top-tag signals and reactions>=500,Action RPG; Character Customization; Choices Matter; Choose Your Own Adventure; Female Protagonist; JRPG; Lore-Rich; Multiple Endings; Story Rich,,,9,0,15,True,748,0.6737967914438503,"100,000 .. 200,000",,,,True,term_match+reactions>=500,narrative/protagonist-heavy,Action; Action RPG; Adventure; Character Customization; Choices Matter; Choose Your Own Adventure; Female Protagonist; JRPG; Lore-Rich; Multiple Endings; Open World; RPG; Singleplayer; Story Rich; Third Person,38,8837,504,244,150000.0,,Action; Adventure; RPG; Action RPG; Character Customization; Choices Matter; Choose Your Own Adventure; Female Protagonist; JRPG; Lore-Rich; Multiple Endings; Open World; Singleplayer; Story Rich; Third Person,Anima: Gate of Memories,Anima: Gate of Memories,1748947919.0,36421358.0,IStoreService/GetAppList,2026-06-20T18:38:37.448689+00:00,Anima Project,Anima Publishing,0.0,,0.0,0.0,1999.0,1999.0,0.0,2.0,,genre; tag,True,False,True,False,0
2766860,MY DESTINY GIRLS,A_core_strong,>=2 primary top-tag signals and reactions>=500,Choices Matter; Choose Your Own Adventure; Female Protagonist; Immersive Sim; Interactive Fiction; Multiple Endings; Story Rich; Strategy RPG; Visual Novel,,,9,0,15,True,620,0.8596774193548387,"20,000 .. 50,000",,,,True,term_match+reactions>=500,narrative/protagonist-heavy,Adventure; Choices Matter; Choose Your Own Adventure; Female Protagonist; First-Person; Immersive Sim; Interactive Fiction; Multiple Endings; RPG; Simulation; Singleplayer; Story Rich; Strategy; Strategy RPG; Visual Novel,38,9731,533,87,35000.0,,Adventure; RPG; Simulation; Strategy; Choices Matter; Choose Your Own Adventure; Female Protagonist; First-Person; Immersive Sim; Interactive Fiction; Multiple Endings; Singleplayer; Story Rich; Strategy RPG; Visual Novel,都要！小孩子才做选择！,MY DESTINY GIRLS,1763979362.0,36031048.0,IStoreService/GetAppList,2026-06-20T18:38:37.448689+00:00,KARMAGAME HK LIMITED,EpicDream Games,0.0,,0.0,0.0,999.0,999.0,0.0,6.0,,genre; tag,True,False,True,False,0
351150,DRAGON: A Game About a Dragon,D_popular_control_candidate,popular/control pool only; not enough core signals,Story Rich,,,1,0,15,True,602,0.686046511627907,"50,000 .. 100,000",,,,True,term_match+reactions>=500,narrative/protagonist-heavy,Action; Adventure; First-Person; FPS; Open World; Platformer; RPG; Sandbox; Shooter; Simulation; Singleplayer; Story Rich; Strategy; Survival; Third Person; Zombies,27,9893,413,189,75000.0,,Adventure; Action; FPS; First-Person; Open World; Platformer; RPG; Sandbox; Shooter; Simulation; Singleplayer; Story Rich; Strategy; Survival; Third Person; Zombies,DRAGON: A Game About a Dragon,DRAGON: A Game About a Dragon,1492972182.0,34672985.0,IStoreService/GetAppList,2026-06-20T18:38:37.448689+00:00,Games With Dragons In,IPBuilders,0.0,,0.0,0.0,499.0,499.0,0.0,0.0,,genre; tag,True,False,True,False,0
1346830,I Saw Black Clouds,A_core_strong,>=2 primary top-tag signals and reactions>=500,Choices Matter; Choose Your Own Adventure; Dynamic Narration; Female Protagonist; Interactive Fiction; Multiple Endings; Mystery; Narrative; Story Rich; Survival Horror; Visual Novel,,,11,0,15,True,591,0.6277495769881557,"20,000 .. 50,000",,,,True,term_match+reactions>=500,narrative/protagonist-heavy,Adventure; Choices Matter; Choose Your Own Adventure; Dynamic Narration; Female Protagonist; Horror; Interactive Fiction; Multiple Endings; Mystery; Narrative; Simulation; Singleplayer; Story Rich; Survival Horror; Visual Novel,43,9974,371,220,35000.0,,Adventure; Choices Matter; Choose Your Own Adventure; Dynamic Narration; Female Protagonist; Horror; Interactive Fiction; Multiple Endings; Mystery; Narrative; Simulation; Singleplayer; Story Rich; Survival Horror; Visual Novel,I Saw Black Clouds,I Saw Black Clouds,1780394361.0,36535570.0,IStoreService/GetAppList,2026-06-20T18:38:37.448689+00:00,Ghost Dog Films,Wales Interactive,0.0,,0.0,0.0,254.0,1499.0,83.0,1.0,,genre; tag,True,False,True,False,0
1077970,Dry Drowning,D_popular_control_candidate,popular/control pool only; not enough core signals,Choices Matter; Choose Your Own Adventure; Detective; Dynamic Narration; Interactive Fiction; Investigation; Lore-Rich; Multiple Endings; Mystery; Story Rich; Visual Novel,,,11,0,15,True,493,0.8113590263691683,"100,000 .. 200,000",,,,False,,narrative/protagonist-heavy,Adventure; Choices Matter; Choose Your Own Adventure; Detective; Dynamic Narration; Horror; Interactive Fiction; Investigation; Lore-Rich; Multiple Endings; Mystery; Open World; Singleplayer; Story Rich; Visual Novel,44,10972,400,93,150000.0,,Adventure; Choices Matter; Choose Your Own Adventure; Detective; Dynamic Narration; Horror; Interactive Fiction; Investigation; Lore-Rich; Multiple Endings; Mystery; Open World; Singleplayer; Story Rich; Visual Novel,Dry Drowning,Dry Drowning,1627926010.0,35942703.0,IStoreService/GetAppList,2026-06-20T18:38:37.448689+00:00,"Studio V, VLG","Leonardo Interactive, WhisperGames",0.0,,0.0,0.0,1999.0,1999.0,0.0,1.0,,genre; tag,True,False,False,False,0
2461050,晨昏线,D_popular_control_candidate,popular/control pool only; not enough core signals,Detective; Female Protagonist; Immersive Sim; Interactive Fiction; Multiple Endings; Story Rich; Strategy RPG; Visual Novel,,,8,0,15,True,474,0.8270042194092827,"50,000 .. 100,000",,,,False,,narrative/protagonist-heavy,Adventure; Detective; Female Protagonist; Immersive Sim; Interactive Fiction; Multiple Endings; RPG; Simulation; Singleplayer; Stealth; Story Rich; Strategy; Strategy RPG; Survival; Visual Novel,34,11190,392,82,75000.0,,Adventure; RPG; Simulation; Detective; Female Protagonist; Immersive Sim; Interactive Fiction; Multiple Endings; Singleplayer; Stealth; Story Rich; Strategy; Strategy RPG; Survival; Visual Novel,晨昏线,晨昏线,1739242535.0,35646470.0,IStoreService/GetAppList,2026-06-20T18:38:37.448689+00:00,Enter Games,景秀游戏,0.0,,0.0,0.0,999.0,999.0,0.0,2.0,,genre; tag,True,False,False,False,0
2168810,Dream Sketcher,D_popular_control_candidate,popular/control pool only; not enough core signals,Character Customization; Choices Matter; Detective; Immersive Sim; Lovecraftian; Multiple Endings; Mystery; Story Rich,,,8,0,15,True,470,0.6191489361702127,"100,000 .. 200,000",,,,False,,narrative/protagonist-heavy,Adventure; Character Customization; Choices Matter; Detective; Immersive Sim; Lovecraftian; Multiple Endings; Mystery; RPG; Simulation; Singleplayer; Story Rich; Strategy; Third Person; Turn-Based Strategy,37,11238,291,179,150000.0,,RPG; Simulation; Strategy; Adventure; Character Customization; Choices Matter; Detective; Immersive Sim; Lovecraftian; Multiple Endings; Mystery; Singleplayer; Story Rich; Third Person; Turn-Based Strategy,志怪者,Dream Sketcher,1705297849.0,28055631.0,IStoreService/GetAppList,2026-06-20T18:38:37.448689+00:00,RisingPunch Studio,RisingPunch Studio,0.0,,0.0,0.0,1199.0,1199.0,0.0,0.0,,genre; tag,True,False,False,False,0
3292340,Time Space Rebuild,D_popular_control_candidate,popular/control pool only; not enough core signals,Choices Matter; Choose Your Own Adventure; CRPG; Female Protagonist; Immersive Sim; Interactive Fiction; Multiple Endings; Story Rich; Visual Novel,,,9,0,15,True,391,0.9360613810741688,"100,000 .. 200,000",,,,False,,narrative/protagonist-heavy,Adventure; Choices Matter; Choose Your Own Adventure; CRPG; Female Protagonist; First-Person; Immersive Sim; Interactive Fiction; Multiple Endings; RPG; Simulation; Singleplayer; Story Rich; Strategy; Visual Novel,38,12374,366,25,150000.0,,Adventure; RPG; Simulation; Strategy; CRPG; Choices Matter; Choose Your Own Adventure; Female Protagonist; First-Person; Immersive Sim; Interactive Fiction; Multiple Endings; Singleplayer; Story Rich; Visual Novel,Time Space Rebuild,Time Space Rebuild,1748424381.0,34672985.0,IStoreService/GetAppList,2026-06-20T18:38:37.448689+00:00,INNOVATION DREAM,INNOVATION DREAM,0.0,,0.0,0.0,499.0,499.0,0.0,11.0,,genre; tag,True,False,False,False,0
1113030,Stellar Warfare,D_popular_control_candidate,popular/control pool only; not enough core signals,Character Customization,,,1,0,15,True,367,0.8555858310626703,"20,000 .. 50,000",,,,False,,RPG/character progression,4X; Action; Adventure; Character Customization; City Builder; Colony Sim; Grand Strategy; Management; RPG; RTS; Sandbox; Simulation; Singleplayer; Strategy; Third Person,29,12798,314,53,35000.0,,Action; RPG; Simulation; Strategy; 4X; Adventure; Character Customization; City Builder; Colony Sim; Grand Strategy; Management; RTS; Sandbox; Singleplayer; Third Person,Stellar Warfare,Stellar Warfare,1757404316.0,36253786.0,IStoreService/GetAppList,2026-06-20T18:38:37.448689+00:00,Tense Games,Tense Games,0.0,,0.0,0.0,1999.0,1999.0,0.0,0.0,,genre; tag,True,False,False,False,0
2812850,Love Chase,D_popular_control_candidate,popular/control pool only; not enough core signals,Choices Matter; Choose Your Own Adventure; Female Protagonist; Immersive Sim; Interactive Fiction; Multiple Endings; Mystery; Story Rich; Visual Novel,,,9,0,15,True,363,0.8539944903581267,"20,000 .. 50,000",,,,False,,narrative/protagonist-heavy,Adventure; Choices Matter; Choose Your Own Adventure; Female Protagonist; First-Person; Immersive Sim; Interactive Fiction; Multiple Endings; Mystery; RPG; Simulation; Singleplayer; Story Rich; Strategy; Visual Novel,39,12862,310,53,35000.0,,Adventure; RPG; Simulation; Strategy; Choices Matter; Choose Your Own Adventure; Female Protagonist; First-Person; Immersive Sim; Interactive Fiction; Multiple Endings; Mystery; Singleplayer; Story Rich; Visual Novel,甜心AI追捕计划,Love Chase,1717695546.0,29993100.0,IStoreService/GetAppList,2026-06-20T18:38:37.448689+00:00,Topgame,Topgame,0.0,,0.0,0.0,599.0,599.0,0.0,1.0,,genre; tag,True,False,False,False,0
1058710,Monarch : Medieval Remastered,D_popular_control_candidate,popular/control pool only; not enough core signals,Choices Matter; CRPG; Immersive Sim; Political Sim; Strategy RPG; Tactical RPG,,,6,0,15,True,320,0.790625,"20,000 .. 50,000",,,,False,,narrative/protagonist-heavy,Choices Matter; City Builder; CRPG; Grand Strategy; Immersive Sim; Management; Political Sim; RPG; Sandbox; Simulation; Singleplayer; Strategy; Strategy RPG; Tactical RPG; Turn-Based Strategy,34,13704,253,67,35000.0,,RPG; Simulation; Strategy; CRPG; Choices Matter; City Builder; Grand Strategy; Immersive Sim; Management; Political Sim; Sandbox; Singleplayer; Strategy RPG; Tactical RPG; Turn-Based Strategy,中世纪君主 Medieval Monarch,Monarch : Medieval Remastered,1780662661.0,36421358.0,IStoreService/GetAppList,2026-06-20T18:38:37.448689+00:00,Mr.Lordy,Mr.Lordy,0.0,,0.0,0.0,1199.0,1199.0,0.0,1.0,,genre; tag,True,False,False,False,0
1494140,7Days Origins,D_popular_control_candidate,popular/control pool only; not enough core signals,Choices Matter; Choose Your Own Adventure; Dynamic Narration; Immersive Sim; Interactive Fiction; Lore-Rich; Multiple Endings; Mystery; Story Rich; Visual Novel,,,10,0,15,True,308,0.8603896103896104,"50,000 .. 100,000",,,,False,,narrative/protagonist-heavy,Adventure; Choices Matter; Choose Your Own Adventure; Dynamic Narration; Horror; Immersive Sim; Interactive Fiction; Lore-Rich; Multiple Endings; Mystery; Simulation; Singleplayer; Story Rich; Survival; Visual Novel,41,13965,265,43,75000.0,,Adventure; Simulation; Choices Matter; Choose Your Own Adventure; Dynamic Narration; Horror; Immersive Sim; Interactive Fiction; Lore-Rich; Multiple Endings; Mystery; Singleplayer; Story Rich; Survival; Visual Novel,7Days Origins,7Days Origins,1729549485.0,35942703.0,IStoreService/GetAppList,2026-06-20T18:38:37.448689+00:00,Buff Studio,Buff Studio,0.0,,0.0,0.0,899.0,899.0,0.0,1.0,,genre; tag,True,False,False,False,0
2704930,规则怪谈：盛崖小区,D_popular_control_candidate,popular/control pool only; not enough core signals,Choices Matter; Choose Your Own Adventure; Immersive Sim; Interactive Fiction; Lore-Rich; Multiple Endings; Mystery; Story Rich; Visual Novel,,,9,0,15,True,306,0.7320261437908496,"50,000 .. 100,000",,,,False,,narrative/protagonist-heavy,Adventure; Choices Matter; Choose Your Own Adventure; Horror; Immersive Sim; Interactive Fiction; Lore-Rich; Multiple Endings; Mystery; RPG; Simulation; Singleplayer; Story Rich; Strategy; Visual Novel,40,13993,224,82,75000.0,,Adventure; Simulation; Choices Matter; Choose Your Own Adventure; Horror; Immersive Sim; Interactive Fiction; Lore-Rich; Multiple Endings; Mystery; RPG; Singleplayer; Story Rich; Strategy; Visual Novel,规则怪谈：盛崖小区,规则怪谈：盛崖小区,1760899047.0,34672985.0,IStoreService/GetAppList,2026-06-20T18:38:37.448689+00:00,"ZHUYUAN Co.,Ltd","ZHUYUAN Co.,Ltd",0.0,,0.0,0.0,1099.0,1099.0,0.0,0.0,,genre; tag,True,False,False,False,0
396360,LocoSoccer Classic,D_popular_control_candidate,popular/control pool only; not enough core signals,,,,0,0,15,True,269,0.6356877323420075,"100,000 .. 200,000",,,,False,,RPG/character progression,Action; Adventure; First-Person; FPS; Horror; Open World; Platformer; RPG; Sandbox; Shooter; Simulation; Singleplayer; Strategy; Survival; Third Person; Zombies,26,14838,171,98,150000.0,,Strategy; Action; Adventure; FPS; First-Person; Horror; Open World; Platformer; RPG; Sandbox; Shooter; Simulation; Singleplayer; Survival; Third Person; Zombies,LocoSoccer Classic,LocoSoccer Classic,1710345647.0,33078735.0,IStoreService/GetAppList,2026-06-20T18:38:37.448689+00:00,Startreming Games,TheGamePublisher.com,0.0,,0.0,0.0,99.0,99.0,0.0,0.0,,genre; tag,True,False,False,False,0
1437050,EBOLA 2,D_popular_control_candidate,popular/control pool only; not enough core signals,Choices Matter; Detective; Investigation; Story Rich; Survival Horror; Walking Simulator,,,6,0,15,True,260,0.6961538461538461,"20,000 .. 50,000",,,,False,,narrative/protagonist-heavy,Action; Adventure; Choices Matter; Detective; First-Person; FPS; Horror; Investigation; RPG; Shooter; Singleplayer; Story Rich; Survival; Survival Horror; Walking Simulator; Zombies,34,15073,181,79,35000.0,,Action; Adventure; Choices Matter; Detective; FPS; First-Person; Horror; Investigation; RPG; Shooter; Singleplayer; Story Rich; Survival; Survival Horror; Walking Simulator; Zombies,EBOLA 2,EBOLA 2,1746096160.0,36253786.0,IStoreService/GetAppList,2026-06-20T18:38:37.448689+00:00,indie_games_studio,indie_games_studio,0.0,,0.0,0.0,1499.0,1499.0,0.0,0.0,,genre; tag,True,False,False,False,0
1245250,Thrive: Heavy Lies The Crown,D_popular_control_candidate,popular/control pool only; not enough core signals,Immersive Sim; Tactical RPG,,,2,0,15,True,248,0.7217741935483871,"500,000 .. 1,000,000",,,,False,,RPG/character progression,4X; Action; Adventure; City Builder; Colony Sim; Grand Strategy; Immersive Sim; Management; RPG; RTS; Sandbox; Simulation; Strategy; Tactical RPG; Turn-Based Strategy,27,15402,179,69,750000.0,,Action; Adventure; RPG; Simulation; Strategy; 4X; City Builder; Colony Sim; Grand Strategy; Immersive Sim; Management; RTS; Sandbox; Tactical RPG; Turn-Based Strategy,Thrive: Heavy Lies The Crown,Thrive: Heavy Lies The Crown,1778809574.0,36680842.0,IStoreService/GetAppList,2026-06-20T18:38:37.448689+00:00,Zugalu Entertainment,PlaySide,0.0,,0.0,0.0,2799.0,2799.0,0.0,6.0,,genre; tag,True,False,False,False,0
1304660,Vagrus - The Riven Realms: Demo (Prologue),D_popular_control_candidate,popular/control pool only; not enough core signals,Choices Matter; Choose Your Own Adventure; CRPG; Lore-Rich; Narrative; Story Rich; Strategy RPG,,,7,0,15,True,196,0.7295918367346939,"20,000 .. 50,000",,,,False,,narrative/protagonist-heavy,Adventure; Choices Matter; Choose Your Own Adventure; CRPG; Lore-Rich; Narrative; Open World; RPG; Sandbox; Simulation; Singleplayer; Story Rich; Strategy; Strategy RPG; Turn-Based Strategy,38,17107,143,53,35000.0,,RPG; Strategy; Adventure; CRPG; Choices Matter; Choose Your Own Adventure; Lore-Rich; Narrative; Open World; Sandbox; Simulation; Singleplayer; Story Rich; Strategy RPG; Turn-Based Strategy,Vagrus - The Riven Realms: Demo (Prologue),Vagrus - The Riven Realms: Demo (Prologue),1762606681.0,22736671.0,IStoreService/GetAppList,2026-06-20T18:38:37.448689+00:00,Lost Pilgrims Studio,Lost Pilgrims Studios,0.0,,0.0,0.0,0.0,0.0,0.0,0.0,,genre; tag,True,False,False,False,0
1397110,Harthorn,D_popular_control_candidate,popular/control pool only; not enough core signals,Conversation; Detective; Dynamic Narration; Investigation; Story Rich; Survival Horror; Walking Simulator,,,7,0,15,True,191,0.8586387434554974,"0 .. 20,000",,,,False,,narrative/protagonist-heavy,Action; Adventure; Conversation; Detective; Dynamic Narration; First-Person; FPS; Horror; Investigation; Shooter; Stealth; Story Rich; Survival; Survival Horror; Walking Simulator,28,17303,164,27,10000.0,,Action; Adventure; Conversation; Detective; Dynamic Narration; FPS; First-Person; Horror; Investigation; Shooter; Stealth; Story Rich; Survival; Survival Horror; Walking Simulator,Harthorn,Harthorn,1679147845.0,35646470.0,IStoreService/GetAppList,2026-06-20T18:38:37.448689+00:00,Vincent Lade,Vincent Lade,0.0,,0.0,0.0,399.0,399.0,0.0,0.0,,genre; tag,True,False,False,False,0
954280,3dSen VR,D_popular_control_candidate,popular/control pool only; not enough core signals,Female Protagonist; Story Rich; Strategy RPG,,,3,0,15,True,182,0.9285714285714286,"0 .. 20,000",,,,False,,narrative/protagonist-heavy,Action; Action-Adventure; Adventure; Female Protagonist; First-Person; FPS; Horror; Platformer; RPG; Sandbox; Shooter; Simulation; Singleplayer; Story Rich; Strategy; Strategy RPG; Zombies,30,17692,169,13,10000.0,,Action; Adventure; RPG; Simulation; Action-Adventure; FPS; Female Protagonist; First-Person; Horror; Platformer; Sandbox; Shooter; Singleplayer; Story Rich; Strategy; Strategy RPG; Zombies,3dSen VR,3dSen VR,1777394842.0,36596532.0,IStoreService/GetAppList,2026-06-20T18:38:37.448689+00:00,Geod Studio,Geod Studio,0.0,,0.0,0.0,2499.0,2499.0,0.0,0.0,,genre; tag,True,False,False,False,0
475090,Project Remedium,D_popular_control_candidate,popular/control pool only; not enough core signals,Action RPG; Choices Matter; Story Rich,,,3,0,15,True,153,0.3137254901960784,"0 .. 20,000",,,,False,,narrative/protagonist-heavy,Action; Action-Adventure; Action RPG; Adventure; Choices Matter; First-Person; FPS; Management; Open World; RPG; Sandbox; Shooter; Singleplayer; Stealth; Story Rich; Survival,31,19072,48,105,10000.0,,Action; Adventure; Action RPG; Action-Adventure; Choices Matter; FPS; First-Person; Management; Open World; RPG; Sandbox; Shooter; Singleplayer; Stealth; Story Rich; Survival,Project Remedium,Project Remedium,1765793839.0,36596532.0,IStoreService/GetAppList,2026-06-20T18:38:37.448689+00:00,Atomic Jelly,"Atomic Jelly, Movie Games S.A.",0.0,,0.0,0.0,999.0,999.0,0.0,0.0,,genre; tag,True,False,False,False,0
980640,Empire of Ember,D_popular_control_candidate,popular/control pool only; not enough core signals,Action RPG; Character Customization; CRPG; Story Rich; Strategy RPG,,,5,0,15,True,151,0.6688741721854304,"20,000 .. 50,000",,,,False,,narrative/protagonist-heavy,Action; Action RPG; Adventure; Character Customization; City Builder; CRPG; First-Person; Management; Open World; RPG; Sandbox; Singleplayer; Story Rich; Strategy; Strategy RPG,30,19151,101,50,35000.0,,Action; Adventure; RPG; Strategy; Action RPG; CRPG; Character Customization; City Builder; First-Person; Management; Open World; Sandbox; Singleplayer; Story Rich; Strategy RPG,Empire of Ember,Empire of Ember,1644528757.0,24324481.0,IStoreService/GetAppList,2026-06-20T18:38:37.448689+00:00,Poleaxe Games LLC,"Poleaxe Games LLC, Forthright Entertainment",0.0,,0.0,0.0,2499.0,2499.0,0.0,0.0,,genre; tag,True,False,False,False,0
1456230,Cthulhu: Death Escape / 克苏鲁:死亡逃脱 Prototype,D_popular_control_candidate,popular/control pool only; not enough core signals,Choices Matter; Detective; Investigation; Lovecraftian; Mystery; Survival Horror; Walking Simulator,,,7,0,15,True,144,0.7291666666666666,"50,000 .. 100,000",,,,False,,narrative/protagonist-heavy,Action; Action-Adventure; Adventure; Choices Matter; Detective; First-Person; FPS; Horror; Investigation; Lovecraftian; Mystery; Shooter; Simulation; Survival; Survival Horror; Walking Simulator,32,19543,105,39,75000.0,,Action; Adventure; Simulation; Action-Adventure; Choices Matter; Detective; FPS; First-Person; Horror; Investigation; Lovecraftian; Mystery; Shooter; Survival; Survival Horror; Walking Simulator,Cthulhu: Death Escape / 克苏鲁:死亡逃脱 Prototype,Cthulhu: Death Escape / 克苏鲁:死亡逃脱 Prototype,1759261358.0,25599957.0,IStoreService/GetAppList,2026-06-20T18:38:37.448689+00:00,Darktree Game Studio,Darktree Game Studio,0.0,,0.0,0.0,0.0,0.0,0.0,0.0,,genre; tag,True,False,False,False,0
2332250,Deformed,D_popular_control_candidate,popular/control pool only; not enough core signals,Action RPG; Character Customization; Choices Matter; Female Protagonist; Lore-Rich; Multiple Endings; Story Rich,,,7,0,15,True,124,0.9758064516129032,"0 .. 20,000",,,,False,,narrative/protagonist-heavy,Action; Action RPG; Adventure; Character Customization; Choices Matter; Female Protagonist; First-Person; FPS; Horror; Lore-Rich; Multiple Endings; Shooter; Story Rich; Third Person; Third-Person Shooter,32,20954,121,3,10000.0,,Action; Adventure; Action RPG; Character Customization; Choices Matter; FPS; Female Protagonist; First-Person; Horror; Lore-Rich; Multiple Endings; Shooter; Story Rich; Third Person; Third-Person Shooter,Deformed,Deformed,1770683180.0,36245038.0,IStoreService/GetAppList,2026-06-20T18:38:37.448689+00:00,Deformed Studios,Deformed Studios,0.0,,0.0,0.0,499.0,499.0,0.0,0.0,,genre; tag,True,False,False,False,0
2152190,Zombie Apocalypse Survival Simulator,D_popular_control_candidate,popular/control pool only; not enough core signals,Choices Matter; Choose Your Own Adventure; Detective; Female Protagonist; Immersive Sim; Investigation; Multiple Endings; Mystery; Survival Horror; Visual Novel,,,10,0,15,True,110,0.990909090909091,"200,000 .. 500,000",,,,False,,narrative/protagonist-heavy,Adventure; Choices Matter; Choose Your Own Adventure; Detective; Female Protagonist; Horror; Immersive Sim; Investigation; Multiple Endings; Mystery; RPG; Simulation; Survival; Survival Horror; Visual Novel; Zombies,41,21998,109,1,350000.0,,Adventure; RPG; Simulation; Choices Matter; Choose Your Own Adventure; Detective; Female Protagonist; Horror; Immersive Sim; Investigation; Multiple Endings; Mystery; Survival; Survival Horror; Visual Novel; Zombies,Zombie Apocalypse Survival Simulator,Zombie Apocalypse Survival Simulator,1750084577.0,36596532.0,IStoreService/GetAppList,2026-06-20T18:38:37.448689+00:00,Randumb Studios,Randumb Studios,0.0,,0.0,0.0,199.0,199.0,0.0,0.0,,genre; tag,True,False,False,False,0
1294340,Wonhon: A Vengeful Spirit,D_popular_control_candidate,popular/control pool only; not enough core signals,Action RPG; Female Protagonist; Mystery; Walking Simulator,,,4,0,15,True,99,0.7373737373737373,"100,000 .. 200,000",,,,False,,narrative/protagonist-heavy,Action; Action-Adventure; Action RPG; Adventure; Female Protagonist; Horror; Mystery; Open World; RPG; RTS; Singleplayer; Stealth; Strategy; Survival; Third Person; Walking Simulator,29,23038,73,26,150000.0,,Action; Adventure; Strategy; Action RPG; Action-Adventure; Female Protagonist; Horror; Mystery; Open World; RPG; RTS; Singleplayer; Stealth; Survival; Third Person; Walking Simulator,Wonhon: A Vengeful Spirit,Wonhon: A Vengeful Spirit,1727715867.0,35345245.0,IStoreService/GetAppList,2026-06-20T18:38:37.448689+00:00,BUSAN SANAI GAMES,SuperGG.com,0.0,,0.0,0.0,999.0,999.0,0.0,0.0,,genre; tag,True,False,False,False,0
426290,The Away Team: Lost Exodus,D_popular_control_candidate,popular/control pool only; not enough core signals,Character Customization; Choices Matter; Choose Your Own Adventure; Conversation; Interactive Fiction; Multiple Endings; Story Rich; Visual Novel,,,8,0,15,True,93,0.7419354838709677,"20,000 .. 50,000",,,,False,,narrative/protagonist-heavy,Adventure; Character Customization; Choices Matter; Choose Your Own Adventure; Conversation; Interactive Fiction; Management; Multiple Endings; Open World; RPG; Simulation; Singleplayer; Story Rich; Survival; Visual Novel,41,23711,69,24,35000.0,,Adventure; Simulation; Character Customization; Choices Matter; Choose Your Own Adventure; Conversation; Interactive Fiction; Management; Multiple Endings; Open World; RPG; Singleplayer; Story Rich; Survival; Visual Novel,The Away Team: Lost Exodus,The Away Team: Lost Exodus,1742556952.0,29133712.0,IStoreService/GetAppList,2026-06-20T18:38:37.448689+00:00,Underflow Studios,tinyBuild,0.0,,0.0,0.0,0.0,0.0,0.0,0.0,,genre; tag,True,False,False,False,0
1351290,AccidentHouse,D_popular_control_candidate,popular/control pool only; not enough core signals,Action RPG; Investigation; Story Rich; Survival Horror,,,4,0,15,True,82,0.7439024390243902,"0 .. 20,000",,,,False,,narrative/protagonist-heavy,Action; Action-Adventure; Action RPG; Adventure; First-Person; FPS; Horror; Investigation; Platformer; Simulation; Singleplayer; Stealth; Story Rich; Strategy; Survival; Survival Horror,28,25004,61,21,10000.0,,Action; Adventure; Simulation; Strategy; Action RPG; Action-Adventure; FPS; First-Person; Horror; Investigation; Platformer; Singleplayer; Stealth; Story Rich; Survival; Survival Horror,AccidentHouse,AccidentHouse,1781979485.0,35598514.0,IStoreService/GetAppList,2026-06-20T18:38:37.448689+00:00,K App.,K App.,0.0,,0.0,0.0,399.0,399.0,0.0,0.0,,genre; tag,True,False,False,False,0
2463980,Werewolf: The Apocalypse — Purgatory,D_popular_control_candidate,popular/control pool only; not enough core signals,Choices Matter; Choose Your Own Adventure; Female Protagonist; Interactive Fiction; Investigation; Lore-Rich; Multiple Endings; Mystery; Story Rich; Visual Novel,,,10,0,15,True,78,0.8205128205128205,"50,000 .. 100,000",,,,False,,narrative/protagonist-heavy,Adventure; Choices Matter; Choose Your Own Adventure; Female Protagonist; Horror; Interactive Fiction; Investigation; Lore-Rich; Multiple Endings; Mystery; RPG; Simulation; Singleplayer; Story Rich; Visual Novel,43,25502,64,14,75000.0,,Adventure; RPG; Simulation; Choices Matter; Choose Your Own Adventure; Female Protagonist; Horror; Interactive Fiction; Investigation; Lore-Rich; Multiple Endings; Mystery; Singleplayer; Story Rich; Visual Novel,Werewolf: The Apocalypse — Purgatory,Werewolf: The Apocalypse — Purgatory,1729174807.0,36076160.0,IStoreService/GetAppList,2026-06-20T18:38:37.448689+00:00,Different Tales,"Different Tales, Pretty Soon",0.0,,0.0,0.0,1499.0,1499.0,0.0,2.0,,genre; tag,True,False,False,False,0
2782280,Apocalypse Love Shelter,D_popular_control_candidate,popular/control pool only; not enough core signals,Choices Matter; Choose Your Own Adventure; Female Protagonist; Immersive Sim; Interactive Fiction; Multiple Endings; Story Rich; Strategy RPG,,,8,0,15,True,76,0.6447368421052632,"0 .. 20,000",,,,False,,narrative/protagonist-heavy,Adventure; Choices Matter; Choose Your Own Adventure; Female Protagonist; First-Person; Immersive Sim; Interactive Fiction; Multiple Endings; RPG; Simulation; Singleplayer; Story Rich; Strategy; Strategy RPG; Survival; Zombies,39,25734,49,27,10000.0,,Adventure; RPG; Simulation; Strategy; Choices Matter; Choose Your Own Adventure; Female Protagonist; First-Person; Immersive Sim; Interactive Fiction; Multiple Endings; Singleplayer; Story Rich; Strategy RPG; Survival; Zombies,末日美女避难所,Apocalypse Love Shelter,1730789110.0,29222913.0,IStoreService/GetAppList,2026-06-20T18:38:37.448689+00:00,AMEI Network Technology,AMEI Network Technology,0.0,,0.0,0.0,899.0,899.0,0.0,0.0,,genre; tag,True,False,False,False,0
2112210,Ensora,D_popular_control_candidate,popular/control pool only; not enough core signals,Action RPG; Mystery; Story Rich,,,3,0,15,True,36,0.75,"0 .. 20,000",,,,False,,narrative/protagonist-heavy,Action; Action-Adventure; Action RPG; Adventure; Management; Mystery; Open World; Platformer; RPG; Sandbox; Shooter; Simulation; Singleplayer; Story Rich; Survival; Third-Person Shooter; Zombies,31,34752,27,9,10000.0,,Action; Adventure; RPG; Action RPG; Action-Adventure; Management; Mystery; Open World; Platformer; Sandbox; Shooter; Simulation; Singleplayer; Story Rich; Survival; Third-Person Shooter; Zombies,Ensora,Ensora,1781069546.0,36530351.0,IStoreService/GetAppList,2026-06-20T18:38:37.448689+00:00,Dex Games Studio,Dex Games Studio,0.0,,0.0,0.0,1499.0,1499.0,0.0,0.0,,genre; tag,True,False,False,False,0
1472060,Apollyon: River of Life,D_popular_control_candidate,popular/control pool only; not enough core signals,Action RPG; Choices Matter; Choose Your Own Adventure; CRPG; Female Protagonist; Interactive Fiction; Lovecraftian; Multiple Endings; Story Rich; Strategy RPG; Tactical RPG,,,11,0,15,True,30,0.9333333333333332,"20,000 .. 50,000",,,,False,,narrative/protagonist-heavy,Action; Action RPG; Adventure; Choices Matter; Choose Your Own Adventure; CRPG; Female Protagonist; Interactive Fiction; Lovecraftian; Multiple Endings; RPG; Story Rich; Strategy; Strategy RPG; Tactical RPG,37,37636,28,2,35000.0,,Action; Adventure; RPG; Strategy; Action RPG; CRPG; Choices Matter; Choose Your Own Adventure; Female Protagonist; Interactive Fiction; Lovecraftian; Multiple Endings; Story Rich; Strategy RPG; Tactical RPG,Apollyon: River of Life,Apollyon: River of Life,1738923476.0,34672985.0,IStoreService/GetAppList,2026-06-20T18:38:37.448689+00:00,The Planar Danse,The Planar Danse,0.0,,0.0,0.0,1499.0,1499.0,0.0,0.0,,genre; tag,True,False,False,False,0
1941310,Sleep Paralysis: The Uncanny Valley,D_popular_control_candidate,popular/control pool only; not enough core signals,Choices Matter; Immersive Sim; Interactive Fiction; Multiple Endings; Mystery; Story Rich; Survival Horror; Walking Simulator,,,8,0,15,True,29,0.7931034482758621,"0 .. 20,000",,,,False,,narrative/protagonist-heavy,Action; Adventure; Choices Matter; First-Person; Horror; Immersive Sim; Interactive Fiction; Multiple Endings; Mystery; RPG; Simulation; Singleplayer; Story Rich; Survival Horror; Walking Simulator,34,37680,23,6,10000.0,,Adventure; RPG; Action; Choices Matter; First-Person; Horror; Immersive Sim; Interactive Fiction; Multiple Endings; Mystery; Simulation; Singleplayer; Story Rich; Survival Horror; Walking Simulator,Sleep Paralysis: The Uncanny Valley,Sleep Paralysis: The Uncanny Valley,1735852628.0,34672985.0,IStoreService/GetAppList,2026-06-20T18:38:37.448689+00:00,Limited Insight Studios,Limited Insight Studios,0.0,,0.0,0.0,899.0,899.0,0.0,0.0,,genre; tag,True,False,False,False,0
1306160,Get Over Blood,D_popular_control_candidate,popular/control pool only; not enough core signals,Action RPG; Character Customization; Choose Your Own Adventure,,,3,0,15,True,22,0.1363636363636363,"0 .. 20,000",,,,False,,narrative/protagonist-heavy,Action; Action RPG; Adventure; Character Customization; Choose Your Own Adventure; FPS; Horror; Platformer; RPG; Sandbox; Simulation; Singleplayer; Stealth; Strategy; Third Person,27,42164,3,19,10000.0,,Action; Adventure; RPG; Simulation; Strategy; Action RPG; Character Customization; Choose Your Own Adventure; FPS; Horror; Platformer; Sandbox; Singleplayer; Stealth; Third Person,Get Over Blood,Get Over Blood,1709511324.0,36144766.0,IStoreService/GetAppList,2026-06-20T18:38:37.448689+00:00,Hede,Hede,0.0,,0.0,0.0,19999.0,19999.0,0.0,0.0,,genre; tag,True,False,False,False,0
2212520,The Last Werewolf,D_popular_control_candidate,popular/control pool only; not enough core signals,Choices Matter; Choose Your Own Adventure; Detective; Female Protagonist; Interactive Fiction; Investigation; Multiple Endings; Mystery; Narrative; Story Rich; Visual Novel; Walking Simulator,,,12,0,15,True,10,1.0,"0 .. 20,000",,,,False,,narrative/protagonist-heavy,Adventure; Choices Matter; Choose Your Own Adventure; Detective; Female Protagonist; Interactive Fiction; Investigation; Multiple Endings; Mystery; Narrative; Singleplayer; Story Rich; Third Person; Visual Novel; Walking Simulator,42,55106,10,0,10000.0,,Adventure; Choices Matter; Choose Your Own Adventure; Detective; Female Protagonist; Interactive Fiction; Investigation; Multiple Endings; Mystery; Narrative; Singleplayer; Story Rich; Third Person; Visual Novel; Walking Simulator,The Last Werewolf,The Last Werewolf,1778251964.0,35792264.0,IStoreService/GetAppList,2026-06-20T18:38:37.448689+00:00,Unnatural Freaks,Unnatural Freaks,0.0,,0.0,0.0,699.0,699.0,0.0,0.0,,genre; tag,True,False,False,False,0
1630520,EverWorld,D_popular_control_candidate,popular/control pool only; not enough core signals,Action RPG; Conversation; Dynamic Narration; Immersive Sim; Party-Based RPG,,,5,0,15,True,8,0.375,"0 .. 20,000",,,,False,,narrative/protagonist-heavy,Action; Action RPG; Adventure; Colony Sim; Conversation; Dynamic Narration; First-Person; Immersive Sim; Open World; Party-Based RPG; RPG; Sandbox; Simulation; Singleplayer; Survival,29,58793,3,5,10000.0,,Adventure; RPG; Simulation; Action; Action RPG; Colony Sim; Conversation; Dynamic Narration; First-Person; Immersive Sim; Open World; Party-Based RPG; Sandbox; Singleplayer; Survival,EverWorld,EverWorld,1737402611.0,13837272.0,IStoreService/GetAppList,2026-06-20T18:38:37.448689+00:00,Light Up Game Studios,Light Up Game Studios,0.0,,0.0,0.0,1099.0,1099.0,0.0,0.0,,genre; tag,True,False,False,False,0
414770,Bionite: Origins,D_popular_control_candidate,popular/control pool only; not enough core signals,Action RPG; Character Customization; Strategy RPG; Tactical RPG,,,4,0,15,True,7,0.1428571428571428,"0 .. 20,000",,,,False,,RPG/character progression,Action; Action RPG; Adventure; Character Customization; First-Person; FPS; Management; RPG; RTS; Shooter; Simulation; Singleplayer; Strategy; Strategy RPG; Tactical RPG,27,60658,1,6,10000.0,,Action; Adventure; RPG; Simulation; Strategy; Action RPG; Character Customization; FPS; First-Person; Management; RTS; Shooter; Singleplayer; Strategy RPG; Tactical RPG,Bionite: Origins,Bionite: Origins,1641926588.0,26388145.0,IStoreService/GetAppList,2026-06-20T18:38:37.448689+00:00,Platoon Studios,Platoon Studios,0.0,,0.0,0.0,1199.0,1199.0,0.0,0.0,,genre; tag,True,False,False,False,0
1058840,Super Web Kittens: Act I,D_popular_control_candidate,popular/control pool only; not enough core signals,Choices Matter; Choose Your Own Adventure; Conversation; Female Protagonist; Interactive Fiction; Lore-Rich; Multiple Endings; Mystery; Story Rich; Visual Novel,,,10,0,15,True,7,0.8571428571428571,"50,000 .. 100,000",,,,False,,narrative/protagonist-heavy,Action; Adventure; Choices Matter; Choose Your Own Adventure; Conversation; Female Protagonist; Interactive Fiction; Lore-Rich; Multiple Endings; Mystery; RPG; Simulation; Singleplayer; Story Rich; Visual Novel,42,61320,6,1,75000.0,,Action; Adventure; RPG; Choices Matter; Choose Your Own Adventure; Conversation; Female Protagonist; Interactive Fiction; Lore-Rich; Multiple Endings; Mystery; Simulation; Singleplayer; Story Rich; Visual Novel,Super Web Kittens: Act I,Super Web Kittens: Act I,1592649967.0,11351614.0,IStoreService/GetAppList,2026-06-20T18:38:37.448689+00:00,Kuno Hoshiko,Kuno Hoshiko,0.0,,0.0,0.0,999.0,999.0,0.0,0.0,,genre; tag,True,False,False,False,0
2652040,Umbra Fields,D_popular_control_candidate,popular/control pool only; not enough core signals,Character Customization; Choices Matter; Choose Your Own Adventure; Immersive Sim; Lovecraftian; Multiple Endings; Party-Based RPG; Story Rich; Survival Horror,,,9,0,15,True,6,0.6666666666666666,"20,000 .. 50,000",,,,False,,narrative/protagonist-heavy,Action; Adventure; Character Customization; Choices Matter; Choose Your Own Adventure; First-Person; Horror; Immersive Sim; Lovecraftian; Multiple Endings; Open World; Party-Based RPG; Story Rich; Survival Horror; Turn-Based Strategy,34,63824,4,2,35000.0,,Action; Adventure; Character Customization; Choices Matter; Choose Your Own Adventure; First-Person; Horror; Immersive Sim; Lovecraftian; Multiple Endings; Open World; Party-Based RPG; Story Rich; Survival Horror; Turn-Based Strategy,Umbra Fields,Umbra Fields,1730839923.0,36421358.0,IStoreService/GetAppList,2026-06-20T18:38:37.448689+00:00,Michael Richard Lannon,Michael Richard Lannon,0.0,,0.0,0.0,1999.0,1999.0,0.0,0.0,,genre; tag,True,False,False,False,0
3600510,The Last Reunion,D_popular_control_candidate,popular/control pool only; not enough core signals,Choices Matter; Choose Your Own Adventure; Conversation; Detective; Interactive Fiction; Investigation; Multiple Endings; Mystery; Story Rich; Visual Novel,,,10,0,15,True,5,1.0,"0 .. 20,000",,,,False,,narrative/protagonist-heavy,Adventure; Choices Matter; Choose Your Own Adventure; Conversation; Detective; First-Person; Interactive Fiction; Investigation; Multiple Endings; Mystery; Simulation; Singleplayer; Story Rich; Strategy; Visual Novel,42,64486,5,0,10000.0,,Simulation; Strategy; Adventure; Choices Matter; Choose Your Own Adventure; Conversation; Detective; First-Person; Interactive Fiction; Investigation; Multiple Endings; Mystery; Singleplayer; Story Rich; Visual Novel,The Last Reunion,The Last Reunion,1755849025.0,34672985.0,IStoreService/GetAppList,2026-06-20T18:38:37.448689+00:00,제이게임즈,제이게임즈,0.0,,0.0,0.0,199.0,199.0,0.0,1.0,,genre; tag,True,False,False,False,0
2506540,ESCAPELAND,D_popular_control_candidate,popular/control pool only; not enough core signals,Action RPG; Choices Matter; Multiple Endings; Story Rich; Visual Novel,,,5,0,15,True,5,1.0,"0 .. 20,000",,,,False,,narrative/protagonist-heavy,Action; Action-Adventure; Action RPG; Adventure; Choices Matter; First-Person; FPS; Horror; Multiple Endings; Open World; RPG; Shooter; Simulation; Story Rich; Survival; Visual Novel,33,66039,5,0,10000.0,,Action; Adventure; RPG; Simulation; Action RPG; Action-Adventure; Choices Matter; FPS; First-Person; Horror; Multiple Endings; Open World; Shooter; Story Rich; Survival; Visual Novel,ESCAPELAND,ESCAPELAND,1772811213.0,35894327.0,IStoreService/GetAppList,2026-06-20T18:38:37.448689+00:00,eX Software,eX Software,0.0,,0.0,0.0,499.0,499.0,0.0,0.0,,genre; tag,True,False,False,False,0
2948630,The Sleeping Sickness,D_popular_control_candidate,popular/control pool only; not enough core signals,Choices Matter; Choose Your Own Adventure; Detective; Interactive Fiction; Investigation; Lore-Rich; Lovecraftian; Multiple Endings; Mystery; Narrative; Story Rich; Visual Novel,,,12,0,15,True,4,0.75,"0 .. 20,000",,,,False,,narrative/protagonist-heavy,Adventure; Choices Matter; Choose Your Own Adventure; Detective; Horror; Interactive Fiction; Investigation; Lore-Rich; Lovecraftian; Multiple Endings; Mystery; Narrative; Singleplayer; Story Rich; Visual Novel,44,69028,3,1,10000.0,,Adventure; Choices Matter; Choose Your Own Adventure; Detective; Horror; Interactive Fiction; Investigation; Lore-Rich; Lovecraftian; Multiple Endings; Mystery; Narrative; Singleplayer; Story Rich; Visual Novel,The Sleeping Sickness,The Sleeping Sickness,1715087215.0,29222913.0,IStoreService/GetAppList,2026-06-20T18:38:37.448689+00:00,Paper Scrap LLC,Paper Scrap LLC,0.0,,0.0,0.0,499.0,499.0,0.0,0.0,,tag,True,False,False,False,0
2109720,Roam Survival,D_popular_control_candidate,popular/control pool only; not enough core signals,Character Customization; Choose Your Own Adventure; Investigation; Mystery; Story Rich; Survival Horror,,,6,0,15,True,3,0.3333333333333333,"20,000 .. 50,000",,,,False,,narrative/protagonist-heavy,Action; Action-Adventure; Adventure; Character Customization; Choose Your Own Adventure; City Builder; First-Person; Investigation; Mystery; Open World; Singleplayer; Story Rich; Survival; Survival Horror; Third Person; Third-Person Shooter; Zombies,34,71937,1,2,35000.0,,Action; Adventure; Action-Adventure; Character Customization; Choose Your Own Adventure; City Builder; First-Person; Investigation; Mystery; Open World; Singleplayer; Story Rich; Survival; Survival Horror; Third Person; Third-Person Shooter; Zombies,Roam Survival,Roam Survival,1725894328.0,36471240.0,IStoreService/GetAppList,2026-06-20T18:38:37.448689+00:00,RivPlay,RivPlay,0.0,,0.0,0.0,899.0,899.0,0.0,0.0,,genre; tag,True,False,False,False,0
2121850,Winter's Ankh,D_popular_control_candidate,popular/control pool only; not enough core signals,Choices Matter; Conversation; CRPG; Dynamic Narration; Lore-Rich; Party-Based RPG; Story Rich; Tactical RPG,,,8,0,15,True,2,0.0,"0 .. 20,000",,,,False,,narrative/protagonist-heavy,Action; Adventure; Choices Matter; Conversation; CRPG; Dynamic Narration; Horror; Lore-Rich; Party-Based RPG; RPG; Sandbox; Simulation; Story Rich; Strategy; Tactical RPG,36,75624,0,2,10000.0,,Action; Adventure; RPG; Simulation; Strategy; CRPG; Choices Matter; Conversation; Dynamic Narration; Horror; Lore-Rich; Party-Based RPG; Sandbox; Story Rich; Tactical RPG,Winter's Ankh,Winter's Ankh,1691659123.0,29920465.0,IStoreService/GetAppList,2026-06-20T18:38:37.448689+00:00,Marix,Marix,0.0,,0.0,0.0,1799.0,1799.0,0.0,0.0,,genre; tag,True,False,False,False,0
2197170,Aswang Detective: The Case of New York,D_popular_control_candidate,popular/control pool only; not enough core signals,Choices Matter; Choose Your Own Adventure; Detective; JRPG; Multiple Endings; Mystery; Party-Based RPG; Story Rich,,,8,0,15,True,1,0.0,"0 .. 20,000",,,,False,,narrative/protagonist-heavy,Action; Action-Adventure; Adventure; Choices Matter; Choose Your Own Adventure; Detective; First-Person; JRPG; Multiple Endings; Mystery; Open World; Party-Based RPG; RPG; Story Rich; Strategy; Turn-Based Strategy,37,77362,0,1,10000.0,,Action; Adventure; RPG; Strategy; Action-Adventure; Choices Matter; Choose Your Own Adventure; Detective; First-Person; JRPG; Multiple Endings; Mystery; Open World; Party-Based RPG; Story Rich; Turn-Based Strategy,Aswang Detective: The Case of New York,Aswang Detective: The Case of New York,1765895987.0,36421358.0,IStoreService/GetAppList,2026-06-20T18:38:37.448689+00:00,Michael Richard Lannon,Michael Richard Lannon,0.0,,0.0,0.0,1499.0,1499.0,0.0,0.0,,genre; tag,True,False,False,False,0
1807590,SALVATIONLAND,,,CRPG; Immersive Sim; Interactive Fiction; Story Rich; Visual Novel; Walking Simulator,,,6,0,15,True,0,,,,,,False,,narrative/protagonist-heavy,Action; Action-Adventure; Adventure; CRPG; First-Person; FPS; Immersive Sim; Interactive Fiction; Open World; RPG; Shooter; Simulation; Story Rich; Survival; Visual Novel; Walking Simulator; Zombies,29,91376,0,0,,,Action; Adventure; RPG; Simulation; Action-Adventure; CRPG; FPS; First-Person; Immersive Sim; Interactive Fiction; Open World; Shooter; Story Rich; Survival; Visual Novel; Walking Simulator; Zombies,SALVATIONLAND,,1772811298.0,35894327.0,IStoreService/GetAppList,2026-06-20T18:38:37.448689+00:00,,,,,,,,,,,,genre; tag,True,False,False,False,0
837610,Mary Skelter: Nightmares,,,CRPG; Female Protagonist; JRPG; Lore-Rich; Multiple Endings; Party-Based RPG; Story Rich; Visual Novel,,,8,0,15,True,0,,,,,,False,,narrative/protagonist-heavy,Action; Adventure; CRPG; Female Protagonist; First-Person; Horror; JRPG; Lore-Rich; Multiple Endings; Party-Based RPG; RPG; Singleplayer; Story Rich; Strategy; Visual Novel,33,125055,0,0,,,Adventure; RPG; Strategy; Action; CRPG; Female Protagonist; First-Person; Horror; JRPG; Lore-Rich; Multiple Endings; Party-Based RPG; Singleplayer; Story Rich; Visual Novel,Mary Skelter: Nightmares,,1572629279.0,34672985.0,IStoreService/GetAppList,2026-06-20T18:38:37.448689+00:00,,,,,,,,,,,,genre; tag,True,False,False,False,0
