a,h,pn,pt,pc,p,s,t,ac,su,sh,pp,nc,inc,ex,mr,eb,note,custom_id,split_label
730,n,Counter-Terrorists/Terrorists,nop,3,NA,NA,NA,0,0,0,0,0,n,multi,False,g,Competitive teams; no main protagonist,steam-v005-top1000-55-chunk-00001-ranks-1-50,top1000_55
578080,n,Battle royale combatant,nop,3,NA,NA,NA,0,0,0,1,0,n,multi,False,g,Match avatar only,steam-v005-top1000-55-chunk-00001-ranks-1-50,top1000_55
271590,y,"Michael, Franklin, Trevor",fen,3,REB,SHA,EVE,3,3,3,1,3,y,multi,False,g,Fixed criminal trio,steam-v005-top1000-55-chunk-00001-ranks-1-50,top1000_55
105600,y,Player adventurer,pav,2,EXP,CRE,HER,2,1,0,3,1,m,none,False,g,Sandbox avatar with progression,steam-v005-top1000-55-chunk-00001-ranks-1-50,top1000_55
359550,n,Operators,nop,3,NA,NA,NA,0,0,0,1,1,n,multi,False,g,"Hero roster, no main",steam-v005-top1000-55-chunk-00001-ranks-1-50,top1000_55
252490,y,Naked survivor,pav,2,EVE,REB,EXP,1,1,2,3,0,m,multi,False,g,Open survival avatar,steam-v005-top1000-55-chunk-00001-ranks-1-50,top1000_55
440,n,Mercenary classes,nop,3,NA,NA,NA,0,0,0,1,1,n,multi,False,g,Class roster comedy shooter,steam-v005-top1000-55-chunk-00001-ranks-1-50,top1000_55
4000,n,User,nop,3,NA,NA,NA,0,0,0,3,0,n,nop,False,g,"Sandbox tool, no protagonist",steam-v005-top1000-55-chunk-00001-ranks-1-50,top1000_55
2358720,y,Destined One,frs,3,HER,EXP,MAG,3,3,1,1,3,y,none,False,g,Mythic Wukong successor,steam-v005-top1000-55-chunk-00001-ranks-1-50,top1000_55
1245620,y,Tarnished,cbd,3,HER,EXP,MAG,3,3,2,3,3,y,none,False,g,Custom exiled demigod-seeker,steam-v005-top1000-55-chunk-00001-ranks-1-50,top1000_55
553850,y,Helldiver,frs,2,HER,JES,RUL,2,1,1,2,1,m,multi,False,g,Satirical expendable soldier role,steam-v005-top1000-55-chunk-00001-ranks-1-50,top1000_55
1172470,n,Legends,nop,3,NA,NA,NA,0,0,0,1,1,n,multi,False,g,Battle royale roster,steam-v005-top1000-55-chunk-00001-ranks-1-50,top1000_55
550,y,Survivors,fen,3,EVE,HER,CAR,2,2,1,1,1,y,multi,False,g,Fixed zombie-survivor ensemble,steam-v005-top1000-55-chunk-00001-ranks-1-50,top1000_55
431960,n,None,nop,3,NA,NA,NA,0,0,0,0,0,n,info,False,g,Wallpaper utility,steam-v005-top1000-55-chunk-00001-ranks-1-50,top1000_55
413150,y,The Farmer,cbd,3,CRE,CAR,EXP,3,3,0,3,2,y,none,False,g,Custom farmer rebuilds community,steam-v005-top1000-55-chunk-00001-ranks-1-50,top1000_55
227300,n,Truck driver,sim,3,NA,NA,NA,0,0,0,2,0,n,sim,False,g,Driving simulator role,steam-v005-top1000-55-chunk-00001-ranks-1-50,top1000_55
1091500,y,V,cbd,3,SHA,REB,EXP,3,3,3,3,3,y,none,False,g,Custom mercenary with fixed arc,steam-v005-top1000-55-chunk-00001-ranks-1-50,top1000_55
292030,y,Geralt of Rivia,fns,3,HER,SHA,CAR,3,3,2,1,3,y,none,False,g,Named monster hunter guardian,steam-v005-top1000-55-chunk-00001-ranks-1-50,top1000_55
381210,n,Survivors and killers,nop,3,NA,NA,NA,0,0,0,1,1,n,multi,False,g,"Asymmetric roster, no main",steam-v005-top1000-55-chunk-00001-ranks-1-50,top1000_55
739630,y,Ghost investigator,frs,2,SAG,EXP,HER,2,1,0,2,0,m,multi,False,g,Co-op paranormal investigator role,steam-v005-top1000-55-chunk-00001-ranks-1-50,top1000_55
1086940,y,Player character,cbd,3,HER,EXP,MAG,2,3,2,3,3,y,none,False,g,Custom or origin hero,steam-v005-top1000-55-chunk-00001-ranks-1-50,top1000_55
236390,n,Vehicle crew,sim,3,NA,NA,NA,0,0,0,1,0,n,sim,False,g,Vehicle combat simulator,steam-v005-top1000-55-chunk-00001-ranks-1-50,top1000_55
1174180,y,Arthur Morgan,fns,3,SHA,HER,EVE,3,3,3,1,3,y,none,False,g,Outlaw seeking redemption,steam-v005-top1000-55-chunk-00001-ranks-1-50,top1000_55
346110,y,ARK survivor,pav,2,EXP,HER,CRE,2,1,1,3,1,m,multi,False,g,Custom survival sandbox avatar,steam-v005-top1000-55-chunk-00001-ranks-1-50,top1000_55
1938090,u,Task Force 141 soldiers,fen,1,HER,RUL,SHA,2,1,1,1,2,m,multi,True,g,Campaign ensemble within multiplayer hub,steam-v005-top1000-55-chunk-00001-ranks-1-50,top1000_55
945360,n,Crewmates and impostors,nop,3,NA,NA,NA,0,0,0,2,0,n,multi,False,g,Social deduction roles only,steam-v005-top1000-55-chunk-00001-ranks-1-50,top1000_55
218620,y,PAYDAY gang,fen,2,REB,SHA,JES,3,2,3,1,1,y,multi,False,g,Playable criminal heist ensemble,steam-v005-top1000-55-chunk-00001-ranks-1-50,top1000_55
242760,y,Eric LeBlanc,fns,3,CAR,HER,EVE,3,3,1,1,2,y,none,False,g,Father searches for son,steam-v005-top1000-55-chunk-00001-ranks-1-50,top1000_55
230410,y,Tenno Operator,cbd,3,HER,MAG,EXP,3,3,1,3,3,y,multi,False,g,Custom space-ninja warrior,steam-v005-top1000-55-chunk-00001-ranks-1-50,top1000_55
1085660,y,The Guardian,cbd,3,HER,MAG,EXP,3,2,1,3,2,y,multi,False,g,Custom resurrected protector,steam-v005-top1000-55-chunk-00001-ranks-1-50,top1000_55
252950,n,Cars/teams,spr,3,NA,NA,NA,0,0,0,1,0,n,spr,False,g,"Vehicle sport, no protagonist",steam-v005-top1000-55-chunk-00001-ranks-1-50,top1000_55
304930,y,Zombie survivor,pav,2,EVE,EXP,HER,1,1,0,3,0,m,multi,False,g,Minimal survival avatar,steam-v005-top1000-55-chunk-00001-ranks-1-50,top1000_55
892970,y,Fallen Viking,cbd,3,HER,EXP,CRE,2,2,1,3,1,y,multi,False,g,Custom Viking proves worth,steam-v005-top1000-55-chunk-00001-ranks-1-50,top1000_55
322330,y,The Survivors,fen,3,EVE,EXP,JES,2,2,1,1,1,y,multi,False,g,Selectable stranded survivor ensemble,steam-v005-top1000-55-chunk-00001-ranks-1-50,top1000_55
582010,y,The Hunter,cbd,3,HER,EXP,CAR,2,2,1,3,1,y,multi,False,g,Custom hunter protects expedition,steam-v005-top1000-55-chunk-00001-ranks-1-50,top1000_55
1966720,y,Company employee,frs,2,EVE,EXP,JES,2,1,1,2,0,m,multi,False,g,Expendable corporate scavenger,steam-v005-top1000-55-chunk-00001-ranks-1-50,top1000_55
1097150,n,Bean contestant,spr,3,NA,NA,NA,0,0,0,1,0,n,spr,False,g,Party competition avatar,steam-v005-top1000-55-chunk-00001-ranks-1-50,top1000_55
239140,y,Kyle Crane,fns,3,HER,EVE,SHA,3,3,2,1,2,y,none,False,g,Undercover survivor in outbreak,steam-v005-top1000-55-chunk-00001-ranks-1-50,top1000_55
620,y,Chell,sfx,3,EVE,REB,SAG,3,3,0,2,2,y,none,False,g,Silent test subject escapes,steam-v005-top1000-55-chunk-00001-ranks-1-50,top1000_55
221100,y,Post-Soviet survivor,pav,2,EVE,EXP,HER,1,1,1,3,0,m,multi,False,g,Open zombie survival avatar,steam-v005-top1000-55-chunk-00001-ranks-1-50,top1000_55
322170,n,Geometric icon,nop,3,NA,NA,NA,0,0,0,0,0,n,nop,False,g,Abstract rhythm platforming icon,steam-v005-top1000-55-chunk-00001-ranks-1-50,top1000_55
367520,y,The Knight,nfx,3,EXP,HER,MAG,3,3,1,1,3,y,none,False,g,Silent vessel explores fallen kingdom,steam-v005-top1000-55-chunk-00001-ranks-1-50,top1000_55
374320,y,Ashen One,cbd,3,HER,EXP,SHA,2,3,2,3,3,y,none,False,g,Custom undead seeker,steam-v005-top1000-55-chunk-00001-ranks-1-50,top1000_55
377160,y,Sole Survivor,cbd,3,EVE,CAR,HER,3,3,1,3,2,y,none,False,g,Parent survivor searches wasteland,steam-v005-top1000-55-chunk-00001-ranks-1-50,top1000_55
291550,n,Fighting legends,nop,3,NA,NA,NA,0,0,0,1,0,n,multi,False,g,"Arena roster, no main",steam-v005-top1000-55-chunk-00001-ranks-1-50,top1000_55
1623730,y,Pal tamer survivor,pav,2,EXP,CRE,REB,2,1,1,3,0,m,multi,False,g,Creature-survival sandbox avatar,steam-v005-top1000-55-chunk-00001-ranks-1-50,top1000_55
108600,y,Doomed survivor,pav,2,EVE,EXP,HER,2,1,1,3,0,m,none,False,g,Custom zombie apocalypse survivor,steam-v005-top1000-55-chunk-00001-ranks-1-50,top1000_55
251570,y,Zombie survivor,pav,2,EVE,EXP,CRE,1,1,1,3,0,m,multi,False,g,Survival crafting avatar,steam-v005-top1000-55-chunk-00001-ranks-1-50,top1000_55
1172620,y,Pirate,pav,2,EXP,REB,JES,2,1,1,3,1,m,multi,False,g,Shared-world pirate avatar,steam-v005-top1000-55-chunk-00001-ranks-1-50,top1000_55
960090,n,Monkey defense commander,sys,3,NA,NA,NA,0,0,0,1,0,n,sys,False,g,Tower defense system role,steam-v005-top1000-55-chunk-00001-ranks-1-50,top1000_55
275850,y,No Man's Sky,pav,2,EXP,INN,SAG,2,2,0,3,2,m,none,False,g,Traveler avatar in exploration survival,steam-v005-top1000-55-chunk-00002-ranks-51-100,top1000_55
289070,n,Sid Meier’s Civilization VI,sys,3,NA,NA,NA,3,0,0,0,2,n,sys,False,g,"Civilization leadership system, not protagonist",steam-v005-top1000-55-chunk-00002-ranks-51-100,top1000_55
444090,n,Paladins,nop,3,NA,NA,NA,3,0,0,1,1,n,multi,False,g,Hero shooter roster without main protagonist,steam-v005-top1000-55-chunk-00002-ranks-51-100,top1000_55
648800,y,Raft,pav,2,EVE,EXP,CRE,2,2,0,3,1,m,none,False,g,Survivor avatar adrift building raft,steam-v005-top1000-55-chunk-00002-ranks-51-100,top1000_55
250900,y,The Binding of Isaac: Rebirth,fns,3,INN,SHA,EVE,3,3,3,1,3,y,none,False,g,Isaac as abused child in dark fantasy,steam-v005-top1000-55-chunk-00002-ranks-51-100,top1000_55
548430,y,Deep Rock Galactic,fen,2,HER,EXP,EVE,2,1,0,2,1,m,multi,False,g,Co-op dwarf miner ensemble,steam-v005-top1000-55-chunk-00002-ranks-51-100,top1000_55
394360,n,Hearts of Iron IV,sys,3,NA,NA,NA,3,0,0,0,2,n,sys,False,g,Nation-scale grand strategy role,steam-v005-top1000-55-chunk-00002-ranks-51-100,top1000_55
489830,y,The Elder Scrolls V: Skyrim Special Edition,cbd,3,HER,EXP,MAG,3,3,1,3,3,y,none,False,g,Custom Dragonborn with heroic destiny,steam-v005-top1000-55-chunk-00002-ranks-51-100,top1000_55
1203220,n,NARAKA: BLADEPOINT,nop,3,NA,NA,NA,3,0,0,1,1,n,multi,False,g,"Battle royale roster, no main protagonist",steam-v005-top1000-55-chunk-00002-ranks-51-100,top1000_55
284160,n,BeamNG.drive,sim,3,NA,NA,NA,3,0,0,0,0,n,sim,False,g,Vehicle physics simulator sandbox,steam-v005-top1000-55-chunk-00002-ranks-51-100,top1000_55
814380,y,Sekiro: Shadows Die Twice - GOTY Edition,fns,3,HER,CAR,SHA,3,3,2,1,3,y,none,False,g,Wolf protects Kuro through violent trials,steam-v005-top1000-55-chunk-00002-ranks-51-100,top1000_55
990080,y,Hogwarts Legacy,cbd,3,MAG,EXP,HER,3,3,1,3,2,y,none,False,g,Custom student with ancient magic,steam-v005-top1000-55-chunk-00002-ranks-51-100,top1000_55
72850,y,The Elder Scrolls V: Skyrim,cbd,3,HER,EXP,MAG,3,3,1,3,3,y,none,False,g,Custom Dragonborn hero-seeker,steam-v005-top1000-55-chunk-00002-ranks-51-100,top1000_55
264710,y,Subnautica,sfx,3,EXP,EVE,SAG,3,3,0,2,2,y,none,False,g,Lone survivor explores alien ocean,steam-v005-top1000-55-chunk-00002-ranks-51-100,top1000_55
632360,n,Risk of Rain 2,nop,2,NA,NA,NA,3,0,0,1,1,n,multi,False,g,"Roguelike survivor roster, no main",steam-v005-top1000-55-chunk-00002-ranks-51-100,top1000_55
1517290,n,Battlefield 2042,nop,3,NA,NA,NA,3,0,0,1,1,n,multi,False,g,Multiplayer specialists without campaign lead,steam-v005-top1000-55-chunk-00002-ranks-51-100,top1000_55
49520,y,Borderlands 2,fen,3,REB,HER,JES,3,2,2,2,2,y,none,False,g,Vault Hunter ensemble of outlaw heroes,steam-v005-top1000-55-chunk-00002-ranks-51-100,top1000_55
1293830,n,Forza Horizon 4,spr,3,NA,NA,NA,3,0,0,1,0,n,spr,False,g,"Racing driver role, sports structure",steam-v005-top1000-55-chunk-00002-ranks-51-100,top1000_55
1063730,y,New World: Aeternum,pav,2,EXP,EVE,HER,2,1,1,3,2,m,none,False,g,MMO castaway adventurer avatar,steam-v005-top1000-55-chunk-00002-ranks-51-100,top1000_55
107410,u,Arma 3,unc,1,UNC,UNC,UNC,1,1,1,2,2,m,unk,True,g,"Campaign lead exists, sandbox dominates",steam-v005-top1000-55-chunk-00002-ranks-51-100,top1000_55
1118200,n,People Playground,nop,3,NA,NA,NA,3,0,0,0,0,n,nop,False,g,Physics sandbox with no protagonist,steam-v005-top1000-55-chunk-00002-ranks-51-100,top1000_55
1145360,y,Hades,fns,3,REB,LOV,HER,3,3,1,1,3,y,none,False,g,Zagreus rebels to seek family,steam-v005-top1000-55-chunk-00002-ranks-51-100,top1000_55
255710,n,Cities: Skylines,sim,3,NA,NA,NA,3,0,0,0,0,n,sim,False,g,"City management, no character protagonist",steam-v005-top1000-55-chunk-00002-ranks-51-100,top1000_55
391540,y,Undertale,sfx,3,INN,EVE,MAG,3,3,2,3,3,y,none,False,g,Fallen child shaped by player morality,steam-v005-top1000-55-chunk-00002-ranks-51-100,top1000_55
261550,y,Mount & Blade II: Bannerlord,cbd,3,RUL,HER,REB,2,2,1,3,2,y,none,False,g,Custom warlord building clan power,steam-v005-top1000-55-chunk-00002-ranks-51-100,top1000_55
1237970,y,Titanfall 2,fdu,3,HER,CAR,EVE,3,3,0,1,2,y,none,False,g,Cooper and BT bond in combat,steam-v005-top1000-55-chunk-00002-ranks-51-100,top1000_55
1326470,y,Sons Of The Forest,frs,2,EVE,EXP,HER,2,2,1,2,2,m,none,False,g,Operative survivor searches hostile island,steam-v005-top1000-55-chunk-00002-ranks-51-100,top1000_55
1794680,n,Vampire Survivors,nop,3,NA,NA,NA,3,0,0,1,0,n,nop,False,g,Arcade roster with minimal narrative,steam-v005-top1000-55-chunk-00002-ranks-51-100,top1000_55
1238810,y,Battlefield V,fen,2,HER,EVE,CAR,2,1,1,1,2,m,multi,True,g,War Stories anthology of protagonists,steam-v005-top1000-55-chunk-00002-ranks-51-100,top1000_55
10,n,Counter-Strike,nop,3,NA,NA,NA,3,0,0,0,0,n,multi,False,g,"Competitive team shooter, no protagonist",steam-v005-top1000-55-chunk-00002-ranks-51-100,top1000_55
594650,n,Hunt: Showdown 1896,nop,3,NA,NA,NA,3,0,0,1,1,n,multi,False,g,Extraction hunters lack main protagonist,steam-v005-top1000-55-chunk-00002-ranks-51-100,top1000_55
203160,y,Tomb Raider Game of the Year,fns,3,EXP,HER,EVE,3,3,1,1,3,y,none,False,g,Lara Croft survival origin journey,steam-v005-top1000-55-chunk-00002-ranks-51-100,top1000_55
220,y,Half-Life 2,sfx,3,HER,REB,SAG,3,3,0,2,2,y,none,False,g,Gordon Freeman silent resistance hero,steam-v005-top1000-55-chunk-00002-ranks-51-100,top1000_55
976730,y,Halo: The Master Chief Collection,fen,2,HER,CAR,RUL,3,2,1,1,3,m,multi,True,g,Collection spans Chief and other leads,steam-v005-top1000-55-chunk-00002-ranks-51-100,top1000_55
438100,n,VRChat,nop,3,NA,NA,NA,3,0,0,3,0,n,nop,False,g,Social platform without narrative protagonist,steam-v005-top1000-55-chunk-00002-ranks-51-100,top1000_55
1144200,y,Ready or Not,frs,2,HER,CAR,SAG,2,2,1,2,1,m,none,False,g,SWAT commander role in tactical operations,steam-v005-top1000-55-chunk-00002-ranks-51-100,top1000_55
238960,y,Path of Exile,cbd,3,EVE,HER,SHA,2,2,2,3,3,y,none,False,g,Custom exile survives dark Wraeclast,steam-v005-top1000-55-chunk-00002-ranks-51-100,top1000_55
526870,y,Satisfactory,frs,2,CRE,EXP,EVE,2,2,1,2,1,m,none,False,g,FICSIT pioneer builds alien factory,steam-v005-top1000-55-chunk-00002-ranks-51-100,top1000_55
22380,y,Fallout: New Vegas,cbd,3,EVE,REB,RUL,3,3,2,3,3,y,none,False,g,Courier reshapes Mojave politics,steam-v005-top1000-55-chunk-00002-ranks-51-100,top1000_55
1468810,y,鬼谷八荒 Tale of Immortal,cbd,2,EXP,MAG,HER,2,2,1,3,2,m,none,True,g,Custom cultivator seeks immortal power,steam-v005-top1000-55-chunk-00002-ranks-51-100,top1000_55
1551360,n,Forza Horizon 5,spr,3,NA,NA,NA,3,0,0,1,0,n,spr,False,g,Racing festival driver role,steam-v005-top1000-55-chunk-00002-ranks-51-100,top1000_55
2246340,y,Monster Hunter Wilds,cbd,2,HER,EXP,CAR,2,2,0,3,2,m,none,True,g,Custom hunter in expedition narrative,steam-v005-top1000-55-chunk-00002-ranks-51-100,top1000_55
1426210,y,It Takes Two,fdu,3,LOV,CAR,EVE,3,3,1,1,3,y,none,False,g,Cody and May repair marriage,steam-v005-top1000-55-chunk-00002-ranks-51-100,top1000_55
427520,y,Factorio,frs,2,CRE,EXP,EVE,2,2,1,2,1,m,none,False,g,Stranded engineer industrializes alien world,steam-v005-top1000-55-chunk-00002-ranks-51-100,top1000_55
311210,y,Call of Duty: Black Ops III,cbd,2,HER,SHA,SAG,2,2,2,2,2,m,none,True,g,Cybernetic soldier in fractured campaign,steam-v005-top1000-55-chunk-00002-ranks-51-100,top1000_55
700330,n,SCP: Secret Laboratory,nop,3,NA,NA,NA,3,0,0,1,0,n,multi,False,g,"Asymmetric multiplayer roles, no lead",steam-v005-top1000-55-chunk-00002-ranks-51-100,top1000_55
477160,y,Human Fall Flat,pav,2,JES,INN,EXP,2,1,0,3,0,m,none,False,g,Wobbly avatar solves comic physics puzzles,steam-v005-top1000-55-chunk-00002-ranks-51-100,top1000_55
698780,y,Doki Doki Literature Club!,pav,2,EVE,LOV,INN,2,2,2,3,3,y,none,False,g,Self-insert club member in meta horror,steam-v005-top1000-55-chunk-00002-ranks-51-100,top1000_55
393380,n,Squad,nop,3,NA,NA,NA,3,0,0,0,0,n,multi,False,g,Tactical multiplayer without protagonist,steam-v005-top1000-55-chunk-00002-ranks-51-100,top1000_55
294100,n,RimWorld,sim,3,NA,NA,NA,3,0,0,0,2,n,sim,False,g,"Colony management storyteller, no single lead",steam-v005-top1000-55-chunk-00002-ranks-51-100,top1000_55
379720,y,Doom Slayer,sfx,3,HER,SHA,REB,3,3,2,1,1,y,none,False,g,Silent demon-slaying warrior,steam-v005-top1000-55-chunk-00003-ranks-101-150,top1000_55
782330,y,Doom Slayer,sfx,3,HER,SHA,REB,3,3,2,1,2,y,none,False,g,Mythic silent warrior against Hell,steam-v005-top1000-55-chunk-00003-ranks-101-150,top1000_55
8930,n,,sys,3,NA,NA,NA,3,0,0,0,0,n,sys,False,g,Civilization-scale strategy role,steam-v005-top1000-55-chunk-00003-ranks-101-150,top1000_55
3164500,y,Player dealer,pav,2,REB,SHA,RUL,2,2,2,3,1,m,sim,True,m,Criminal business sandbox avatar,steam-v005-top1000-55-chunk-00003-ranks-101-150,top1000_55
433850,n,,nop,3,NA,NA,NA,3,0,0,0,0,n,multi,False,g,Battle royale multiplayer avatars,steam-v005-top1000-55-chunk-00003-ranks-101-150,top1000_55
1599340,y,Player adventurer,cbd,2,HER,EXP,MAG,2,2,0,3,2,m,multi,False,g,MMO hero seeking the Ark,steam-v005-top1000-55-chunk-00003-ranks-101-150,top1000_55
534380,y,Aiden Caldwell,fns,3,HER,EXP,EVE,3,3,1,1,2,y,none,False,g,Pilgrim survivor seeking sister,steam-v005-top1000-55-chunk-00003-ranks-101-150,top1000_55
1238840,y,War Stories soldiers,fen,2,HER,EVE,SHA,2,2,1,1,2,m,multi,False,g,Anthology ensemble of soldiers,steam-v005-top1000-55-chunk-00003-ranks-101-150,top1000_55
435150,y,Godwoken,cbd,3,HER,MAG,EXP,3,3,1,3,3,y,none,False,g,Custom or origin Godwoken,steam-v005-top1000-55-chunk-00003-ranks-101-150,top1000_55
268910,y,Cuphead and Mugman,fdu,3,JES,HER,INN,3,3,0,1,1,y,none,False,g,Mischievous brothers repay devil debt,steam-v005-top1000-55-chunk-00003-ranks-101-150,top1000_55
3241660,n,,nop,2,NA,NA,NA,2,0,0,0,0,n,multi,True,u,"Co-op extraction avatars, little narrative",steam-v005-top1000-55-chunk-00003-ranks-101-150,top1000_55
281990,n,,sys,3,NA,NA,NA,3,0,0,0,0,n,sys,False,g,Empire-level grand strategy,steam-v005-top1000-55-chunk-00003-ranks-101-150,top1000_55
646570,u,Selectable climber,unc,1,UNC,UNC,UNC,1,1,1,2,1,m,unk,True,g,"Selectable roguelike heroes, sparse story",steam-v005-top1000-55-chunk-00003-ranks-101-150,top1000_55
240,n,,nop,3,NA,NA,NA,3,0,0,0,0,n,multi,False,g,Competitive team shooter,steam-v005-top1000-55-chunk-00003-ranks-101-150,top1000_55
2050650,y,Leon S. Kennedy,fns,3,HER,CAR,SAG,3,3,0,1,2,y,none,False,g,Agent rescuing Ashley,steam-v005-top1000-55-chunk-00003-ranks-101-150,top1000_55
400,y,Chell,sfx,3,EVE,REB,SAG,3,3,0,2,2,y,none,False,g,Silent test subject escaping Aperture,steam-v005-top1000-55-chunk-00003-ranks-101-150,top1000_55
518790,n,,sim,3,NA,NA,NA,3,0,0,0,0,n,sim,False,g,Hunting simulation role,steam-v005-top1000-55-chunk-00003-ranks-101-150,top1000_55
1240440,y,Master Chief,fns,3,HER,CAR,SHA,3,3,1,1,2,y,none,False,g,Iconic Spartan protector,steam-v005-top1000-55-chunk-00003-ranks-101-150,top1000_55
270880,n,,sim,3,NA,NA,NA,3,0,0,0,0,n,sim,False,g,Truck driving simulator,steam-v005-top1000-55-chunk-00003-ranks-101-150,top1000_55
901583,y,Niko Bellic,fns,3,SHA,EVE,REB,3,3,3,1,3,y,none,False,g,Immigrant criminal antihero,steam-v005-top1000-55-chunk-00003-ranks-101-150,top1000_55
12210,y,Niko Bellic,fns,3,SHA,EVE,REB,3,3,3,1,3,y,none,False,g,Immigrant criminal antihero,steam-v005-top1000-55-chunk-00003-ranks-101-150,top1000_55
552520,y,Junior Deputy,cbd,3,HER,REB,CAR,2,2,1,3,2,y,none,False,g,Custom deputy resists cult,steam-v005-top1000-55-chunk-00003-ranks-101-150,top1000_55
883710,y,Leon and Claire,fdu,3,HER,CAR,EVE,3,3,0,1,2,y,multi,False,g,Dual survivors in Raccoon City,steam-v005-top1000-55-chunk-00003-ranks-101-150,top1000_55
812140,y,Kassandra or Alexios,cbd,3,EXP,HER,REB,3,3,1,2,3,y,none,False,g,Mercenary seeker in Greek odyssey,steam-v005-top1000-55-chunk-00003-ranks-101-150,top1000_55
1222670,n,,sim,3,NA,NA,NA,3,0,0,0,0,n,sim,False,g,Life simulation sandbox,steam-v005-top1000-55-chunk-00003-ranks-101-150,top1000_55
1229490,y,V1,nfx,3,SHA,REB,HER,3,3,3,1,1,y,none,False,g,Blood-fueled machine in Hell,steam-v005-top1000-55-chunk-00003-ranks-101-150,top1000_55
319630,y,Max Caulfield,fns,3,INN,MAG,LOV,3,3,0,2,3,y,none,False,g,Teen photographer rewinds time,steam-v005-top1000-55-chunk-00003-ranks-101-150,top1000_55
1222140,y,"Kara, Connor, Markus",fen,3,EXP,REB,CAR,3,3,1,1,3,y,multi,False,g,Android ensemble seeking identity,steam-v005-top1000-55-chunk-00003-ranks-101-150,top1000_55
2694490,y,Exile,cbd,2,EVE,HER,EXP,2,2,1,3,2,m,none,True,m,Custom ARPG exile hero,steam-v005-top1000-55-chunk-00003-ranks-101-150,top1000_55
588650,y,The Beheaded,nfx,3,SHA,EXP,REB,2,3,3,1,2,y,none,False,g,Amnesiac head possessing corpses,steam-v005-top1000-55-chunk-00003-ranks-101-150,top1000_55
48700,y,Player adventurer,pav,2,RUL,EXP,HER,2,2,1,3,2,m,none,False,g,Sandbox warrior rising to lordship,steam-v005-top1000-55-chunk-00003-ranks-101-150,top1000_55
1716740,y,Constellation recruit,cbd,3,EXP,HER,SAG,3,3,0,3,3,y,none,False,g,Custom space explorer touched by artifact,steam-v005-top1000-55-chunk-00003-ranks-101-150,top1000_55
211820,y,Protectorate survivor,cbd,2,EXP,CRE,HER,2,2,0,3,1,m,none,False,g,Custom survivor explores and builds,steam-v005-top1000-55-chunk-00003-ranks-101-150,top1000_55
2183900,y,Demetrian Titus,fns,3,HER,CAR,SHA,3,3,1,1,2,y,none,False,g,Space Marine defending Imperium,steam-v005-top1000-55-chunk-00003-ranks-101-150,top1000_55
813780,n,,sys,3,NA,NA,NA,3,0,0,0,0,n,sys,False,g,Historical civilization strategy,steam-v005-top1000-55-chunk-00003-ranks-101-150,top1000_55
379430,y,Henry,fns,3,EVE,HER,EXP,3,3,1,1,3,y,none,False,g,Blacksmith's son seeking revenge,steam-v005-top1000-55-chunk-00003-ranks-101-150,top1000_55
1172380,y,Cal Kestis,fns,3,HER,EVE,MAG,3,3,1,1,3,y,none,False,g,Hidden Jedi survivor rebuilds hope,steam-v005-top1000-55-chunk-00003-ranks-101-150,top1000_55
1593500,y,Kratos,fns,3,SHA,CAR,HER,3,3,3,1,3,y,none,False,g,Violent god learning fatherhood,steam-v005-top1000-55-chunk-00003-ranks-101-150,top1000_55
1332010,y,Stray cat,nfx,3,EXP,INN,CAR,3,3,0,1,2,y,none,False,g,Lost cat explores robot city,steam-v005-top1000-55-chunk-00003-ranks-101-150,top1000_55
306130,y,The Vestige,cbd,3,HER,EXP,MAG,2,2,1,3,2,m,multi,False,g,Custom MMO soul-shriven hero,steam-v005-top1000-55-chunk-00003-ranks-101-150,top1000_55
2379780,n,,nop,3,NA,NA,NA,3,0,0,0,0,n,nop,False,g,Abstract poker roguelike,steam-v005-top1000-55-chunk-00003-ranks-101-150,top1000_55
1782210,n,,nop,3,NA,NA,NA,3,0,0,0,0,n,multi,False,g,Multiplayer party competition,steam-v005-top1000-55-chunk-00003-ranks-101-150,top1000_55
1811260,n,,spr,3,NA,NA,NA,3,0,0,0,0,n,spr,False,g,Football sports role,steam-v005-top1000-55-chunk-00003-ranks-101-150,top1000_55
244210,n,,spr,3,NA,NA,NA,3,0,0,0,0,n,spr,False,g,Racing simulation role,steam-v005-top1000-55-chunk-00003-ranks-101-150,top1000_55
304390,n,,nop,2,NA,NA,NA,2,0,0,0,0,n,multi,True,g,"Hero combat roster, no main protagonist",steam-v005-top1000-55-chunk-00003-ranks-101-150,top1000_55
262060,n,,sys,2,NA,NA,NA,2,0,0,0,0,n,sys,False,g,Estate management over disposable party,steam-v005-top1000-55-chunk-00003-ranks-101-150,top1000_55
397540,y,Vault Hunters,fen,2,REB,HER,JES,2,2,1,2,2,m,multi,False,g,Selectable outlaw shooter heroes,steam-v005-top1000-55-chunk-00003-ranks-101-150,top1000_55
70,y,Gordon Freeman,sfx,3,SAG,HER,EVE,3,3,0,2,2,y,none,False,g,Silent scientist becomes survivor-hero,steam-v005-top1000-55-chunk-00003-ranks-101-150,top1000_55
444200,n,,nop,3,NA,NA,NA,3,0,0,0,0,n,multi,False,g,Multiplayer tank combat,steam-v005-top1000-55-chunk-00003-ranks-101-150,top1000_55
552990,n,,nop,3,NA,NA,NA,3,0,0,0,0,n,multi,False,g,Multiplayer warship combat,steam-v005-top1000-55-chunk-00003-ranks-101-150,top1000_55
601150,y,"Nero, Dante, V",fen,3,HER,SHA,REB,3,3,2,1,3,y,multi,False,g,Stylized demon-hunting ensemble,steam-v005-top1000-55-chunk-00004-ranks-151-200,top1000_55
2881650,n,,nop,3,NA,NA,NA,0,0,0,2,0,n,multi,False,g,Co-op streamer avatars only,steam-v005-top1000-55-chunk-00004-ranks-151-200,top1000_55
671860,n,,nop,3,NA,NA,NA,0,0,0,0,0,n,multi,False,g,Large-scale multiplayer shooter,steam-v005-top1000-55-chunk-00004-ranks-151-200,top1000_55
227940,n,,nop,3,NA,NA,NA,0,0,0,0,0,n,multi,False,g,Multiplayer war roles,steam-v005-top1000-55-chunk-00004-ranks-151-200,top1000_55
8870,y,Booker DeWitt,fns,3,SHA,HER,CAR,3,3,3,1,3,y,none,False,g,Guilty rescuer in Columbia,steam-v005-top1000-55-chunk-00004-ranks-151-200,top1000_55
524220,y,"2B, 9S, A2",fen,3,HER,EXP,SHA,3,3,2,1,3,y,multi,False,g,Android ensemble seeking meaning,steam-v005-top1000-55-chunk-00004-ranks-151-200,top1000_55
208650,y,Batman,fns,3,HER,SHA,CAR,3,3,3,1,3,y,none,False,g,Dark guardian vigilante,steam-v005-top1000-55-chunk-00004-ranks-151-200,top1000_55
3590,n,,sys,3,NA,NA,NA,0,0,0,1,0,n,sys,False,g,Tower-defense household system,steam-v005-top1000-55-chunk-00004-ranks-151-200,top1000_55
433340,y,Beatrix LeBeau,fns,3,EXP,CRE,CAR,3,3,0,2,1,y,none,False,g,Hopeful frontier rancher,steam-v005-top1000-55-chunk-00004-ranks-151-200,top1000_55
686810,n,,nop,3,NA,NA,NA,0,0,0,0,0,n,multi,False,g,Multiplayer WWII combat roles,steam-v005-top1000-55-chunk-00004-ranks-151-200,top1000_55
1057090,y,Ori,nfx,3,INN,HER,EXP,3,3,0,1,2,y,none,False,g,Pure spirit on heroic quest,steam-v005-top1000-55-chunk-00004-ranks-151-200,top1000_55
391220,y,Lara Croft,fns,3,EXP,HER,SAG,3,3,1,1,3,y,none,False,g,Driven archaeologist survivor,steam-v005-top1000-55-chunk-00004-ranks-151-200,top1000_55
508440,n,,sim,3,NA,NA,NA,0,0,0,0,0,n,sim,False,g,Battle sandbox simulation,steam-v005-top1000-55-chunk-00004-ranks-151-200,top1000_55
236850,n,,sys,3,NA,NA,NA,0,0,0,1,0,n,sys,False,g,Nation-state grand strategy,steam-v005-top1000-55-chunk-00004-ranks-151-200,top1000_55
552500,y,Ubersreik Five,fen,3,HER,CAR,SHA,2,2,1,1,2,y,multi,False,g,Hero ensemble against Chaos,steam-v005-top1000-55-chunk-00004-ranks-151-200,top1000_55
1222680,n,,spr,3,NA,NA,NA,0,0,0,2,0,n,spr,False,g,Racing avatar role,steam-v005-top1000-55-chunk-00004-ranks-151-200,top1000_55
244850,n,,sim,3,NA,NA,NA,0,0,0,2,0,n,sim,False,g,Sandbox engineering avatars,steam-v005-top1000-55-chunk-00004-ranks-151-200,top1000_55
1092790,y,Luke Carder,fns,2,SAG,EVE,SHA,2,3,2,2,3,y,none,True,g,Meta investigator framing,steam-v005-top1000-55-chunk-00004-ranks-151-200,top1000_55
1868140,y,Dave,fns,3,EVE,EXP,CAR,3,3,0,2,2,y,none,False,g,Ordinary diver and helper,steam-v005-top1000-55-chunk-00004-ranks-151-200,top1000_55
570940,y,Chosen Undead,cbd,3,EVE,HER,EXP,2,3,2,3,2,y,none,False,g,Cursed undead seeker,steam-v005-top1000-55-chunk-00004-ranks-151-200,top1000_55
361420,n,,sim,3,NA,NA,NA,0,0,0,2,0,n,sim,False,g,Sandbox astronaut exploration,steam-v005-top1000-55-chunk-00004-ranks-151-200,top1000_55
457140,n,,sim,3,NA,NA,NA,0,0,0,0,0,n,sim,False,g,Colony management system,steam-v005-top1000-55-chunk-00004-ranks-151-200,top1000_55
1677740,n,,nop,3,NA,NA,NA,0,0,0,1,0,n,multi,False,g,Party royale competitors,steam-v005-top1000-55-chunk-00004-ranks-151-200,top1000_55
362890,y,Gordon Freeman,sfx,3,HER,SAG,EVE,3,3,0,2,2,y,none,False,g,Silent scientist hero,steam-v005-top1000-55-chunk-00004-ranks-151-200,top1000_55
220200,n,,sim,3,NA,NA,NA,0,0,0,0,0,n,sim,False,g,Space-program management,steam-v005-top1000-55-chunk-00004-ranks-151-200,top1000_55
581320,n,,nop,3,NA,NA,NA,0,0,0,0,0,n,multi,False,g,Tactical multiplayer shooter,steam-v005-top1000-55-chunk-00004-ranks-151-200,top1000_55
1158310,n,,sys,3,NA,NA,NA,0,0,0,1,0,n,sys,False,g,Dynasty grand strategy,steam-v005-top1000-55-chunk-00004-ranks-151-200,top1000_55
232090,n,,nop,3,NA,NA,NA,0,0,0,0,0,n,multi,False,g,Co-op class shooters,steam-v005-top1000-55-chunk-00004-ranks-151-200,top1000_55
238320,y,Miles Upshur,fns,3,SAG,EVE,EXP,3,3,1,2,2,y,none,False,g,Investigative journalist survivor,steam-v005-top1000-55-chunk-00004-ranks-151-200,top1000_55
204360,y,Castle Crashers knights,fen,3,HER,JES,CAR,2,2,0,2,1,y,multi,False,g,Comedic heroic knights,steam-v005-top1000-55-chunk-00004-ranks-151-200,top1000_55
1151640,y,Aloy,fns,3,EXP,HER,SAG,3,3,0,1,3,y,none,False,g,Outcast seeker of origins,steam-v005-top1000-55-chunk-00004-ranks-151-200,top1000_55
1289310,y,Helltaker,frs,3,LOV,JES,REB,3,2,1,2,1,y,none,False,g,Comic demon-romance seeker,steam-v005-top1000-55-chunk-00004-ranks-151-200,top1000_55
222880,n,,nop,3,NA,NA,NA,0,0,0,0,0,n,multi,False,g,Multiplayer tactical combat,steam-v005-top1000-55-chunk-00004-ranks-151-200,top1000_55
594570,n,,sys,3,NA,NA,NA,0,0,0,1,0,n,sys,False,g,Faction grand strategy,steam-v005-top1000-55-chunk-00004-ranks-151-200,top1000_55
323190,n,,sys,3,NA,NA,NA,0,0,0,1,1,n,sys,False,g,City-leader survival system,steam-v005-top1000-55-chunk-00004-ranks-151-200,top1000_55
674940,n,,nop,3,NA,NA,NA,0,0,0,1,0,n,multi,False,g,Arena stick-figure fighters,steam-v005-top1000-55-chunk-00004-ranks-151-200,top1000_55
1151340,y,Vault 76 resident,cbd,2,EVE,EXP,HER,2,2,1,3,1,m,multi,False,g,Custom wasteland survivor,steam-v005-top1000-55-chunk-00004-ranks-151-200,top1000_55
225540,y,Rico Rodriguez,fns,3,REB,HER,JES,3,3,1,1,2,y,none,False,g,Explosive revolutionary agent,steam-v005-top1000-55-chunk-00004-ranks-151-200,top1000_55
412020,y,Artyom,sfx,3,EXP,HER,CAR,3,3,1,2,3,y,none,False,g,Silent seeker protecting family,steam-v005-top1000-55-chunk-00004-ranks-151-200,top1000_55
1506830,n,,spr,3,NA,NA,NA,0,0,0,1,0,n,spr,False,g,Sports team control,steam-v005-top1000-55-chunk-00004-ranks-151-200,top1000_55
504230,y,Madeline,fns,3,EXP,EVE,SHA,3,3,2,2,3,y,none,False,g,Self-discovery climber,steam-v005-top1000-55-chunk-00004-ranks-151-200,top1000_55
1142710,n,,sys,3,NA,NA,NA,0,0,0,1,0,n,sys,False,g,Faction grand strategy,steam-v005-top1000-55-chunk-00004-ranks-151-200,top1000_55
386360,n,,nop,3,NA,NA,NA,0,0,0,0,0,n,multi,False,g,MOBA roster selection,steam-v005-top1000-55-chunk-00004-ranks-151-200,top1000_55
1604030,y,Awakened vampire,cbd,3,SHA,RUL,MAG,3,3,3,3,1,y,multi,False,g,Custom vampire lord,steam-v005-top1000-55-chunk-00004-ranks-151-200,top1000_55
774171,n,,nop,2,NA,NA,NA,0,0,0,1,0,n,other,False,g,"Rhythm mascots, little narrative",steam-v005-top1000-55-chunk-00004-ranks-151-200,top1000_55
1196590,y,Ethan Winters,fns,3,CAR,EVE,HER,3,3,2,2,3,y,none,False,g,Father rescuing daughter,steam-v005-top1000-55-chunk-00004-ranks-151-200,top1000_55
1818750,n,,nop,3,NA,NA,NA,0,0,0,0,0,n,multi,False,g,Crossover fighter roster,steam-v005-top1000-55-chunk-00004-ranks-151-200,top1000_55
301520,n,,nop,3,NA,NA,NA,0,0,0,0,0,n,multi,False,g,Vehicle-building PvP,steam-v005-top1000-55-chunk-00004-ranks-151-200,top1000_55
1832640,u,,unc,1,UNC,UNC,UNC,0,1,0,1,1,m,unk,True,u,Unclear visual-novel protagonist,steam-v005-top1000-55-chunk-00004-ranks-151-200,top1000_55
335300,y,Bearer of the Curse,cbd,3,EVE,HER,EXP,2,3,2,3,2,y,none,False,g,Cursed undead wanderer,steam-v005-top1000-55-chunk-00004-ranks-151-200,top1000_55
223470,y,POSTAL 2,fns,3,SHA,REB,JES,3,3,3,1,2,y,none,False,g,"Postal Dude, violent satirical antihero.",steam-v005-top1000-55-chunk-00005-ranks-201-250,top1000_55
220240,y,Far Cry 3,fns,3,EVE,HER,SHA,3,3,2,1,3,y,none,False,g,Jason transforms from tourist to killer.,steam-v005-top1000-55-chunk-00005-ranks-201-250,top1000_55
582160,y,Assassin's Creed Origins,fdu,3,HER,CAR,REB,3,3,1,1,3,y,none,False,g,Bayek and Aya found the Hidden Ones.,steam-v005-top1000-55-chunk-00005-ranks-201-250,top1000_55
1643320,y,S.T.A.L.K.E.R. 2: Heart of Chornobyl,fns,3,EXP,EVE,SHA,2,3,2,2,3,y,none,False,g,Skif searches the Zone's dangerous truth.,steam-v005-top1000-55-chunk-00005-ranks-201-250,top1000_55
387990,u,Scrap Mechanic,pav,1,CRE,EXP,EVE,2,2,0,3,1,m,other,True,m,"Sandbox mechanic avatar, little narrative.",steam-v005-top1000-55-chunk-00005-ranks-201-250,top1000_55
1361210,y,"Warhammer 40,000: Darktide",cbd,2,EVE,HER,SHA,2,2,2,3,2,m,multi,False,g,Custom reject fights for survival and redemption.,steam-v005-top1000-55-chunk-00005-ranks-201-250,top1000_55
1446780,y,MONSTER HUNTER RISE,cbd,3,HER,CAR,EXP,3,3,0,3,2,y,multi,False,g,Custom hunter protects Kamura village.,steam-v005-top1000-55-chunk-00005-ranks-201-250,top1000_55
305620,y,The Long Dark,fdu,2,EVE,EXP,HER,2,3,1,2,3,y,none,False,g,Mackenzie and Astrid survive the quiet apocalypse.,steam-v005-top1000-55-chunk-00005-ranks-201-250,top1000_55
1817070,y,Marvel’s Spider-Man Remastered,fns,3,HER,CAR,LOV,3,3,0,1,3,y,none,False,g,Peter Parker balances heroism and relationships.,steam-v005-top1000-55-chunk-00005-ranks-201-250,top1000_55
629760,n,MORDHAU,nop,3,NA,NA,NA,0,0,0,2,0,n,multi,False,g,Multiplayer medieval combat without protagonist.,steam-v005-top1000-55-chunk-00005-ranks-201-250,top1000_55
513710,u,SCUM,pav,1,SHA,EVE,REB,1,1,2,3,1,m,multi,True,m,Custom convict avatar in survival sandbox.,steam-v005-top1000-55-chunk-00005-ranks-201-250,top1000_55
677620,n,Splitgate: Arena Warfare,nop,3,NA,NA,NA,0,0,0,2,0,n,multi,False,g,"Arena shooter, no narrative protagonist.",steam-v005-top1000-55-chunk-00005-ranks-201-250,top1000_55
632470,y,Disco Elysium - The Final Cut,fns,3,SAG,SHA,EVE,3,3,3,2,3,y,none,False,g,Harry investigates while rebuilding himself.,steam-v005-top1000-55-chunk-00005-ranks-201-250,top1000_55
2527500,y,MiSide,frs,2,EVE,EXP,INN,2,2,1,2,2,m,none,True,u,Ordinary player trapped in game world.,steam-v005-top1000-55-chunk-00005-ranks-201-250,top1000_55
1903340,y,Clair Obscur: Expedition 33,fen,2,HER,EXP,CAR,2,3,1,1,3,y,none,True,u,Expedition ensemble confronts doomed world.,steam-v005-top1000-55-chunk-00005-ranks-201-250,top1000_55
286690,y,Metro 2033 Redux,sfx,3,EVE,HER,EXP,3,3,1,2,3,y,none,False,g,Artyom journeys through the Metro.,steam-v005-top1000-55-chunk-00005-ranks-201-250,top1000_55
899770,y,Last Epoch,cbd,2,EXP,HER,MAG,2,2,1,3,2,m,none,False,g,Custom traveler crosses eras to avert ruin.,steam-v005-top1000-55-chunk-00005-ranks-201-250,top1000_55
424840,y,Little Nightmares,sfx,3,INN,EVE,SHA,3,3,2,1,2,y,none,False,g,"Six is a vulnerable, ominous child survivor.",steam-v005-top1000-55-chunk-00005-ranks-201-250,top1000_55
231430,n,Company of Heroes 2,sys,3,NA,NA,NA,0,0,0,1,1,n,sys,False,g,"RTS army command, not protagonist-led.",steam-v005-top1000-55-chunk-00005-ranks-201-250,top1000_55
219740,u,Don't Starve,fen,2,EVE,EXP,CRE,2,2,1,2,1,m,other,True,g,"Selectable survivors, Wilson only loosely central.",steam-v005-top1000-55-chunk-00005-ranks-201-250,top1000_55
2195250,n,EA SPORTS FC 24,spr,3,NA,NA,NA,0,0,0,2,0,n,spr,False,g,"Sports teams and athletes, no protagonist.",steam-v005-top1000-55-chunk-00005-ranks-201-250,top1000_55
1167630,y,Teardown,frs,2,REB,CRE,SHA,2,2,2,2,2,m,none,False,g,Demolition contractor slides into heists.,steam-v005-top1000-55-chunk-00005-ranks-201-250,top1000_55
440900,y,Conan Exiles Enhanced,cbd,2,EVE,EXP,SHA,2,2,2,3,1,m,multi,False,g,Custom exile survives brutal wilderness.,steam-v005-top1000-55-chunk-00005-ranks-201-250,top1000_55
356190,y,Middle-earth: Shadow of War,fdu,3,SHA,HER,RUL,3,3,3,1,3,y,none,False,g,Talion and Celebrimbor wield corrupting power.,steam-v005-top1000-55-chunk-00005-ranks-201-250,top1000_55
2054970,y,Dragon's Dogma 2,cbd,3,HER,EXP,RUL,3,3,1,3,3,y,none,False,g,Custom Arisen pursues destiny and sovereignty.,steam-v005-top1000-55-chunk-00005-ranks-201-250,top1000_55
219150,y,Hotline Miami,sfx,3,SHA,REB,JES,3,3,3,1,3,y,none,False,g,Jacket is a masked violent antihero.,steam-v005-top1000-55-chunk-00005-ranks-201-250,top1000_55
976310,y,Mortal Kombat 11,fen,2,HER,REB,RUL,2,2,2,1,2,m,multi,False,g,Story campaign rotates among iconic fighters.,steam-v005-top1000-55-chunk-00005-ranks-201-250,top1000_55
779340,n,Total War: THREE KINGDOMS,sys,3,NA,NA,NA,0,0,0,1,1,n,sys,False,g,Player controls warlord faction systems.,steam-v005-top1000-55-chunk-00005-ranks-201-250,top1000_55
1313140,y,Cult of the Lamb,nfx,3,RUL,SHA,REB,3,3,2,2,2,y,none,False,g,Possessed lamb builds and rules cult.,steam-v005-top1000-55-chunk-00005-ranks-201-250,top1000_55
1687950,y,Persona 5 Royal,sfx,3,REB,HER,JES,3,3,1,2,3,y,none,False,g,Joker leads rebellious Phantom Thieves.,steam-v005-top1000-55-chunk-00005-ranks-201-250,top1000_55
1259420,y,Days Gone,fns,3,SHA,LOV,HER,3,3,3,1,3,y,none,False,g,Deacon is a grieving biker survivor.,steam-v005-top1000-55-chunk-00005-ranks-201-250,top1000_55
1943950,u,Escape the Backrooms,pav,1,EVE,EXP,UNC,1,1,0,3,1,m,multi,True,m,Anonymous survivors navigate liminal horror.,steam-v005-top1000-55-chunk-00005-ranks-201-250,top1000_55
1771300,y,Kingdom Come: Deliverance II,fns,3,EVE,HER,EXP,3,3,1,1,3,y,none,False,g,Henry continues ordinary man’s heroic rise.,steam-v005-top1000-55-chunk-00005-ranks-201-250,top1000_55
282070,y,This War of Mine,fen,2,EVE,CAR,SHA,3,3,2,2,3,y,none,False,g,Civilian survivor ensemble under moral pressure.,steam-v005-top1000-55-chunk-00005-ranks-201-250,top1000_55
268500,n,XCOM 2,sys,3,NA,NA,NA,0,0,0,1,1,n,sys,False,g,Strategic commander and squad system.,steam-v005-top1000-55-chunk-00005-ranks-201-250,top1000_55
221380,n,Age of Empires II (Retired),sys,3,NA,NA,NA,0,0,0,1,0,n,sys,False,g,Civilization RTS without player protagonist.,steam-v005-top1000-55-chunk-00005-ranks-201-250,top1000_55
359320,u,Elite Dangerous,sim,1,EXP,UNC,UNC,1,1,0,3,1,m,sim,True,g,Open-ended space commander simulation.,steam-v005-top1000-55-chunk-00005-ranks-201-250,top1000_55
287700,y,METAL GEAR SOLID V: THE PHANTOM PAIN,fns,3,SHA,HER,RUL,3,3,3,2,3,y,none,False,g,Venom Snake embodies revenge and command.,steam-v005-top1000-55-chunk-00005-ranks-201-250,top1000_55
755790,n,Ring of Elysium,nop,3,NA,NA,NA,0,0,0,2,0,n,multi,False,g,"Battle royale competitors, no protagonist.",steam-v005-top1000-55-chunk-00005-ranks-201-250,top1000_55
219990,y,Grim Dawn,cbd,2,EVE,HER,MAG,2,2,2,3,2,m,none,False,g,Custom Taken survives occult apocalypse.,steam-v005-top1000-55-chunk-00005-ranks-201-250,top1000_55
1217060,u,Gunfire Reborn,fen,2,HER,EXP,MAG,1,1,0,2,1,m,multi,True,g,"Selectable animal heroes, minimal story.",steam-v005-top1000-55-chunk-00005-ranks-201-250,top1000_55
1721470,y,Poppy Playtime,frs,2,EVE,SAG,EXP,2,2,1,2,2,m,none,False,g,Former employee investigates abandoned toy factory.,steam-v005-top1000-55-chunk-00005-ranks-201-250,top1000_55
233860,n,Kenshi,nop,2,NA,NA,NA,0,0,0,3,1,n,nop,True,g,"Emergent squad sandbox, no canonical protagonist.",steam-v005-top1000-55-chunk-00005-ranks-201-250,top1000_55
418370,y,Resident Evil 7 Biohazard,fns,3,EVE,LOV,HER,3,3,1,2,3,y,none,False,g,Ethan searches for Mia and survives.,steam-v005-top1000-55-chunk-00005-ranks-201-250,top1000_55
1942280,y,Brotato,nfx,2,HER,JES,EVE,1,1,0,1,0,m,none,True,g,Comedic potato fights alien waves.,steam-v005-top1000-55-chunk-00005-ranks-201-250,top1000_55
546560,y,Half-Life: Alyx,fns,3,HER,EXP,CAR,3,3,0,2,3,y,none,False,g,Alyx rescues father and resists Combine.,steam-v005-top1000-55-chunk-00005-ranks-201-250,top1000_55
848450,y,Subnautica: Below Zero,fns,3,EXP,SAG,CAR,3,3,0,2,3,y,none,False,g,Robin investigates sister on alien ocean.,steam-v005-top1000-55-chunk-00005-ranks-201-250,top1000_55
460930,y,Tom Clancy's Ghost Recon Wildlands,cbd,2,HER,RUL,SAG,2,2,1,3,2,m,multi,False,g,Custom Nomad leads covert squad.,steam-v005-top1000-55-chunk-00005-ranks-201-250,top1000_55
2835570,y,Buckshot Roulette,frs,2,EVE,REB,SHA,1,1,1,2,1,m,none,True,g,Anonymous gambler faces deadly dealer.,steam-v005-top1000-55-chunk-00005-ranks-201-250,top1000_55
613100,n,House Flipper,sim,3,NA,NA,NA,0,0,0,3,0,n,sim,False,g,"Renovation simulator, no narrative protagonist.",steam-v005-top1000-55-chunk-00005-ranks-201-250,top1000_55
376210,n,The Isle,nop,3,NA,NA,NA,3,0,0,3,0,n,multi,False,g,Multiplayer dinosaur survival; no main character,steam-v005-top1000-55-chunk-00006-ranks-251-300,top1000_55
646910,n,The Crew 2,spr,3,NA,NA,NA,3,0,0,2,0,n,spr,False,g,"Racing role, not narrative protagonist",steam-v005-top1000-55-chunk-00006-ranks-251-300,top1000_55
365590,y,Tom Clancy’s The Division,cbd,2,HER,CAR,RUL,2,2,1,3,1,y,none,False,g,Custom SHD agent restores order,steam-v005-top1000-55-chunk-00006-ranks-251-300,top1000_55
466240,n,Deceit,nop,3,NA,NA,NA,3,0,1,3,0,n,multi,False,g,Social deduction roles only,steam-v005-top1000-55-chunk-00006-ranks-251-300,top1000_55
389730,n,TEKKEN 7,nop,2,NA,NA,NA,2,0,2,1,1,n,multi,True,g,Fighting roster lacks single usable protagonist,steam-v005-top1000-55-chunk-00006-ranks-251-300,top1000_55
304050,n,Trove,nop,3,NA,NA,NA,3,0,0,3,0,n,multi,False,g,"Sandbox MMO avatars, no central protagonist",steam-v005-top1000-55-chunk-00006-ranks-251-300,top1000_55
1665460,n,eFootball,spr,3,NA,NA,NA,3,0,0,1,0,n,spr,False,g,Sports teams and players only,steam-v005-top1000-55-chunk-00006-ranks-251-300,top1000_55
1030840,y,Mafia: Definitive Edition,fns,3,SHA,REB,EVE,3,3,3,1,3,y,none,False,g,Tommy Angelo enters criminal underworld,steam-v005-top1000-55-chunk-00006-ranks-251-300,top1000_55
516750,n,My Summer Car,sim,3,NA,NA,NA,3,0,0,3,0,n,sim,False,g,"Life-car simulation avatar, minimal narrative",steam-v005-top1000-55-chunk-00006-ranks-251-300,top1000_55
952060,y,Resident Evil 3,fns,3,HER,EVE,CAR,3,3,1,1,2,y,none,False,g,Jill Valentine survives and protects civilians,steam-v005-top1000-55-chunk-00006-ranks-251-300,top1000_55
1046930,n,Dota Underlords,sys,3,NA,NA,NA,3,0,0,1,0,n,sys,False,g,"Autobattler commander system, no protagonist",steam-v005-top1000-55-chunk-00006-ranks-251-300,top1000_55
241930,y,Middle-earth: Shadow of Mordor,fns,3,SHA,HER,MAG,3,3,3,1,3,y,none,False,g,Talion’s vengeful wraith-bound quest,steam-v005-top1000-55-chunk-00006-ranks-251-300,top1000_55
383870,y,Firewatch,fns,3,EVE,EXP,LOV,3,3,1,2,3,y,none,False,g,Henry flees life into wilderness mystery,steam-v005-top1000-55-chunk-00006-ranks-251-300,top1000_55
349040,y,NARUTO SHIPPUDEN: Ultimate Ninja STORM 4,fen,2,HER,REB,LOV,2,2,1,1,2,m,multi,True,g,"Licensed ninja ensemble, Naruto-centered arc",steam-v005-top1000-55-chunk-00006-ranks-251-300,top1000_55
629520,n,Soundpad,nop,3,NA,NA,NA,3,0,0,0,0,n,info,False,g,"Audio utility, not narrative game",steam-v005-top1000-55-chunk-00006-ranks-251-300,top1000_55
214950,n,Total War: ROME II - Emperor Edition,sys,3,NA,NA,NA,3,0,0,1,0,n,sys,False,g,Faction grand strategy role,steam-v005-top1000-55-chunk-00006-ranks-251-300,top1000_55
703080,n,Planet Zoo,sim,3,NA,NA,NA,3,0,0,2,0,n,sim,False,g,Zoo management simulation,steam-v005-top1000-55-chunk-00006-ranks-251-300,top1000_55
1407200,n,World of Tanks,spr,3,NA,NA,NA,3,0,0,1,0,n,spr,False,g,"Competitive vehicle combat, no protagonist",steam-v005-top1000-55-chunk-00006-ranks-251-300,top1000_55
20920,y,The Witcher 2: Assassins of Kings Enhanced Edition,fns,3,SHA,HER,EXP,3,3,3,1,3,y,none,False,g,Geralt navigates politics and identity,steam-v005-top1000-55-chunk-00006-ranks-251-300,top1000_55
823130,n,Totally Accurate Battlegrounds,nop,3,NA,NA,NA,3,0,0,3,0,n,multi,False,g,Comic battle royale avatars only,steam-v005-top1000-55-chunk-00006-ranks-251-300,top1000_55
582660,u,Black Desert,pav,1,EXP,UNC,UNC,1,1,1,3,1,m,multi,True,g,MMO adventurer with diffuse narrative,steam-v005-top1000-55-chunk-00006-ranks-251-300,top1000_55
311690,y,Enter the Gungeon,fen,2,REB,SHA,EXP,2,2,2,2,1,y,none,False,g,Gungeoneers seek to erase pasts,steam-v005-top1000-55-chunk-00006-ranks-251-300,top1000_55
1366540,y,Dyson Sphere Program,frs,2,CRE,EXP,SAG,2,1,0,2,1,m,none,False,g,Icarus engineers galactic megastructures,steam-v005-top1000-55-chunk-00006-ranks-251-300,top1000_55
962130,y,Grounded,fen,2,INN,EVE,EXP,2,2,0,2,2,y,none,False,g,Shrunken teens survive backyard mystery,steam-v005-top1000-55-chunk-00006-ranks-251-300,top1000_55
1248130,n,Farming Simulator 22,sim,3,NA,NA,NA,3,0,0,3,0,n,sim,False,g,Agricultural simulation role,steam-v005-top1000-55-chunk-00006-ranks-251-300,top1000_55
753640,y,Outer Wilds,nfx,3,EXP,SAG,INN,3,3,0,2,3,y,none,False,g,Hearthian astronaut investigates time loop,steam-v005-top1000-55-chunk-00006-ranks-251-300,top1000_55
683320,y,GRIS,fns,3,EXP,INN,MAG,3,3,1,1,2,y,none,False,g,Gris journeys through grief and color,steam-v005-top1000-55-chunk-00006-ranks-251-300,top1000_55
635260,n,CarX Drift Racing Online,spr,3,NA,NA,NA,3,0,0,2,0,n,spr,False,g,Drift racing vehicle role,steam-v005-top1000-55-chunk-00006-ranks-251-300,top1000_55
235460,y,METAL GEAR RISING: REVENGEANCE,fns,3,HER,SHA,REB,3,3,3,1,3,y,none,False,g,Raiden’s violent cyborg justice quest,steam-v005-top1000-55-chunk-00006-ranks-251-300,top1000_55
761890,n,Albion Online,nop,3,NA,NA,NA,3,0,0,3,0,n,multi,False,g,Sandbox MMO without narrative lead,steam-v005-top1000-55-chunk-00006-ranks-251-300,top1000_55
644560,u,Mirror,pav,1,LOV,UNC,UNC,1,1,0,2,1,m,unk,True,m,Adult puzzle VN protagonist is weakly defined,steam-v005-top1000-55-chunk-00006-ranks-251-300,top1000_55
20900,y,The Witcher: Enhanced Edition Director's Cut,fns,3,SHA,EXP,HER,3,3,3,1,3,y,none,False,g,Amnesiac Geralt seeks identity and justice,steam-v005-top1000-55-chunk-00006-ranks-251-300,top1000_55
234140,y,Mad Max,fns,3,SHA,EXP,HER,3,3,3,1,2,y,none,False,g,Max survives wasteland vengeance and loss,steam-v005-top1000-55-chunk-00006-ranks-251-300,top1000_55
12120,y,Grand Theft Auto: San Andreas,fns,3,REB,SHA,LOV,3,3,3,2,3,y,none,False,g,CJ returns for family and gang power,steam-v005-top1000-55-chunk-00006-ranks-251-300,top1000_55
1274570,n,DEVOUR,nop,2,NA,NA,NA,3,0,1,3,0,n,multi,False,g,Co-op horror roles lack central protagonist,steam-v005-top1000-55-chunk-00006-ranks-251-300,top1000_55
1222700,y,A Way Out,fdu,3,REB,LOV,SHA,3,3,3,1,3,y,none,False,g,Leo and Vincent escape prison together,steam-v005-top1000-55-chunk-00006-ranks-251-300,top1000_55
254700,y,Resident Evil 4 (2005),fns,3,HER,CAR,SAG,3,3,1,1,2,y,none,False,g,Leon rescues Ashley from cult,steam-v005-top1000-55-chunk-00006-ranks-251-300,top1000_55
447040,y,Watch_Dogs 2,fns,3,REB,JES,SAG,3,3,1,2,2,y,none,False,g,Marcus hacks against surveillance systems,steam-v005-top1000-55-chunk-00006-ranks-251-300,top1000_55
205100,y,Dishonored,fns,3,SHA,HER,CAR,3,3,3,2,3,y,none,False,g,Corvo avenges empress and protects Emily,steam-v005-top1000-55-chunk-00006-ranks-251-300,top1000_55
291480,n,Warface: Clutch,nop,3,NA,NA,NA,3,0,0,2,0,n,multi,False,g,Online shooter classes only,steam-v005-top1000-55-chunk-00006-ranks-251-300,top1000_55
550650,n,Black Squad,nop,3,NA,NA,NA,3,0,0,2,0,n,multi,False,g,Competitive shooter lacks protagonist,steam-v005-top1000-55-chunk-00006-ranks-251-300,top1000_55
2001120,y,Split Fiction,fdu,3,CRE,EXP,HER,2,3,1,1,3,y,none,False,g,Mio and Zoe traverse authored worlds,steam-v005-top1000-55-chunk-00006-ranks-251-300,top1000_55
1466860,n,Age of Empires IV: Anniversary Edition,sys,3,NA,NA,NA,3,0,0,1,0,n,sys,False,g,"Civilization strategy, systemic control",steam-v005-top1000-55-chunk-00006-ranks-251-300,top1000_55
815370,y,Green Hell,fns,3,EXP,LOV,EVE,3,3,2,2,3,y,none,False,g,Jake searches jungle and memory,steam-v005-top1000-55-chunk-00006-ranks-251-300,top1000_55
206440,y,To the Moon,fdu,3,CAR,SAG,MAG,3,3,0,1,3,y,none,False,g,Doctors alter memories to grant wish,steam-v005-top1000-55-chunk-00006-ranks-251-300,top1000_55
1150690,y,OMORI,fns,3,SHA,EVE,INN,3,3,3,1,3,y,none,False,g,Sunny confronts trauma through Omori,steam-v005-top1000-55-chunk-00006-ranks-251-300,top1000_55
39210,y,FINAL FANTASY XIV Online,cbd,3,HER,EXP,CAR,3,3,1,3,3,y,none,False,g,Custom Warrior of Light anchors saga,steam-v005-top1000-55-chunk-00006-ranks-251-300,top1000_55
1454400,n,Cookie Clicker,sys,3,NA,NA,NA,3,0,0,1,0,n,sys,False,g,"Incremental production system, no character",steam-v005-top1000-55-chunk-00006-ranks-251-300,top1000_55
1888930,y,The Last of Us Part I,fdu,3,CAR,SHA,LOV,3,3,3,1,3,y,none,False,g,Joel and Ellie bond through survival,steam-v005-top1000-55-chunk-00006-ranks-251-300,top1000_55
750920,y,Shadow of the Tomb Raider: Definitive Edition,fns,3,EXP,HER,SHA,3,3,2,1,3,y,none,False,g,Lara seeks artifacts and consequences,steam-v005-top1000-55-chunk-00006-ranks-251-300,top1000_55
881100,y,Noita,sfx,2,MAG,EXP,EVE,2,2,1,3,1,m,none,True,g,Silent witch in magical roguelite descent,steam-v005-top1000-55-chunk-00007-ranks-301-350,top1000_55
1113000,y,Persona 4 Golden,cbd,3,SAG,EXP,HER,3,3,1,2,3,y,none,False,g,Silent transfer student investigates murders,steam-v005-top1000-55-chunk-00007-ranks-301-350,top1000_55
211420,y,DARK SOULS: Prepare To Die Edition,cbd,3,HER,EVE,SHA,3,3,2,3,3,y,none,False,g,Chosen Undead endures cursed trials,steam-v005-top1000-55-chunk-00007-ranks-301-350,top1000_55
1203620,y,Enshrouded,cbd,2,HER,EXP,EVE,2,2,1,3,1,m,none,True,g,Custom Flameborn restores ruined realm,steam-v005-top1000-55-chunk-00007-ranks-301-350,top1000_55
438740,n,Friday the 13th: The Game,nop,3,NA,NA,NA,0,0,0,0,0,n,multi,False,g,Asymmetric multiplayer counselors and killer,steam-v005-top1000-55-chunk-00007-ranks-301-350,top1000_55
295110,n,Just Survive,nop,3,NA,NA,NA,0,0,0,0,0,n,multi,False,g,Sandbox MMO survival avatars only,steam-v005-top1000-55-chunk-00007-ranks-301-350,top1000_55
206420,y,Saints Row IV: Re-Elected,cbd,3,REB,RUL,JES,3,3,2,2,2,y,none,False,g,Custom Boss becomes superpowered president,steam-v005-top1000-55-chunk-00007-ranks-301-350,top1000_55
1888160,y,ARMORED CORE VI FIRES OF RUBICON,frs,3,SHA,REB,HER,3,3,3,2,3,y,none,False,g,Augmented mercenary Raven chooses Rubicon's fate,steam-v005-top1000-55-chunk-00007-ranks-301-350,top1000_55
240720,y,Getting Over It with Bennett Foddy,fns,2,EXP,EVE,JES,1,1,0,2,1,m,none,True,g,Diogenes climbs absurd philosophical obstacle,steam-v005-top1000-55-chunk-00007-ranks-301-350,top1000_55
397900,n,Business Tour - Board Game with Online Multiplayer,nop,3,NA,NA,NA,0,0,0,0,0,n,nop,False,m,Digital board game has no protagonist,steam-v005-top1000-55-chunk-00007-ranks-301-350,top1000_55
2399830,y,ARK: Survival Ascended,pav,2,EVE,EXP,HER,2,1,1,3,1,m,multi,True,g,Custom survivor in dinosaur sandbox,steam-v005-top1000-55-chunk-00007-ranks-301-350,top1000_55
331470,y,Everlasting Summer,fns,3,EVE,LOV,EXP,3,3,1,2,2,y,none,False,g,Semyon transported to mysterious summer camp,steam-v005-top1000-55-chunk-00007-ranks-301-350,top1000_55
602960,n,Barotrauma,sim,3,NA,NA,NA,0,0,0,0,0,n,multi,False,g,Cooperative submarine crew simulation,steam-v005-top1000-55-chunk-00007-ranks-301-350,top1000_55
212680,n,FTL: Faster Than Light,sys,3,NA,NA,NA,0,0,0,0,0,n,sys,False,g,Player commands ship and crew system,steam-v005-top1000-55-chunk-00007-ranks-301-350,top1000_55
863550,y,HITMAN 2,fns,3,SHA,SAG,HER,3,3,3,1,2,y,none,False,g,Agent 47 performs calculated assassinations,steam-v005-top1000-55-chunk-00007-ranks-301-350,top1000_55
2669320,n,EA SPORTS FC 25,spr,3,NA,NA,NA,0,0,0,0,0,n,spr,False,g,Sports teams and career roles,steam-v005-top1000-55-chunk-00007-ranks-301-350,top1000_55
787860,n,Farming Simulator 19,sim,3,NA,NA,NA,0,0,0,0,0,n,sim,False,g,Agricultural simulation without narrative protagonist,steam-v005-top1000-55-chunk-00007-ranks-301-350,top1000_55
620980,n,Beat Saber,nop,3,NA,NA,NA,0,0,0,0,0,n,nop,False,g,Abstract rhythm gameplay only,steam-v005-top1000-55-chunk-00007-ranks-301-350,top1000_55
588430,n,Fallout Shelter,sim,3,NA,NA,NA,0,0,0,0,0,n,sim,False,g,Vault management overseer role,steam-v005-top1000-55-chunk-00007-ranks-301-350,top1000_55
223710,y,Cry of Fear,fns,3,SHA,EVE,EXP,3,3,3,1,3,y,none,False,g,Simon confronts trauma and hallucinated horrors,steam-v005-top1000-55-chunk-00007-ranks-301-350,top1000_55
289650,y,Assassin's Creed Unity,fns,3,REB,LOV,HER,3,3,2,1,2,y,none,False,g,Arno joins Assassins amid revolution and love,steam-v005-top1000-55-chunk-00007-ranks-301-350,top1000_55
224260,n,No More Room in Hell,nop,3,NA,NA,NA,0,0,0,0,0,n,multi,False,g,Cooperative zombie survival scenarios,steam-v005-top1000-55-chunk-00007-ranks-301-350,top1000_55
239030,y,"Papers, Please",frs,3,EVE,RUL,CAR,3,3,2,2,3,y,none,False,g,Border inspector balances law and family,steam-v005-top1000-55-chunk-00007-ranks-301-350,top1000_55
203770,n,Crusader Kings II,sys,3,NA,NA,NA,0,0,0,0,0,n,sys,False,g,Dynasty strategy through rulers and realms,steam-v005-top1000-55-chunk-00007-ranks-301-350,top1000_55
218230,n,PlanetSide 2,nop,3,NA,NA,NA,0,0,0,0,0,n,multi,False,g,MMO faction warfare lacks protagonist,steam-v005-top1000-55-chunk-00007-ranks-301-350,top1000_55
35140,y,Batman: Arkham Asylum Game of the Year Edition,fns,3,HER,SAG,SHA,3,3,2,1,2,y,none,False,g,Batman protects Gotham through investigation and combat,steam-v005-top1000-55-chunk-00007-ranks-301-350,top1000_55
207610,y,The Walking Dead,fns,3,CAR,EVE,SHA,3,3,2,1,3,y,none,False,g,Lee protects Clementine after criminal past,steam-v005-top1000-55-chunk-00007-ranks-301-350,top1000_55
636480,n,Ravenfield,nop,3,NA,NA,NA,0,0,0,0,0,n,nop,False,g,Sandbox bot battle with generic soldier,steam-v005-top1000-55-chunk-00007-ranks-301-350,top1000_55
949230,n,Cities: Skylines II,sys,3,NA,NA,NA,0,0,0,0,0,n,sys,False,g,City builder system role,steam-v005-top1000-55-chunk-00007-ranks-301-350,top1000_55
766570,n,Russian Fishing 4,sim,3,NA,NA,NA,0,0,0,0,0,n,sim,False,g,Fishing simulator without narrative protagonist,steam-v005-top1000-55-chunk-00007-ranks-301-350,top1000_55
638970,y,Yakuza 0,fdu,3,SHA,REB,LOV,3,3,3,1,3,y,none,False,g,Kiryu and Majima navigate criminal underworld,steam-v005-top1000-55-chunk-00007-ranks-301-350,top1000_55
414340,y,Hellblade: Senua's Sacrifice,fns,3,HER,SHA,LOV,3,3,3,1,3,y,none,False,g,Senua journeys through psychosis for lover,steam-v005-top1000-55-chunk-00007-ranks-301-350,top1000_55
977950,n,A Dance of Fire and Ice,nop,3,NA,NA,NA,0,0,0,0,0,n,nop,False,g,Abstract rhythm orbs lack character arc,steam-v005-top1000-55-chunk-00007-ranks-301-350,top1000_55
678950,n,DRAGON BALL FighterZ,fen,2,NA,NA,NA,0,0,0,0,0,n,multi,True,g,Roster fighter with ensemble story,steam-v005-top1000-55-chunk-00007-ranks-301-350,top1000_55
365670,n,Blender,nop,3,NA,NA,NA,0,0,0,0,0,n,info,False,g,"Creative software, not narrative game",steam-v005-top1000-55-chunk-00007-ranks-301-350,top1000_55
728880,n,Overcooked! 2,fen,3,NA,NA,NA,0,0,0,0,0,n,multi,False,g,Cooperative chefs lack individual protagonist,steam-v005-top1000-55-chunk-00007-ranks-301-350,top1000_55
233450,n,Prison Architect,sim,3,NA,NA,NA,0,0,0,0,0,n,sim,False,g,Prison management simulation role,steam-v005-top1000-55-chunk-00007-ranks-301-350,top1000_55
1363080,n,Manor Lords,sys,3,NA,NA,NA,0,0,0,0,0,n,sys,False,g,Settlement and army command system,steam-v005-top1000-55-chunk-00007-ranks-301-350,top1000_55
238460,y,BattleBlock Theater,pav,2,EVE,JES,EXP,2,1,0,3,1,m,multi,True,g,Nameless prisoners escape absurd theater,steam-v005-top1000-55-chunk-00007-ranks-301-350,top1000_55
471710,n,Rec Room,nop,3,NA,NA,NA,0,0,0,0,0,n,multi,False,g,Social VR platform with avatars,steam-v005-top1000-55-chunk-00007-ranks-301-350,top1000_55
1237950,y,STAR WARS Battlefront II,fns,2,REB,HER,SAG,2,2,1,1,2,m,multi,True,g,Campaign follows defecting Iden Versio,steam-v005-top1000-55-chunk-00007-ranks-301-350,top1000_55
1533390,n,Gorilla Tag,nop,3,NA,NA,NA,0,0,0,0,0,n,multi,False,g,VR tag with gorilla avatars only,steam-v005-top1000-55-chunk-00007-ranks-301-350,top1000_55
1238860,y,Battlefield 4,frs,2,HER,EVE,RUL,2,2,1,2,1,m,multi,True,g,Campaign centers on soldier Recker,steam-v005-top1000-55-chunk-00007-ranks-301-350,top1000_55
242050,y,Assassin’s Creed IV Black Flag,fns,3,REB,EXP,SHA,3,3,3,1,3,y,none,False,g,Edward Kenway seeks freedom and redemption,steam-v005-top1000-55-chunk-00007-ranks-301-350,top1000_55
460950,y,Katana ZERO,fns,3,SHA,SAG,REB,3,3,3,1,3,y,none,False,g,Amnesiac assassin uncovers manipulated past,steam-v005-top1000-55-chunk-00007-ranks-301-350,top1000_55
286160,n,Tabletop Simulator,nop,3,NA,NA,NA,0,0,0,0,0,n,nop,False,g,"Virtual tabletop sandbox, no protagonist",steam-v005-top1000-55-chunk-00007-ranks-301-350,top1000_55
250820,n,SteamVR,nop,3,NA,NA,NA,0,0,0,0,0,n,info,False,g,VR runtime software,steam-v005-top1000-55-chunk-00007-ranks-301-350,top1000_55
493340,n,Planet Coaster,sim,3,NA,NA,NA,0,0,0,0,0,n,sim,False,g,Theme park management simulation,steam-v005-top1000-55-chunk-00007-ranks-301-350,top1000_55
287390,y,Metro: Last Light Redux,fns,3,HER,EXP,SAG,3,3,2,1,3,y,none,False,g,Artyom seeks truth in postwar Metro,steam-v005-top1000-55-chunk-00007-ranks-301-350,top1000_55
307690,y,Sleeping Dogs: Definitive Edition,fns,3,SHA,SAG,HER,3,3,3,1,3,y,none,False,g,Undercover Wei Shen risks moral collapse,steam-v005-top1000-55-chunk-00007-ranks-301-350,top1000_55
200260,y,Batman,fns,3,HER,SHA,SAG,3,3,1,0,2,y,none,False,g,Fixed Batman vigilante hero.,steam-v005-top1000-55-chunk-00008-ranks-351-400,top1000_55
55230,y,The Boss,cbd,3,REB,RUL,SHA,3,3,2,2,2,y,none,False,g,Custom criminal gang leader.,steam-v005-top1000-55-chunk-00008-ranks-351-400,top1000_55
265930,y,Goat,nfx,3,JES,REB,EXP,2,2,0,1,0,m,other,False,g,Comic sandbox goat avatar.,steam-v005-top1000-55-chunk-00008-ranks-351-400,top1000_55
924970,y,Cleaners,fen,2,HER,CAR,EVE,2,2,0,2,1,m,multi,False,g,Co-op survivor ensemble.,steam-v005-top1000-55-chunk-00008-ranks-351-400,top1000_55
2670630,n,,sim,3,NA,NA,NA,0,0,0,2,0,n,sim,False,m,Store management simulator.,steam-v005-top1000-55-chunk-00008-ranks-351-400,top1000_55
213670,y,New Kid,cbd,3,EVE,HER,JES,3,3,0,2,2,y,none,False,g,Custom outsider child hero.,steam-v005-top1000-55-chunk-00008-ranks-351-400,top1000_55
304430,y,The Boy,sfx,3,INN,EVE,EXP,3,3,0,1,2,y,none,False,g,Silent boy in dystopia.,steam-v005-top1000-55-chunk-00008-ranks-351-400,top1000_55
1286830,y,Player character,cbd,2,EXP,HER,REB,2,2,1,3,3,m,multi,True,g,MMO class stories vary.,steam-v005-top1000-55-chunk-00008-ranks-351-400,top1000_55
424370,y,Player character,cbd,2,HER,MAG,SHA,2,2,1,3,2,m,none,False,g,Custom ex-Purifier action hero.,steam-v005-top1000-55-chunk-00008-ranks-351-400,top1000_55
1250,n,,nop,3,NA,NA,NA,0,0,0,2,0,n,nop,False,g,Wave shooter without main protagonist.,steam-v005-top1000-55-chunk-00008-ranks-351-400,top1000_55
2709570,n,,sim,3,NA,NA,NA,0,0,0,2,0,n,sim,False,m,Co-op supermarket management.,steam-v005-top1000-55-chunk-00008-ranks-351-400,top1000_55
431240,n,,spr,3,NA,NA,NA,0,0,0,1,0,n,spr,False,g,Mini-golf party game.,steam-v005-top1000-55-chunk-00008-ranks-351-400,top1000_55
1774580,y,Cal Kestis,fns,3,HER,EXP,CAR,3,3,0,0,3,y,none,False,g,Named Jedi survivor hero.,steam-v005-top1000-55-chunk-00008-ranks-351-400,top1000_55
387290,y,Ori,nfx,3,INN,HER,EXP,3,3,0,0,2,y,none,False,g,Spirit guardian on journey.,steam-v005-top1000-55-chunk-00008-ranks-351-400,top1000_55
1304930,y,Reagent,pav,2,EVE,SHA,REB,2,1,2,3,1,m,multi,True,g,Custom test-subject survivor.,steam-v005-top1000-55-chunk-00008-ranks-351-400,top1000_55
1404210,y,Online character,pav,2,REB,EXP,SHA,2,1,2,3,1,m,multi,True,g,Custom frontier outlaw avatar.,steam-v005-top1000-55-chunk-00008-ranks-351-400,top1000_55
2231450,y,Peppino Spaghetti,fns,3,EVE,HER,JES,3,3,0,0,1,y,none,False,g,Anxious chef action hero.,steam-v005-top1000-55-chunk-00008-ranks-351-400,top1000_55
274170,y,Multiple protagonists,fen,3,SHA,REB,SAG,3,3,3,1,3,y,multi,False,g,Violent ensemble antiheroes.,steam-v005-top1000-55-chunk-00008-ranks-351-400,top1000_55
17390,n,,sys,3,NA,NA,NA,0,0,0,3,0,n,sys,False,g,Species evolution system.,steam-v005-top1000-55-chunk-00008-ranks-351-400,top1000_55
3146520,n,,nop,3,NA,NA,NA,0,0,0,2,0,n,nop,False,m,Social fishing without narrative lead.,steam-v005-top1000-55-chunk-00008-ranks-351-400,top1000_55
380600,n,,sim,3,NA,NA,NA,0,0,0,2,0,n,sim,False,g,Fishing simulation role.,steam-v005-top1000-55-chunk-00008-ranks-351-400,top1000_55
2622380,y,Nightfarers,fen,2,HER,SHA,EXP,2,2,2,2,2,m,multi,True,g,Selectable co-op Nightfarer heroes.,steam-v005-top1000-55-chunk-00008-ranks-351-400,top1000_55
1250410,n,,sim,3,NA,NA,NA,0,0,0,2,0,n,sim,False,g,Aircraft flight simulator.,steam-v005-top1000-55-chunk-00008-ranks-351-400,top1000_55
219640,n,,nop,3,NA,NA,NA,0,0,0,2,0,n,multi,False,g,Multiplayer medieval combat roles.,steam-v005-top1000-55-chunk-00008-ranks-351-400,top1000_55
1790600,n,,nop,2,NA,NA,NA,0,0,0,1,1,n,multi,True,g,"Fighting roster, no single lead.",steam-v005-top1000-55-chunk-00008-ranks-351-400,top1000_55
2215430,y,Jin Sakai,fns,3,HER,REB,SHA,3,3,2,0,3,y,none,False,g,Samurai becomes outlaw ghost.,steam-v005-top1000-55-chunk-00008-ranks-351-400,top1000_55
1049590,n,,nop,3,NA,NA,NA,0,0,0,1,0,n,multi,False,g,MOBA roster battle royale.,steam-v005-top1000-55-chunk-00008-ranks-351-400,top1000_55
489520,n,,sys,3,NA,NA,NA,0,0,0,1,0,n,sys,False,g,Card battler commander system.,steam-v005-top1000-55-chunk-00008-ranks-351-400,top1000_55
747660,y,Gregory,fns,3,INN,EVE,EXP,3,3,0,0,2,y,none,False,g,Child trapped in mall.,steam-v005-top1000-55-chunk-00008-ranks-351-400,top1000_55
466560,n,,sys,3,NA,NA,NA,0,0,0,1,0,n,sys,False,g,Clan strategy governance.,steam-v005-top1000-55-chunk-00008-ranks-351-400,top1000_55
201270,n,,sys,3,NA,NA,NA,0,0,0,1,0,n,sys,False,g,Faction grand strategy.,steam-v005-top1000-55-chunk-00008-ranks-351-400,top1000_55
386180,n,,nop,3,NA,NA,NA,0,0,0,2,0,n,multi,False,g,Vehicle combat without protagonist.,steam-v005-top1000-55-chunk-00008-ranks-351-400,top1000_55
1145350,y,Melinoe,fns,3,HER,MAG,REB,3,3,1,0,3,y,none,False,g,Witch princess challenging Chronos.,steam-v005-top1000-55-chunk-00008-ranks-351-400,top1000_55
1260320,n,,nop,3,NA,NA,NA,0,0,0,1,0,n,multi,False,g,Animal brawler roster.,steam-v005-top1000-55-chunk-00008-ranks-351-400,top1000_55
1139900,y,Jack,fns,3,HER,SHA,REB,3,3,2,0,2,y,none,False,g,Cyber-ninja vengeance hero.,steam-v005-top1000-55-chunk-00008-ranks-351-400,top1000_55
752590,y,Amicia de Rune,fns,3,CAR,HER,INN,3,3,0,0,3,y,none,False,g,Sister protects vulnerable brother.,steam-v005-top1000-55-chunk-00008-ranks-351-400,top1000_55
403640,y,Emily or Corvo,fdu,3,REB,RUL,SHA,3,3,2,1,3,y,multi,False,g,Royal assassins reclaim power.,steam-v005-top1000-55-chunk-00008-ranks-351-400,top1000_55
495420,n,,sim,3,NA,NA,NA,0,0,0,2,0,n,sim,False,g,Procedural survivor community management.,steam-v005-top1000-55-chunk-00008-ranks-351-400,top1000_55
388520,y,Player,cbd,2,HER,SHA,SAG,2,1,2,2,2,m,multi,True,g,Campaign cyber-soldier varies by mode.,steam-v005-top1000-55-chunk-00008-ranks-351-400,top1000_55
493520,u,Prisoner,pav,1,UNC,UNC,UNC,1,1,1,3,1,m,multi,True,g,"Co-op prisoners, weak characterization.",steam-v005-top1000-55-chunk-00008-ranks-351-400,top1000_55
500,y,Survivors,fen,3,EVE,HER,CAR,3,2,0,1,1,m,multi,False,g,Fixed zombie survivor ensemble.,steam-v005-top1000-55-chunk-00008-ranks-351-400,top1000_55
363970,n,,sys,3,NA,NA,NA,0,0,0,1,0,n,sys,False,g,Idle progression system.,steam-v005-top1000-55-chunk-00008-ranks-351-400,top1000_55
298110,y,Ajay Ghale,fns,3,EVE,HER,REB,3,3,1,1,3,y,none,False,g,Outsider joins Kyrat rebellion.,steam-v005-top1000-55-chunk-00008-ranks-351-400,top1000_55
1778820,y,Jin Kazama,fns,2,HER,SHA,REB,2,2,3,0,2,m,multi,True,g,Story centers conflicted fighter.,steam-v005-top1000-55-chunk-00008-ranks-351-400,top1000_55
214490,y,Amanda Ripley,fns,3,EXP,EVE,HER,3,3,0,0,2,y,none,False,g,"Engineer seeks truth, survives alien.",steam-v005-top1000-55-chunk-00008-ranks-351-400,top1000_55
1089350,n,,spr,3,NA,NA,NA,0,0,0,2,0,n,spr,False,g,Basketball sports franchise.,steam-v005-top1000-55-chunk-00008-ranks-351-400,top1000_55
838350,y,Taiwu successor,cbd,2,HER,EXP,SAG,2,2,1,3,2,m,none,True,g,Custom wuxia lineage protagonist.,steam-v005-top1000-55-chunk-00008-ranks-351-400,top1000_55
680420,y,Outrider,cbd,3,HER,EVE,MAG,3,2,1,3,2,y,none,False,g,Custom Altered combat survivor.,steam-v005-top1000-55-chunk-00008-ranks-351-400,top1000_55
113200,y,Isaac,fns,3,INN,EVE,SHA,3,3,2,0,2,y,none,False,g,Abused child in nightmare.,steam-v005-top1000-55-chunk-00008-ranks-351-400,top1000_55
1282100,y,Traveler,cbd,3,HER,EXP,EVE,3,2,0,3,2,y,none,False,g,Custom world-hopping survivor hero.,steam-v005-top1000-55-chunk-00008-ranks-351-400,top1000_55
285900,n,,nop,3,NA,NA,NA,3,0,0,0,0,n,multi,False,g,"Multiplayer brawler avatars, no protagonist",steam-v005-top1000-55-chunk-00009-ranks-401-450,top1000_55
1384160,y,Guilty Gear cast,fen,2,HER,REB,SHA,2,2,2,1,3,m,multi,True,g,Fighting roster with story ensemble,steam-v005-top1000-55-chunk-00009-ranks-401-450,top1000_55
504370,n,,nop,3,NA,NA,NA,3,0,0,0,0,n,multi,False,g,"Arena roster, no main protagonist",steam-v005-top1000-55-chunk-00009-ranks-401-450,top1000_55
2479810,y,PMC operator,pav,2,HER,EXP,SHA,1,1,1,3,1,m,multi,True,g,Extraction shooter mercenary avatar,steam-v005-top1000-55-chunk-00009-ranks-401-450,top1000_55
346900,n,,sim,3,NA,NA,NA,3,0,0,0,0,n,sim,False,g,Idle business management role,steam-v005-top1000-55-chunk-00009-ranks-401-450,top1000_55
312660,y,Karl Fairburne,fns,3,HER,SAG,SHA,3,3,1,1,2,y,none,False,g,Named Allied sniper protagonist,steam-v005-top1000-55-chunk-00009-ranks-401-450,top1000_55
274190,y,Broforce team,fen,2,HER,JES,REB,2,1,1,1,1,m,multi,False,g,Parody action-hero ensemble,steam-v005-top1000-55-chunk-00009-ranks-401-450,top1000_55
1272080,y,PAYDAY gang,fen,3,REB,SHA,JES,3,2,3,2,2,y,multi,False,g,Criminal heist crew ensemble,steam-v005-top1000-55-chunk-00009-ranks-401-450,top1000_55
871720,u,possibly William Afton,unc,1,UNC,UNC,UNC,1,1,3,2,2,m,unk,True,g,Identity and framing are debated,steam-v005-top1000-55-chunk-00009-ranks-401-450,top1000_55
409710,y,Jack,fns,3,EVE,EXP,SAG,3,3,1,2,3,y,none,False,g,Ordinary outsider uncovering Rapture,steam-v005-top1000-55-chunk-00009-ranks-401-450,top1000_55
10180,y,Task Force 141 and Rangers,fen,3,HER,RUL,SHA,2,2,1,2,2,m,multi,False,g,Military campaign with rotating soldiers,steam-v005-top1000-55-chunk-00009-ranks-401-450,top1000_55
418460,n,,nop,3,NA,NA,NA,3,0,0,0,0,n,multi,False,g,Multiplayer war shooter only,steam-v005-top1000-55-chunk-00009-ranks-401-450,top1000_55
629730,n,,nop,3,NA,NA,NA,3,0,0,0,0,n,nop,False,g,"Sandbox combat avatar, no narrative",steam-v005-top1000-55-chunk-00009-ranks-401-450,top1000_55
261570,y,Ori,nfx,3,INN,HER,EXP,3,3,0,1,2,y,none,False,g,Innocent spirit on heroic journey,steam-v005-top1000-55-chunk-00009-ranks-401-450,top1000_55
678960,y,Revenant protagonist,cbd,3,EVE,HER,SHA,3,3,2,3,3,y,none,False,g,Custom amnesiac revenant hero,steam-v005-top1000-55-chunk-00009-ranks-401-450,top1000_55
48000,y,The boy,sfx,3,INN,EXP,EVE,3,3,1,2,2,y,none,False,g,Silent child seeking sister,steam-v005-top1000-55-chunk-00009-ranks-401-450,top1000_55
209000,y,Batman,fns,3,HER,SHA,SAG,3,3,2,1,3,y,none,False,g,Young vigilante protector detective,steam-v005-top1000-55-chunk-00009-ranks-401-450,top1000_55
333930,n,,nop,3,NA,NA,NA,3,0,0,0,0,n,multi,False,g,Objective shooter merc roster,steam-v005-top1000-55-chunk-00009-ranks-401-450,top1000_55
760160,n,,nop,3,NA,NA,NA,3,0,0,0,0,n,multi,False,g,Battle royale vampire avatars,steam-v005-top1000-55-chunk-00009-ranks-401-450,top1000_55
204100,y,Max Payne,fns,3,SHA,HER,EVE,3,3,3,1,3,y,none,False,g,Traumatized noir antihero bodyguard,steam-v005-top1000-55-chunk-00009-ranks-401-450,top1000_55
813820,n,,nop,3,NA,NA,NA,3,0,0,0,0,n,multi,False,g,Battle royale class avatars,steam-v005-top1000-55-chunk-00009-ranks-401-450,top1000_55
1364780,y,World Tour avatar,cbd,2,EXP,HER,INN,2,2,0,3,2,m,multi,True,g,Custom student seeks strength,steam-v005-top1000-55-chunk-00009-ranks-401-450,top1000_55
360430,y,Lincoln Clay,fns,3,SHA,REB,HER,3,3,3,1,3,y,none,False,g,Revenge-driven criminal veteran,steam-v005-top1000-55-chunk-00009-ranks-401-450,top1000_55
201810,y,B.J. Blazkowicz,fns,3,HER,REB,SHA,3,3,2,1,3,y,none,False,g,Resistance warrior against Nazis,steam-v005-top1000-55-chunk-00009-ranks-401-450,top1000_55
200510,n,,sys,3,NA,NA,NA,3,0,0,0,1,n,sys,False,g,Player commands organization and squads,steam-v005-top1000-55-chunk-00009-ranks-401-450,top1000_55
1328670,y,Commander Shepard,cbd,3,HER,RUL,EXP,3,3,1,3,3,y,none,False,g,Custom commander saves galaxy,steam-v005-top1000-55-chunk-00009-ranks-401-450,top1000_55
1313860,n,,spr,3,NA,NA,NA,3,0,0,0,0,n,spr,False,g,Sports teams and players,steam-v005-top1000-55-chunk-00009-ranks-401-450,top1000_55
307780,y,Mortal Kombat fighters,fen,2,HER,RUL,REB,2,2,2,1,3,m,multi,True,g,Story campaign ensemble fighters,steam-v005-top1000-55-chunk-00009-ranks-401-450,top1000_55
633230,y,Custom shinobi,cbd,2,HER,EXP,INN,2,1,0,3,1,m,multi,True,g,Custom ninja in online missions,steam-v005-top1000-55-chunk-00009-ranks-401-450,top1000_55
3240220,y,"Michael, Franklin, Trevor",fen,3,REB,SHA,JES,3,3,3,1,3,y,multi,False,g,Three criminal antihero protagonists,steam-v005-top1000-55-chunk-00009-ranks-401-450,top1000_55
203140,y,Agent 47,fns,3,SHA,SAG,HER,3,3,3,1,3,y,none,False,g,Detached assassin protecting a girl,steam-v005-top1000-55-chunk-00009-ranks-401-450,top1000_55
246620,n,,sys,3,NA,NA,NA,3,0,0,0,0,n,sys,False,g,Player evolves global pathogen,steam-v005-top1000-55-chunk-00009-ranks-401-450,top1000_55
414700,y,Blake Langermann,fns,3,EVE,LOV,SAG,3,3,2,2,3,y,none,False,g,Journalist survivor searching wife,steam-v005-top1000-55-chunk-00009-ranks-401-450,top1000_55
50130,y,Vito Scaletta,fns,3,REB,SHA,EVE,3,3,3,1,3,y,none,False,g,Immigrant gangster seeking belonging,steam-v005-top1000-55-chunk-00009-ranks-401-450,top1000_55
1621690,y,Core keeper,pav,2,EXP,CRE,EVE,2,1,0,3,1,m,none,True,g,Weak survival-crafting explorer avatar,steam-v005-top1000-55-chunk-00009-ranks-401-450,top1000_55
50300,y,Captain Martin Walker,fns,3,SHA,HER,RUL,3,3,3,1,3,y,none,False,g,Soldier descends into moral collapse,steam-v005-top1000-55-chunk-00009-ranks-401-450,top1000_55
1147560,y,Skul,nfx,3,HER,REB,JES,3,3,1,1,2,y,none,False,g,Little skeleton rescues demon king,steam-v005-top1000-55-chunk-00009-ranks-401-450,top1000_55
221040,y,Resident Evil heroes,fen,3,HER,CAR,SAG,2,2,1,1,3,m,multi,False,g,Multiple campaign protagonists,steam-v005-top1000-55-chunk-00009-ranks-401-450,top1000_55
851850,y,Goku,fns,3,HER,INN,CAR,3,3,0,1,3,y,multi,False,g,Heroic Saiyan with playable allies,steam-v005-top1000-55-chunk-00009-ranks-401-450,top1000_55
33230,y,Ezio Auditore,fns,3,REB,HER,LOV,3,3,2,1,3,y,none,False,g,Assassin born from family revenge,steam-v005-top1000-55-chunk-00009-ranks-401-450,top1000_55
674020,n,,nop,3,NA,NA,NA,3,0,0,0,0,n,multi,False,g,Multiplayer military shooter,steam-v005-top1000-55-chunk-00009-ranks-401-450,top1000_55
1284190,y,Convict terraformer,frs,2,EXP,CRE,REB,2,2,0,3,1,m,none,False,g,Anonymous convict terraforms planet,steam-v005-top1000-55-chunk-00009-ranks-401-450,top1000_55
648350,n,,sim,3,NA,NA,NA,3,0,0,0,1,n,sim,False,g,Dinosaur park management sim,steam-v005-top1000-55-chunk-00009-ranks-401-450,top1000_55
880940,n,,nop,3,NA,NA,NA,3,0,0,0,0,n,multi,False,g,Party minigame avatars,steam-v005-top1000-55-chunk-00009-ranks-401-450,top1000_55
420530,y,Niko,fns,3,INN,EXP,MAG,3,3,0,1,3,y,none,False,g,Childlike messiah guided by player,steam-v005-top1000-55-chunk-00009-ranks-401-450,top1000_55
637650,y,Noctis Lucis Caelum,fns,3,RUL,HER,LOV,3,3,1,1,3,y,multi,False,g,Prince bearing kingship destiny,steam-v005-top1000-55-chunk-00009-ranks-401-450,top1000_55
6060,n,,sys,2,NA,NA,NA,3,0,0,0,1,n,multi,True,g,"501st Legion perspective, no individual lead",steam-v005-top1000-55-chunk-00009-ranks-401-450,top1000_55
2567870,y,Chained prisoners,pav,2,EXP,EVE,HER,2,1,1,3,1,m,multi,True,g,Weak avatars escaping together,steam-v005-top1000-55-chunk-00009-ranks-401-450,top1000_55
573090,n,,sim,3,NA,NA,NA,3,0,0,0,0,n,sim,False,g,Vehicle building rescue simulator,steam-v005-top1000-55-chunk-00009-ranks-401-450,top1000_55
454650,y,Future Warrior,cbd,3,HER,CAR,EXP,3,3,0,3,2,y,none,False,g,Custom Time Patroller protects history,steam-v005-top1000-55-chunk-00009-ranks-401-450,top1000_55
617290,y,Wanderer,cbd,2,HER,EVE,EXP,2,2,1,3,2,y,none,False,g,Custom survivor fights Root invasion,steam-v005-top1000-55-chunk-00010-ranks-451-500,top1000_55
2593370,y,Liang,fns,2,SHA,EVE,CAR,2,2,3,1,3,m,none,True,g,Late Ming antihero escort narrative,steam-v005-top1000-55-chunk-00010-ranks-451-500,top1000_55
529340,n,,sys,3,NA,NA,NA,3,0,0,1,3,n,sys,False,g,Nation-state grand strategy,steam-v005-top1000-55-chunk-00010-ranks-451-500,top1000_55
2623190,y,Hero of Kvatch,cbd,3,HER,EXP,EVE,3,3,0,3,3,y,none,False,g,Custom destined fantasy hero,steam-v005-top1000-55-chunk-00010-ranks-451-500,top1000_55
1627720,y,P,nfx,3,HER,EXP,INN,3,3,1,1,3,y,none,False,g,Pinocchio puppet seeks truth,steam-v005-top1000-55-chunk-00010-ranks-451-500,top1000_55
364360,n,,sys,3,NA,NA,NA,3,0,0,1,2,n,sys,False,g,Faction-based strategy warfare,steam-v005-top1000-55-chunk-00010-ranks-451-500,top1000_55
1290000,n,,sim,3,NA,NA,NA,3,0,0,2,1,n,sim,False,g,Anonymous job simulator role,steam-v005-top1000-55-chunk-00010-ranks-451-500,top1000_55
319510,y,Mike Schmidt,frs,2,EVE,SAG,HER,2,2,1,2,2,m,none,False,g,Night guard survives haunted shifts,steam-v005-top1000-55-chunk-00010-ranks-451-500,top1000_55
253230,y,Hat Kid,nfx,3,INN,EXP,JES,3,3,0,1,2,y,none,False,g,Playful childlike space traveler,steam-v005-top1000-55-chunk-00010-ranks-451-500,top1000_55
621060,n,,sim,3,NA,NA,NA,3,0,0,2,1,n,sim,False,g,Workshop business simulator,steam-v005-top1000-55-chunk-00010-ranks-451-500,top1000_55
645630,n,,sim,3,NA,NA,NA,3,0,0,2,1,n,sim,False,g,Garage mechanic simulator,steam-v005-top1000-55-chunk-00010-ranks-451-500,top1000_55
470220,n,,nop,3,NA,NA,NA,3,0,0,0,0,n,nop,False,g,Card game without protagonist,steam-v005-top1000-55-chunk-00010-ranks-451-500,top1000_55
774361,y,The Penitent One,sfx,3,HER,SHA,MAG,3,3,3,1,3,y,none,False,g,Silent penitent martyr-warrior,steam-v005-top1000-55-chunk-00010-ranks-451-500,top1000_55
1919590,n,,spr,3,NA,NA,NA,3,0,0,2,1,n,spr,False,g,Basketball sports franchise,steam-v005-top1000-55-chunk-00010-ranks-451-500,top1000_55
1693980,y,Isaac Clarke,fns,3,EVE,HER,SAG,3,3,2,1,3,y,none,False,g,Engineer survives necromorph horror,steam-v005-top1000-55-chunk-00010-ranks-451-500,top1000_55
480490,y,Morgan Yu,cbd,3,SAG,EXP,MAG,3,3,2,2,3,y,none,False,g,Scientist investigates identity and aliens,steam-v005-top1000-55-chunk-00010-ranks-451-500,top1000_55
8190,y,Rico Rodriguez,fns,3,REB,HER,JES,3,3,1,1,2,y,none,False,g,Chaotic revolutionary action hero,steam-v005-top1000-55-chunk-00010-ranks-451-500,top1000_55
1089980,y,Henry Stickmin,fns,3,JES,REB,SHA,3,3,2,1,2,y,none,False,g,Comic criminal trickster choices,steam-v005-top1000-55-chunk-00010-ranks-451-500,top1000_55
22330,y,Hero of Kvatch,cbd,3,HER,EXP,EVE,3,3,0,3,3,y,none,False,g,Custom destined fantasy hero,steam-v005-top1000-55-chunk-00010-ranks-451-500,top1000_55
900883,y,Hero of Kvatch,cbd,3,HER,EXP,EVE,3,3,0,3,3,y,none,False,g,Custom destined fantasy hero,steam-v005-top1000-55-chunk-00010-ranks-451-500,top1000_55
22370,y,Lone Wanderer,cbd,3,EVE,EXP,HER,3,3,1,3,3,y,none,False,g,Vault outsider seeks father,steam-v005-top1000-55-chunk-00010-ranks-451-500,top1000_55
10090,y,Miller and Dimitri,fdu,3,HER,EVE,SHA,2,2,2,2,2,y,none,False,g,Dual WWII campaign soldiers,steam-v005-top1000-55-chunk-00010-ranks-451-500,top1000_55
1371980,y,Cerim,cbd,2,HER,EXP,SHA,2,2,2,3,2,m,none,True,g,Custom holy warrior in plague kingdom,steam-v005-top1000-55-chunk-00010-ranks-451-500,top1000_55
870780,y,Jesse Faden,fns,3,EXP,MAG,RUL,3,3,1,1,3,y,none,False,g,Seeker becomes supernatural director,steam-v005-top1000-55-chunk-00010-ranks-451-500,top1000_55
2344520,y,Wanderer,cbd,3,HER,MAG,SHA,2,2,2,3,2,y,none,False,g,Custom hero blood-linked to Lilith,steam-v005-top1000-55-chunk-00010-ranks-451-500,top1000_55
552100,n,,nop,3,NA,NA,NA,3,0,0,1,0,n,nop,False,g,Vehicle sandbox without narrative hero,steam-v005-top1000-55-chunk-00010-ranks-451-500,top1000_55
346010,n,,sim,3,NA,NA,NA,3,0,0,1,0,n,sim,False,g,Siege machine construction sandbox,steam-v005-top1000-55-chunk-00010-ranks-451-500,top1000_55
1846380,y,Player racer,spr,2,REB,EXP,EVE,2,1,1,3,2,m,spr,True,g,Custom street racer story avatar,steam-v005-top1000-55-chunk-00010-ranks-451-500,top1000_55
108710,y,Alan Wake,fns,3,CRE,SAG,SHA,3,3,3,1,3,y,none,False,g,Writer confronts authored darkness,steam-v005-top1000-55-chunk-00010-ranks-451-500,top1000_55
21690,y,Chris and Sheva,fdu,3,HER,CAR,SHA,3,3,1,1,2,y,none,False,g,Cooperative bioterror action duo,steam-v005-top1000-55-chunk-00010-ranks-451-500,top1000_55
22490,y,Courier,cbd,3,EVE,EXP,REB,3,3,2,3,3,y,none,False,g,Amnesiac courier shapes Mojave,steam-v005-top1000-55-chunk-00010-ranks-451-500,top1000_55
644930,n,,sys,3,NA,NA,NA,3,0,0,1,1,n,sys,False,g,Colony defense strategy system,steam-v005-top1000-55-chunk-00010-ranks-451-500,top1000_55
3097560,n,,nop,3,NA,NA,NA,3,0,0,1,0,n,multi,False,g,Multiplayer bluffing table game,steam-v005-top1000-55-chunk-00010-ranks-451-500,top1000_55
273350,n,,nop,3,NA,NA,NA,3,0,0,1,1,n,multi,False,g,Asymmetric multiplayer roles only,steam-v005-top1000-55-chunk-00010-ranks-451-500,top1000_55
933110,n,,sys,3,NA,NA,NA,3,0,0,1,2,n,sys,False,g,RTS civilizations and campaigns,steam-v005-top1000-55-chunk-00010-ranks-451-500,top1000_55
386940,n,,nop,3,NA,NA,NA,3,0,0,1,0,n,multi,False,g,Party platformer without protagonist,steam-v005-top1000-55-chunk-00010-ranks-451-500,top1000_55
502500,y,Trigger,sfx,3,HER,EVE,EXP,2,2,1,2,2,y,none,False,g,Silent ace pilot under callsign,steam-v005-top1000-55-chunk-00010-ranks-451-500,top1000_55
881020,y,Captain and crew,fen,2,HER,CAR,LOV,2,2,0,2,2,m,multi,True,g,Party ensemble led by captain,steam-v005-top1000-55-chunk-00010-ranks-451-500,top1000_55
994280,y,Beiluo,fns,3,HER,EXP,RUL,3,3,1,1,3,y,none,False,g,Named xianxia hero-prince,steam-v005-top1000-55-chunk-00010-ranks-451-500,top1000_55
1017180,n,,sim,3,NA,NA,NA,3,0,0,2,0,n,sim,False,g,Procedural driving sandbox,steam-v005-top1000-55-chunk-00010-ranks-451-500,top1000_55
4500,y,Marked One,fns,3,EXP,SHA,SAG,3,3,3,2,3,y,none,False,g,Amnesiac stalker seeks identity,steam-v005-top1000-55-chunk-00010-ranks-451-500,top1000_55
1451940,y,P-chan and Ame,fdu,2,LOV,CAR,SHA,2,2,3,2,3,m,sim,True,g,Toxic streamer-manager relationship,steam-v005-top1000-55-chunk-00010-ranks-451-500,top1000_55
1149460,y,Prospector,pav,2,EXP,EVE,HER,2,1,0,3,1,m,none,False,g,Survival prospector avatar,steam-v005-top1000-55-chunk-00010-ranks-451-500,top1000_55
202970,y,Mason ensemble,fen,3,HER,SHA,SAG,2,2,3,2,3,y,none,False,g,Branching military ensemble campaign,steam-v005-top1000-55-chunk-00010-ranks-451-500,top1000_55
1824220,n,,nop,3,NA,NA,NA,3,0,0,1,0,n,multi,False,g,Multiplayer medieval combatants,steam-v005-top1000-55-chunk-00010-ranks-451-500,top1000_55
367500,y,Arisen,cbd,3,HER,EXP,MAG,3,3,1,3,3,y,none,False,g,Custom chosen dragon-slayer,steam-v005-top1000-55-chunk-00010-ranks-451-500,top1000_55
200210,n,,nop,3,NA,NA,NA,3,0,0,2,1,n,multi,False,g,MMO classes lack singular hero,steam-v005-top1000-55-chunk-00010-ranks-451-500,top1000_55
972660,y,Stella,fns,3,CAR,LOV,MAG,3,3,0,1,3,y,none,False,g,Compassionate ferrymaster for spirits,steam-v005-top1000-55-chunk-00010-ranks-451-500,top1000_55
603850,n,,sys,3,NA,NA,NA,3,0,0,1,1,n,sys,False,g,Abstract nation history strategy,steam-v005-top1000-55-chunk-00010-ranks-451-500,top1000_55
1418630,n,,nop,3,NA,NA,NA,3,0,0,1,1,n,multi,False,g,Social deduction expedition roles,steam-v005-top1000-55-chunk-00010-ranks-451-500,top1000_55
313120,y,Stranded Deep,pav,2,EVE,EXP,HER,2,2,0,3,1,m,none,False,g,Generic shipwreck survivor avatar.,steam-v005-top1000-55-chunk-00011-ranks-501-550,top1000_55
1659040,y,HITMAN World of Assassination,fns,3,SHA,SAG,REB,3,3,2,1,2,y,none,False,g,"Agent 47, professional assassin.",steam-v005-top1000-55-chunk-00011-ranks-501-550,top1000_55
243470,y,Watch_Dogs,fns,3,SHA,REB,SAG,3,3,2,1,2,y,none,False,g,Aiden Pearce vigilante hacker.,steam-v005-top1000-55-chunk-00011-ranks-501-550,top1000_55
1325200,y,Nioh 2 – The Complete Edition,cbd,3,HER,MAG,EXP,3,3,1,3,2,y,none,False,g,Custom half-yokai warrior.,steam-v005-top1000-55-chunk-00011-ranks-501-550,top1000_55
868270,n,The Cycle: Frontier,nop,3,NA,NA,NA,3,0,0,0,0,n,multi,False,g,Extraction shooter with generic prospectors.,steam-v005-top1000-55-chunk-00011-ranks-501-550,top1000_55
2322560,y,Love Is All Around,fns,2,LOV,EVE,JES,2,2,0,2,1,m,none,False,g,FMV romance lead pursues relationships.,steam-v005-top1000-55-chunk-00011-ranks-501-550,top1000_55
282140,y,SOMA,fns,3,EVE,EXP,SAG,3,3,1,1,3,y,none,False,g,Simon confronts identity and survival.,steam-v005-top1000-55-chunk-00011-ranks-501-550,top1000_55
1129580,y,Medieval Dynasty,fns,3,EVE,RUL,CRE,2,2,0,2,1,m,sim,False,g,Racimir builds village dynasty.,steam-v005-top1000-55-chunk-00011-ranks-501-550,top1000_55
501300,y,What Remains of Edith Finch,fns,3,EXP,SAG,EVE,3,3,0,1,3,y,none,False,g,Edith investigates family history.,steam-v005-top1000-55-chunk-00011-ranks-501-550,top1000_55
920210,y,LEGO Star Wars: The Skywalker Saga,fen,2,HER,MAG,RUL,1,1,1,1,2,m,multi,True,g,Large Star Wars ensemble cast.,steam-v005-top1000-55-chunk-00011-ranks-501-550,top1000_55
1987080,n,Inside the Backrooms,nop,3,NA,NA,NA,3,0,0,0,0,n,multi,False,g,Co-op horror with generic avatars.,steam-v005-top1000-55-chunk-00011-ranks-501-550,top1000_55
221910,y,The Stanley Parable,fns,3,EVE,REB,JES,3,3,0,2,3,y,none,False,g,Stanley resists narrated office fate.,steam-v005-top1000-55-chunk-00011-ranks-501-550,top1000_55
690790,n,DiRT Rally 2.0,spr,3,NA,NA,NA,3,0,0,0,0,n,spr,False,g,Rally racing simulation.,steam-v005-top1000-55-chunk-00011-ranks-501-550,top1000_55
612880,y,Wolfenstein II: The New Colossus,fns,3,HER,REB,SHA,3,3,2,1,2,y,none,False,g,BJ fights Nazi regime.,steam-v005-top1000-55-chunk-00011-ranks-501-550,top1000_55
244450,n,Men of War: Assault Squad 2,sys,3,NA,NA,NA,3,0,0,0,0,n,sys,False,g,Tactical RTS army control.,steam-v005-top1000-55-chunk-00011-ranks-501-550,top1000_55
200710,y,Torchlight II,pav,2,HER,EXP,MAG,2,1,0,3,1,m,none,False,g,Class-based ARPG hero avatar.,steam-v005-top1000-55-chunk-00011-ranks-501-550,top1000_55
236430,y,DARK SOULS II,cbd,3,EVE,HER,EXP,3,3,2,3,2,y,none,False,g,Cursed undead seeks remedy.,steam-v005-top1000-55-chunk-00011-ranks-501-550,top1000_55
505460,n,Foxhole,sys,3,NA,NA,NA,3,0,0,0,0,n,sys,False,g,Persistent faction war sandbox.,steam-v005-top1000-55-chunk-00011-ranks-501-550,top1000_55
1206560,n,WorldBox - God Simulator,sim,3,NA,NA,NA,3,0,0,0,0,n,sim,False,g,God sandbox simulation.,steam-v005-top1000-55-chunk-00011-ranks-501-550,top1000_55
1562430,y,DREDGE,frs,3,EXP,SHA,MAG,3,3,2,2,2,y,none,False,g,Fisherman uncovers occult guilt.,steam-v005-top1000-55-chunk-00011-ranks-501-550,top1000_55
568220,y,Lobotomy Corporation | Monster Management Simulation,frs,3,RUL,SAG,SHA,3,3,2,2,3,y,sim,False,g,Manager X controls abnormality facility.,steam-v005-top1000-55-chunk-00011-ranks-501-550,top1000_55
1465360,n,SnowRunner,sim,3,NA,NA,NA,3,0,0,0,0,n,sim,False,g,Off-road trucking simulation.,steam-v005-top1000-55-chunk-00011-ranks-501-550,top1000_55
1817190,y,Marvel’s Spider-Man: Miles Morales,fns,3,HER,INN,CAR,3,3,0,1,2,y,none,False,g,Miles becomes neighborhood Spider-Man.,steam-v005-top1000-55-chunk-00011-ranks-501-550,top1000_55
310950,n,Street Fighter V,nop,2,NA,NA,NA,3,0,0,0,1,n,multi,True,g,Fighting roster lacks single lead.,steam-v005-top1000-55-chunk-00011-ranks-501-550,top1000_55
599140,y,Graveyard Keeper,frs,3,EVE,CRE,SHA,2,2,1,2,1,m,sim,False,g,Displaced keeper manages graveyard.,steam-v005-top1000-55-chunk-00011-ranks-501-550,top1000_55
601510,n,Yu-Gi-Oh! Duel Links,nop,3,NA,NA,NA,3,0,0,0,0,n,multi,False,g,"Card dueling service, no lead.",steam-v005-top1000-55-chunk-00011-ranks-501-550,top1000_55
269210,y,Hero Siege,pav,2,HER,EXP,MAG,2,1,0,3,1,m,none,False,g,Generic class hero fights demons.,steam-v005-top1000-55-chunk-00011-ranks-501-550,top1000_55
2338770,n,NBA 2K24,spr,3,NA,NA,NA,3,0,0,0,0,n,spr,False,g,Basketball sports title.,steam-v005-top1000-55-chunk-00011-ranks-501-550,top1000_55
476600,y,Call of Duty: WWII,fns,3,HER,EVE,CAR,3,3,0,1,2,y,none,False,g,Red Daniels infantry campaign.,steam-v005-top1000-55-chunk-00011-ranks-501-550,top1000_55
666140,y,My Time at Portia,cbd,3,CRE,CAR,LOV,3,3,0,3,2,y,sim,False,g,Custom builder restores workshop.,steam-v005-top1000-55-chunk-00011-ranks-501-550,top1000_55
2124490,y,SILENT HILL 2,fns,3,SHA,LOV,EXP,3,3,3,1,3,y,none,False,g,James searches through guilt.,steam-v005-top1000-55-chunk-00011-ranks-501-550,top1000_55
860510,y,Little Nightmares II,sfx,3,INN,EXP,SHA,3,3,1,1,2,y,none,False,g,Mono journeys through nightmare world.,steam-v005-top1000-55-chunk-00011-ranks-501-550,top1000_55
253710,n,theHunter Classic,sim,3,NA,NA,NA,3,0,0,0,0,n,sim,False,g,Hunting simulation sandbox.,steam-v005-top1000-55-chunk-00011-ranks-501-550,top1000_55
273110,n,Counter-Strike Nexon: Studio,nop,3,NA,NA,NA,3,0,0,0,0,n,multi,False,g,Multiplayer shooter modes.,steam-v005-top1000-55-chunk-00011-ranks-501-550,top1000_55
2161700,y,Persona 3 Reload,sfx,3,HER,MAG,EVE,3,3,1,2,3,y,none,False,g,Silent transfer student leads SEES.,steam-v005-top1000-55-chunk-00011-ranks-501-550,top1000_55
834910,n,ATLAS,nop,3,NA,NA,NA,3,0,0,0,0,n,multi,False,g,MMO survival pirate avatars.,steam-v005-top1000-55-chunk-00011-ranks-501-550,top1000_55
261640,y,Borderlands: The Pre-Sequel,fen,3,REB,SHA,JES,3,2,2,2,2,m,multi,False,g,Playable Vault Hunter antihero ensemble.,steam-v005-top1000-55-chunk-00011-ranks-501-550,top1000_55
843380,n,Super Animal Royale,nop,3,NA,NA,NA,3,0,0,0,0,n,multi,False,g,Battle royale animal avatars.,steam-v005-top1000-55-chunk-00011-ranks-501-550,top1000_55
312520,y,Rain World,nfx,3,EVE,EXP,INN,3,3,0,1,2,y,none,False,g,Slugcat survives hostile ecosystem.,steam-v005-top1000-55-chunk-00011-ranks-501-550,top1000_55
1295660,n,Sid Meier's Civilization VII,sys,3,NA,NA,NA,3,0,0,0,0,n,sys,False,g,Civilization-scale strategy control.,steam-v005-top1000-55-chunk-00011-ranks-501-550,top1000_55
242920,n,Banished,sys,3,NA,NA,NA,3,0,0,0,0,n,sys,False,g,"Settlement management, no protagonist.",steam-v005-top1000-55-chunk-00011-ranks-501-550,top1000_55
1501750,y,Lords of the Fallen,cbd,3,HER,EXP,SHA,2,3,2,3,2,y,none,False,g,Custom Lampbearer battles darkness.,steam-v005-top1000-55-chunk-00011-ranks-501-550,top1000_55
420,y,Half-Life 2: Episode Two,sfx,3,HER,REB,SAG,3,3,0,2,2,y,none,False,g,Gordon continues resistance mission.,steam-v005-top1000-55-chunk-00011-ranks-501-550,top1000_55
1419170,n,My Singing Monsters,sim,3,NA,NA,NA,3,0,0,0,0,n,sim,False,g,Monster collection management.,steam-v005-top1000-55-chunk-00011-ranks-501-550,top1000_55
967050,n,Pacify,nop,3,NA,NA,NA,3,0,0,0,0,n,multi,False,g,Co-op horror investigator avatars.,steam-v005-top1000-55-chunk-00011-ranks-501-550,top1000_55
1288310,y,Firework,fns,2,SAG,EXP,MAG,2,2,0,1,3,m,none,True,g,Police investigator probes supernatural case.,steam-v005-top1000-55-chunk-00011-ranks-501-550,top1000_55
527230,y,For The King,pav,2,HER,CAR,EXP,2,1,0,3,1,m,multi,True,g,Generic party saves kingdom.,steam-v005-top1000-55-chunk-00011-ranks-501-550,top1000_55
1669980,y,Volcano Princess,frs,3,CAR,RUL,LOV,3,3,0,2,2,y,sim,False,g,Parent raises and guides daughter.,steam-v005-top1000-55-chunk-00011-ranks-501-550,top1000_55
225080,y,Brothers - A Tale of Two Sons,fdu,3,CAR,INN,HER,3,3,0,1,2,y,none,False,g,Two brothers seek father’s cure.,steam-v005-top1000-55-chunk-00011-ranks-501-550,top1000_55
751780,y,Forager,pav,2,CRE,EXP,INN,2,1,0,3,1,m,none,False,g,Minimal crafting explorer avatar.,steam-v005-top1000-55-chunk-00011-ranks-501-550,top1000_55
245170,n,Skullgirls roster,nop,1,NA,NA,NA,0,0,0,1,1,n,multi,False,g,Fighting roster lacks central protagonist,steam-v005-top1000-55-chunk-00012-ranks-551-600,top1000_55
337000,y,Adam Jensen,fns,3,SAG,SHA,HER,3,3,2,1,3,y,none,False,g,Augmented investigator in conspiracy plot,steam-v005-top1000-55-chunk-00012-ranks-551-600,top1000_55
302510,y,Marius Titus,fns,3,HER,SHA,RUL,3,3,2,1,2,y,none,False,g,Roman soldier driven by vengeance,steam-v005-top1000-55-chunk-00012-ranks-551-600,top1000_55
204450,y,Silas Greaves,fns,3,SHA,REB,HER,3,3,3,1,2,y,none,False,g,Vengeful bounty hunter storyteller,steam-v005-top1000-55-chunk-00012-ranks-551-600,top1000_55
1840,n,,nop,3,NA,NA,NA,0,0,0,0,0,n,info,False,g,"Filmmaking tool, not a game narrative",steam-v005-top1000-55-chunk-00012-ranks-551-600,top1000_55
704270,y,Teen survivor,pav,2,EVE,HER,EXP,2,2,1,3,1,m,none,True,g,Custom survivor fighting robot invasion,steam-v005-top1000-55-chunk-00012-ranks-551-600,top1000_55
1845910,y,Rook,cbd,3,HER,RUL,EXP,2,3,1,3,3,y,none,False,g,Custom leader opposing elven gods,steam-v005-top1000-55-chunk-00012-ranks-551-600,top1000_55
42700,y,Alex Mason,fns,3,HER,SHA,SAG,3,3,2,1,3,y,none,False,g,Brainwashed soldier uncovering conspiracy,steam-v005-top1000-55-chunk-00012-ranks-551-600,top1000_55
24240,y,PAYDAY crew,fen,2,REB,SHA,JES,2,2,3,2,1,m,multi,True,g,Criminal heist ensemble,steam-v005-top1000-55-chunk-00012-ranks-551-600,top1000_55
1080110,n,,spr,3,NA,NA,NA,0,0,0,2,0,n,spr,False,g,Formula racing sports role,steam-v005-top1000-55-chunk-00012-ranks-551-600,top1000_55
310560,n,,spr,3,NA,NA,NA,0,0,0,2,0,n,spr,False,g,Rally racing without narrative protagonist,steam-v005-top1000-55-chunk-00012-ranks-551-600,top1000_55
555160,n,,nop,3,NA,NA,NA,0,0,0,2,0,n,multi,False,g,VR multiplayer shooter sandbox,steam-v005-top1000-55-chunk-00012-ranks-551-600,top1000_55
1369630,y,Lily,fns,3,INN,CAR,MAG,3,3,1,1,2,y,none,False,g,Pure priestess cleansing a ruined kingdom,steam-v005-top1000-55-chunk-00012-ranks-551-600,top1000_55
1850570,y,Sam Porter Bridges,fns,3,CAR,EXP,HER,3,3,1,1,3,y,none,False,g,Courier reconnecting a fractured America,steam-v005-top1000-55-chunk-00012-ranks-551-600,top1000_55
3070070,n,,sim,3,NA,NA,NA,0,0,0,2,0,n,sim,False,g,Shop management simulator role,steam-v005-top1000-55-chunk-00012-ranks-551-600,top1000_55
692850,y,Miriam,fns,3,HER,MAG,SHA,3,3,2,1,2,y,none,False,g,Cursed shardbinder fights demonic ritual,steam-v005-top1000-55-chunk-00012-ranks-551-600,top1000_55
32470,n,,sys,3,NA,NA,NA,0,0,0,1,1,n,sys,False,g,Strategy control of Star Wars factions,steam-v005-top1000-55-chunk-00012-ranks-551-600,top1000_55
1544020,y,Jacob Lee,fns,3,EVE,SHA,HER,3,3,2,1,2,y,none,False,g,Prisoner survivor facing biophage horror,steam-v005-top1000-55-chunk-00012-ranks-551-600,top1000_55
208090,n,,nop,2,NA,NA,NA,0,0,0,2,0,n,multi,False,g,"Multiplayer arena shooter, generic combatants",steam-v005-top1000-55-chunk-00012-ranks-551-600,top1000_55
1088850,y,Peter Quill,fns,3,JES,RUL,HER,3,3,1,1,3,y,none,False,g,Comic outlaw captain learning leadership,steam-v005-top1000-55-chunk-00012-ranks-551-600,top1000_55
1644960,n,,spr,3,NA,NA,NA,0,0,0,2,0,n,spr,False,g,Basketball sports simulation,steam-v005-top1000-55-chunk-00012-ranks-551-600,top1000_55
1225330,n,,spr,3,NA,NA,NA,0,0,0,2,0,n,spr,False,g,Basketball sports simulation,steam-v005-top1000-55-chunk-00012-ranks-551-600,top1000_55
805550,n,,spr,3,NA,NA,NA,0,0,0,2,0,n,spr,False,g,GT racing simulator,steam-v005-top1000-55-chunk-00012-ranks-551-600,top1000_55
745920,y,Temtem tamer,pav,2,EXP,INN,HER,2,2,0,3,1,m,none,True,g,Custom creature tamer adventure avatar,steam-v005-top1000-55-chunk-00012-ranks-551-600,top1000_55
1128810,n,,sys,3,NA,NA,NA,0,0,0,1,0,n,sys,False,g,Board-game nation domination role,steam-v005-top1000-55-chunk-00012-ranks-551-600,top1000_55
322500,y,Player hacker,frs,2,REB,SAG,SHA,2,2,2,3,2,m,none,True,g,Abstract player trapped by system,steam-v005-top1000-55-chunk-00012-ranks-551-600,top1000_55
2551020,n,,nop,2,NA,NA,NA,0,0,0,2,0,n,multi,False,g,Generic cooperative robbers,steam-v005-top1000-55-chunk-00012-ranks-551-600,top1000_55
1178830,y,Shelia,fns,3,HER,SAG,MAG,3,3,1,1,2,y,none,False,g,Agent investigates supernatural anomaly,steam-v005-top1000-55-chunk-00012-ranks-551-600,top1000_55
544810,n,,sys,3,NA,NA,NA,0,0,0,1,0,n,sys,False,g,WWII card-battle commander abstraction,steam-v005-top1000-55-chunk-00012-ranks-551-600,top1000_55
228380,n,,spr,3,NA,NA,NA,0,0,0,2,0,n,spr,False,g,Demolition racing without narrative protagonist,steam-v005-top1000-55-chunk-00012-ranks-551-600,top1000_55
884660,n,,nop,2,NA,NA,NA,0,0,0,2,0,n,multi,False,g,Battle royale roster lacks central protagonist,steam-v005-top1000-55-chunk-00012-ranks-551-600,top1000_55
109600,y,Neverwinter hero,pav,2,HER,EXP,MAG,2,2,1,3,1,m,none,True,g,Custom MMO adventurer hero,steam-v005-top1000-55-chunk-00012-ranks-551-600,top1000_55
895400,n,,nop,2,NA,NA,NA,0,0,1,2,0,n,multi,False,g,"Open survival PvP, generic survivors",steam-v005-top1000-55-chunk-00012-ranks-551-600,top1000_55
1184370,y,Knight Commander,cbd,3,HER,RUL,MAG,3,3,1,3,3,y,none,False,g,Custom crusade commander with mythic path,steam-v005-top1000-55-chunk-00012-ranks-551-600,top1000_55
312530,n,,nop,3,NA,NA,NA,0,0,0,2,0,n,multi,False,g,"Party combat ducks, no narrative lead",steam-v005-top1000-55-chunk-00012-ranks-551-600,top1000_55
611500,n,,nop,2,NA,NA,NA,0,0,0,2,0,n,multi,False,g,"Arena champion roster, no main protagonist",steam-v005-top1000-55-chunk-00012-ranks-551-600,top1000_55
668580,y,Major Nechaev,fns,3,HER,SHA,SAG,3,3,2,1,3,y,none,False,g,Troubled agent investigating Soviet facility,steam-v005-top1000-55-chunk-00012-ranks-551-600,top1000_55
2420510,n,,nop,2,NA,NA,NA,0,0,0,1,0,n,multi,False,g,"Roguelite VTuber roster, no single lead",steam-v005-top1000-55-chunk-00012-ranks-551-600,top1000_55
115300,y,Task Force ensemble,fen,2,HER,CAR,SHA,2,2,1,1,2,m,multi,True,g,Military campaign with multiple soldier protagonists,steam-v005-top1000-55-chunk-00012-ranks-551-600,top1000_55
1259970,n,,spr,3,NA,NA,NA,0,0,0,2,0,n,spr,False,g,Football sports simulation,steam-v005-top1000-55-chunk-00012-ranks-551-600,top1000_55
675010,n,,sim,3,NA,NA,NA,0,0,0,2,0,n,sim,False,g,Vehicle logistics simulator,steam-v005-top1000-55-chunk-00012-ranks-551-600,top1000_55
17410,y,Faith Connors,fns,3,REB,EXP,HER,3,3,1,1,2,y,none,False,g,Runner resisting surveillance city,steam-v005-top1000-55-chunk-00012-ranks-551-600,top1000_55
35450,n,,nop,3,NA,NA,NA,0,0,0,1,0,n,multi,False,g,Multiplayer historical shooter lacks protagonist,steam-v005-top1000-55-chunk-00012-ranks-551-600,top1000_55
1210320,n,,sim,2,NA,NA,NA,0,0,0,2,0,n,sim,False,g,Alchemy shop simulator role,steam-v005-top1000-55-chunk-00012-ranks-551-600,top1000_55
412220,n,,nop,2,NA,NA,NA,0,0,0,2,0,n,multi,False,g,"Community platform racing, no narrative lead",steam-v005-top1000-55-chunk-00012-ranks-551-600,top1000_55
107100,y,The Kid,frs,3,EVE,HER,EXP,3,3,1,1,2,y,none,False,g,Lone survivor rebuilding after Calamity,steam-v005-top1000-55-chunk-00012-ranks-551-600,top1000_55
242860,n,,nop,3,NA,NA,NA,0,0,0,1,0,n,multi,False,g,Multiplayer WWI shooter lacks protagonist,steam-v005-top1000-55-chunk-00012-ranks-551-600,top1000_55
1462040,y,Cloud Strife,fns,3,HER,SHA,EVE,3,3,2,1,3,y,none,False,g,Traumatized mercenary turned protector,steam-v005-top1000-55-chunk-00012-ranks-551-600,top1000_55
554620,y,Chloe Price,fns,3,REB,LOV,EVE,3,3,2,1,3,y,none,False,g,Grieving teen rebel seeks connection,steam-v005-top1000-55-chunk-00012-ranks-551-600,top1000_55
113400,n,,nop,2,NA,NA,NA,0,0,1,3,0,n,multi,False,g,"Online cops-criminals sandbox, no lead",steam-v005-top1000-55-chunk-00012-ranks-551-600,top1000_55
787480,y,Phoenix Wright,fns,3,SAG,HER,EVE,3,3,0,0,3,y,none,False,g,Lawyer-investigator trilogy protagonist.,steam-v005-top1000-55-chunk-00013-ranks-601-650,top1000_55
418240,y,Blades team,fen,3,HER,SAG,SHA,2,2,1,0,2,m,multi,False,g,Fixed stealth ensemble.,steam-v005-top1000-55-chunk-00013-ranks-601-650,top1000_55
236870,y,Agent 47,fns,3,SHA,SAG,REB,3,3,3,0,2,y,none,False,g,Iconic assassin antihero.,steam-v005-top1000-55-chunk-00013-ranks-601-650,top1000_55
223750,n,,sim,3,NA,NA,NA,3,0,0,3,0,n,sim,False,g,Combat flight simulator.,steam-v005-top1000-55-chunk-00013-ranks-601-650,top1000_55
24960,y,Preston Marlowe,fns,2,HER,EVE,REB,2,2,1,1,2,m,none,False,g,Campaign soldier in squad.,steam-v005-top1000-55-chunk-00013-ranks-601-650,top1000_55
2021910,n,,nop,3,NA,NA,NA,3,0,0,2,0,n,nop,False,g,Chess combat pieces only.,steam-v005-top1000-55-chunk-00013-ranks-601-650,top1000_55
1971870,y,Mortal Kombat fighters,fen,2,HER,MAG,RUL,2,2,2,0,2,m,multi,False,g,Story roster ensemble.,steam-v005-top1000-55-chunk-00013-ranks-601-650,top1000_55
1296830,y,Bi-an,fns,2,HER,EXP,SHA,2,2,1,1,2,m,none,False,g,Roguelite warrior protagonist.,steam-v005-top1000-55-chunk-00013-ranks-601-650,top1000_55
207140,n,,spr,3,NA,NA,NA,3,0,0,2,0,n,spr,False,g,Competitive racing characters.,steam-v005-top1000-55-chunk-00013-ranks-601-650,top1000_55
1557740,n,,nop,3,NA,NA,NA,3,0,0,2,0,n,nop,False,g,Abstract multiplayer duels.,steam-v005-top1000-55-chunk-00013-ranks-601-650,top1000_55
1244460,n,,sim,3,NA,NA,NA,3,0,0,2,1,n,sim,False,g,Park management simulation.,steam-v005-top1000-55-chunk-00013-ranks-601-650,top1000_55
532210,y,Sean Diaz,fns,3,CAR,EVE,EXP,3,3,0,1,3,y,none,False,g,Brother-protector road story.,steam-v005-top1000-55-chunk-00013-ranks-601-650,top1000_55
438040,u,Player adventurer,pav,1,HER,JES,EXP,1,1,0,3,1,m,unk,True,m,Weak MMO avatar.,steam-v005-top1000-55-chunk-00013-ranks-601-650,top1000_55
2321470,y,Dwarf survivor,pav,2,HER,EXP,EVE,2,1,0,3,0,m,none,False,g,Class-based solo dwarf.,steam-v005-top1000-55-chunk-00013-ranks-601-650,top1000_55
657200,n,,sim,3,NA,NA,NA,3,0,0,3,0,n,sim,False,g,Physics hand simulator.,steam-v005-top1000-55-chunk-00013-ranks-601-650,top1000_55
447530,y,Jill Stingray,fns,3,EVE,CAR,LOV,3,3,1,0,3,y,none,False,g,Bartender character drama.,steam-v005-top1000-55-chunk-00013-ranks-601-650,top1000_55
334230,n,,nop,3,NA,NA,NA,3,0,0,2,0,n,nop,False,g,Social deduction roles.,steam-v005-top1000-55-chunk-00013-ranks-601-650,top1000_55
8500,u,Capsuleer,pav,1,UNC,UNC,UNC,1,0,1,3,1,n,sys,True,g,Sandbox MMO avatar.,steam-v005-top1000-55-chunk-00013-ranks-601-650,top1000_55
12200,y,Jimmy Hopkins,fns,3,REB,EVE,HER,3,3,2,0,2,y,none,False,g,Rebellious school antihero.,steam-v005-top1000-55-chunk-00013-ranks-601-650,top1000_55
265630,n,,nop,3,NA,NA,NA,3,0,0,2,0,n,nop,False,g,Multiplayer western shooter.,steam-v005-top1000-55-chunk-00013-ranks-601-650,top1000_55
1119730,n,,sim,3,NA,NA,NA,3,0,0,3,0,n,sim,False,g,Ranch management sandbox.,steam-v005-top1000-55-chunk-00013-ranks-601-650,top1000_55
1562700,y,Veteran,frs,2,HER,CAR,SHA,2,3,2,1,3,y,none,False,g,Vengeful father-soldier.,steam-v005-top1000-55-chunk-00013-ranks-601-650,top1000_55
383980,n,,nop,3,NA,NA,NA,3,0,0,2,1,n,multi,False,g,"Fighting roster, no lead.",steam-v005-top1000-55-chunk-00013-ranks-601-650,top1000_55
704850,y,Thief,frs,2,REB,SAG,SHA,2,1,2,3,1,m,none,False,g,Role-defined criminal avatar.,steam-v005-top1000-55-chunk-00013-ranks-601-650,top1000_55
239820,n,,sim,3,NA,NA,NA,3,0,0,3,0,n,sim,False,g,Company management sim.,steam-v005-top1000-55-chunk-00013-ranks-601-650,top1000_55
823500,y,Arthur Ford,fns,3,EXP,SAG,SHA,2,2,1,2,2,m,none,False,g,VR researcher entering MythOS.,steam-v005-top1000-55-chunk-00013-ranks-601-650,top1000_55
250320,y,Bigby Wolf,fns,3,SAG,SHA,CAR,3,3,3,0,3,y,none,False,g,Detective with monstrous past.,steam-v005-top1000-55-chunk-00013-ranks-601-650,top1000_55
475150,y,Custom hero,cbd,2,HER,EXP,MAG,2,2,0,3,1,m,none,False,g,Mythic customizable champion.,steam-v005-top1000-55-chunk-00013-ranks-601-650,top1000_55
40800,y,Meat Boy,nfx,3,LOV,HER,INN,3,2,0,0,1,y,none,False,g,Nonhuman rescuer lover.,steam-v005-top1000-55-chunk-00013-ranks-601-650,top1000_55
10500,n,,sys,3,NA,NA,NA,3,0,0,2,1,n,sys,False,g,Faction strategy control.,steam-v005-top1000-55-chunk-00013-ranks-601-650,top1000_55
266840,n,,sys,2,NA,NA,NA,3,0,0,2,2,n,sys,False,g,RTS campaigns lack single lead.,steam-v005-top1000-55-chunk-00013-ranks-601-650,top1000_55
824270,n,,nop,3,NA,NA,NA,3,0,0,1,0,n,nop,False,g,Aim trainer utility.,steam-v005-top1000-55-chunk-00013-ranks-601-650,top1000_55
1135690,y,Unseen woman,frs,2,EVE,CRE,EXP,2,3,0,2,3,y,none,False,g,Life inferred through unpacking.,steam-v005-top1000-55-chunk-00013-ranks-601-650,top1000_55
992300,y,Yejin,fns,2,HER,REB,SHA,2,2,2,1,2,m,none,True,g,Martial action hero.,steam-v005-top1000-55-chunk-00013-ranks-601-650,top1000_55
1134570,n,,spr,3,NA,NA,NA,3,0,0,3,1,n,spr,False,g,Formula racing game.,steam-v005-top1000-55-chunk-00013-ranks-601-650,top1000_55
325610,n,,sys,3,NA,NA,NA,3,0,0,2,1,n,sys,False,g,Empire strategy control.,steam-v005-top1000-55-chunk-00013-ranks-601-650,top1000_55
1241100,n,,nop,3,NA,NA,NA,3,0,0,2,0,n,nop,False,g,Multiplayer shooter avatars.,steam-v005-top1000-55-chunk-00013-ranks-601-650,top1000_55
326460,n,,nop,3,NA,NA,NA,3,0,0,2,0,n,nop,False,g,Tank artillery matches.,steam-v005-top1000-55-chunk-00013-ranks-601-650,top1000_55
485510,y,William Adams,fns,3,HER,EXP,MAG,3,3,1,0,2,y,none,False,g,Fixed samurai yokai hunter.,steam-v005-top1000-55-chunk-00013-ranks-601-650,top1000_55
10190,y,Task Force soldiers,fen,3,HER,CAR,SHA,2,2,1,1,2,m,multi,False,g,Multiple campaign soldiers.,steam-v005-top1000-55-chunk-00013-ranks-601-650,top1000_55
2679460,y,Royal candidate,cbd,3,HER,RUL,EXP,3,3,0,2,3,y,none,False,g,Named-by-player political hero.,steam-v005-top1000-55-chunk-00013-ranks-601-650,top1000_55
740130,y,Alphen,fns,3,HER,REB,EVE,3,3,1,0,3,y,none,False,g,Amnesiac liberator hero.,steam-v005-top1000-55-chunk-00013-ranks-601-650,top1000_55
1282730,y,The Hero,frs,3,HER,CRE,EXP,2,2,0,1,2,y,none,False,g,Hero rebuilds erased world.,steam-v005-top1000-55-chunk-00013-ranks-601-650,top1000_55
638230,y,Traveler,sfx,3,EXP,INN,MAG,3,3,0,2,2,y,none,False,g,Silent pilgrim seeker.,steam-v005-top1000-55-chunk-00013-ranks-601-650,top1000_55
1256670,y,Angela and Roland,fdu,3,EXP,SHA,SAG,2,3,3,0,3,y,none,False,g,Dual library leads.,steam-v005-top1000-55-chunk-00013-ranks-601-650,top1000_55
434570,n,,nop,2,NA,NA,NA,3,0,0,2,0,n,nop,False,g,Comedic wave shooter.,steam-v005-top1000-55-chunk-00013-ranks-601-650,top1000_55
844870,y,Custom Chaser,cbd,2,HER,REB,EXP,2,1,1,3,1,m,none,True,g,Anime action MMO avatar.,steam-v005-top1000-55-chunk-00013-ranks-601-650,top1000_55
1922560,n,,nop,3,NA,NA,NA,3,0,0,2,0,n,multi,False,g,Class shooter factions.,steam-v005-top1000-55-chunk-00013-ranks-601-650,top1000_55
57300,y,Daniel,fns,3,EVE,SAG,SHA,3,3,3,1,3,y,none,False,g,Amnesiac horror survivor.,steam-v005-top1000-55-chunk-00013-ranks-601-650,top1000_55
997070,y,Avengers,fen,3,HER,INN,CAR,2,2,1,0,2,m,multi,False,g,Superhero ensemble campaign.,steam-v005-top1000-55-chunk-00013-ranks-601-650,top1000_55
110800,y,Cole Phelps,fns,3,SAG,HER,SHA,3,3,2,1,3,y,none,False,g,Detective war veteran probes corrupt Los Angeles.,steam-v005-top1000-55-chunk-00014-ranks-651-700,top1000_55
939400,u,player lovers,pav,1,LOV,EVE,UNC,2,1,0,3,1,m,multi,True,m,"Romance choice vignettes, weak protagonist continuity.",steam-v005-top1000-55-chunk-00014-ranks-651-700,top1000_55
555570,n,,nop,0,NA,NA,NA,0,0,0,2,0,n,multi,False,g,Multiplayer zombie survival sandbox.,steam-v005-top1000-55-chunk-00014-ranks-651-700,top1000_55
2406770,n,,nop,0,NA,NA,NA,0,0,0,1,0,n,multi,False,g,Tactical multiplayer shooter without narrative lead.,steam-v005-top1000-55-chunk-00014-ranks-651-700,top1000_55
1483870,n,,nop,0,NA,NA,NA,0,0,0,0,0,n,nop,False,g,"Party drawing game, no protagonist.",steam-v005-top1000-55-chunk-00014-ranks-651-700,top1000_55
1657630,y,Beatrix LeBeau,fns,3,EXP,CAR,INN,3,3,0,1,2,y,none,False,g,Adventurous rancher explores Rainbow Island.,steam-v005-top1000-55-chunk-00014-ranks-651-700,top1000_55
2300320,n,,sim,0,NA,NA,NA,0,0,0,2,0,n,sim,False,g,"Farming simulator role, no narrative lead.",steam-v005-top1000-55-chunk-00014-ranks-651-700,top1000_55
640820,y,custom baron,cbd,3,RUL,HER,EXP,3,3,1,3,3,y,none,False,g,Custom adventurer becomes ruler of Stolen Lands.,steam-v005-top1000-55-chunk-00014-ranks-651-700,top1000_55
4700,n,,sys,0,NA,NA,NA,0,0,0,1,0,n,sys,False,g,Player controls historical factions and armies.,steam-v005-top1000-55-chunk-00014-ranks-651-700,top1000_55
1817230,y,Chai,fns,3,REB,CRE,HER,3,3,0,1,2,y,none,False,g,Wannabe rockstar rebels against corporate villains.,steam-v005-top1000-55-chunk-00014-ranks-651-700,top1000_55
535930,n,,sim,0,NA,NA,NA,0,0,0,1,0,n,sim,False,g,"Hospital management sim, no main protagonist.",steam-v005-top1000-55-chunk-00014-ranks-651-700,top1000_55
1235140,y,Ichiban Kasuga,fns,3,EVE,HER,INN,3,3,1,1,3,y,none,False,g,Idealistic ex-yakuza underdog seeks belonging.,steam-v005-top1000-55-chunk-00014-ranks-651-700,top1000_55
383120,n,,nop,0,NA,NA,NA,0,0,0,2,0,n,nop,False,g,Open survival sandbox with weak avatar.,steam-v005-top1000-55-chunk-00014-ranks-651-700,top1000_55
1677280,n,,sys,0,NA,NA,NA,0,0,0,1,0,n,sys,False,g,"RTS army command, no single lead.",steam-v005-top1000-55-chunk-00014-ranks-651-700,top1000_55
597170,y,robot contestant,nfx,2,EVE,HER,REB,2,2,0,2,1,m,none,True,g,Human mind in robot gladiator body.,steam-v005-top1000-55-chunk-00014-ranks-651-700,top1000_55
1213210,n,,sys,0,NA,NA,NA,0,0,0,1,0,n,sys,False,g,Classic RTS faction command.,steam-v005-top1000-55-chunk-00014-ranks-651-700,top1000_55
47890,n,,sim,0,NA,NA,NA,0,0,0,3,0,n,sim,False,g,Life simulation with user-created households.,steam-v005-top1000-55-chunk-00014-ranks-651-700,top1000_55
371660,y,Takkar,fns,3,HER,RUL,EXP,3,3,1,1,2,y,none,False,g,Wenja warrior unites and protects tribe.,steam-v005-top1000-55-chunk-00014-ranks-651-700,top1000_55
955050,y,Shelia,fns,3,HER,MAG,SAG,2,2,1,1,1,y,none,False,g,Agent fights supernatural military threat.,steam-v005-top1000-55-chunk-00014-ranks-651-700,top1000_55
274940,n,,nop,0,NA,NA,NA,0,0,0,1,0,n,multi,False,g,Asymmetric multiplayer divers versus sharks.,steam-v005-top1000-55-chunk-00014-ranks-651-700,top1000_55
2231380,y,Nomad,cbd,3,HER,RUL,SAG,2,2,1,3,2,y,none,False,g,Custom Ghost leader survives hostile island.,steam-v005-top1000-55-chunk-00014-ranks-651-700,top1000_55
8980,y,Vault Hunters,fen,3,EXP,REB,SHA,2,2,2,2,2,y,none,False,g,Playable treasure hunters seek the Vault.,steam-v005-top1000-55-chunk-00014-ranks-651-700,top1000_55
939960,y,Security Captain,cbd,3,HER,EXP,CAR,2,2,1,3,2,y,none,False,g,Custom captain helps rebuild Hope County.,steam-v005-top1000-55-chunk-00014-ranks-651-700,top1000_55
105450,n,,sys,0,NA,NA,NA,0,0,0,1,0,n,sys,False,g,RTS civilization control despite campaign characters.,steam-v005-top1000-55-chunk-00014-ranks-651-700,top1000_55
1859910,y,Zhao Huo,fns,2,EVE,HER,LOV,2,2,1,1,2,m,none,True,m,Wuxia underdog disciple pursues martial fate.,steam-v005-top1000-55-chunk-00014-ranks-651-700,top1000_55
2878980,n,,spr,0,NA,NA,NA,0,0,0,2,0,n,spr,False,g,"Sports team/player modes, no fixed protagonist.",steam-v005-top1000-55-chunk-00014-ranks-651-700,top1000_55
641990,y,custom inmate,pav,2,REB,EXP,EVE,2,2,1,3,1,m,none,False,g,Player inmate plots prison escapes.,steam-v005-top1000-55-chunk-00014-ranks-651-700,top1000_55
417860,y,unnamed friend,pav,2,LOV,EVE,INN,2,2,0,3,2,y,none,False,g,Chatroom avatar navigates adolescent longing.,steam-v005-top1000-55-chunk-00014-ranks-651-700,top1000_55
202990,y,Mason ensemble,fen,3,HER,SHA,REB,2,3,2,1,3,y,none,False,g,Multiple soldiers across conspiratorial campaign.,steam-v005-top1000-55-chunk-00014-ranks-651-700,top1000_55
2212330,n,,nop,0,NA,NA,NA,0,0,0,1,0,n,multi,False,g,Fighting sandbox lacks narrative protagonist.,steam-v005-top1000-55-chunk-00014-ranks-651-700,top1000_55
257510,y,android child,nfx,3,SAG,EXP,MAG,3,3,0,2,3,y,none,False,g,Android seeker solves philosophical simulations.,steam-v005-top1000-55-chunk-00014-ranks-651-700,top1000_55
380,y,Gordon Freeman,sfx,3,HER,EXP,SAG,3,3,0,2,2,y,none,False,g,Silent scientist hero escapes Combine city.,steam-v005-top1000-55-chunk-00014-ranks-651-700,top1000_55
1100600,n,,spr,0,NA,NA,NA,0,0,0,2,0,n,spr,False,g,"Sports management role, no narrative protagonist.",steam-v005-top1000-55-chunk-00014-ranks-651-700,top1000_55
32370,y,Revan,cbd,3,HER,SHA,EXP,3,3,3,3,3,y,none,False,g,Custom Jedi with hidden dark past.,steam-v005-top1000-55-chunk-00014-ranks-651-700,top1000_55
1062090,n,,sys,0,NA,NA,NA,0,0,0,1,0,n,sys,False,g,"Beaver colony builder, systemic control.",steam-v005-top1000-55-chunk-00014-ranks-651-700,top1000_55
261030,y,Clementine,fns,3,EVE,CAR,HER,3,3,1,1,3,y,none,False,g,Young survivor protects herself and others.,steam-v005-top1000-55-chunk-00014-ranks-651-700,top1000_55
1359090,n,,nop,0,NA,NA,NA,0,0,0,1,0,n,multi,False,g,Tactical multiplayer FPS without story lead.,steam-v005-top1000-55-chunk-00014-ranks-651-700,top1000_55
299740,n,,nop,0,NA,NA,NA,0,0,0,2,0,n,nop,False,g,"Online survival sandbox, weak avatar.",steam-v005-top1000-55-chunk-00014-ranks-651-700,top1000_55
637090,y,mercenary commander,cbd,2,RUL,HER,REB,2,2,1,3,2,m,none,True,g,Custom commander leads mercenary mech company.,steam-v005-top1000-55-chunk-00014-ranks-651-700,top1000_55
394510,u,Helldiver,frs,1,HER,JES,REB,2,1,1,2,1,m,multi,True,g,"Satirical expendable soldiers, weak individual lead.",steam-v005-top1000-55-chunk-00014-ranks-651-700,top1000_55
1336490,n,,sys,0,NA,NA,NA,0,0,0,1,0,n,sys,False,g,Roguelite city builder as royal viceroy.,steam-v005-top1000-55-chunk-00014-ranks-651-700,top1000_55
2322010,y,Kratos and Atreus,fdu,3,HER,CAR,EXP,3,3,2,1,3,y,none,False,g,Father and son confront fate and war.,steam-v005-top1000-55-chunk-00014-ranks-651-700,top1000_55
42910,y,wizard,frs,2,MAG,JES,HER,2,2,0,2,1,m,none,False,g,Chaotic robed wizard comedy adventure.,steam-v005-top1000-55-chunk-00014-ranks-651-700,top1000_55
1366800,n,,nop,0,NA,NA,NA,0,0,0,0,0,n,other,False,g,"Utility software, not protagonist fiction.",steam-v005-top1000-55-chunk-00014-ranks-651-700,top1000_55
225840,n,,nop,0,NA,NA,NA,0,0,0,1,0,n,multi,False,g,Co-op mod with no single lead.,steam-v005-top1000-55-chunk-00014-ranks-651-700,top1000_55
942970,y,acoustic detective,frs,2,SAG,EXP,EVE,3,2,0,2,2,y,none,False,g,Listener reconstructs crimes through audio evidence.,steam-v005-top1000-55-chunk-00014-ranks-651-700,top1000_55
427410,y,GATE scientist,cbd,2,SAG,EXP,EVE,2,2,0,3,2,m,none,False,g,Custom scientist survives paranormal facility disaster.,steam-v005-top1000-55-chunk-00014-ranks-651-700,top1000_55
1144400,y,Masaomi Arichi,fns,3,LOV,EVE,HER,2,2,0,2,2,y,none,False,g,Romance VN protagonist tied to sacred sword.,steam-v005-top1000-55-chunk-00014-ranks-651-700,top1000_55
393420,n,,nop,0,NA,NA,NA,0,0,0,2,0,n,nop,False,g,"Survival sandbox, no narrative main character.",steam-v005-top1000-55-chunk-00014-ranks-651-700,top1000_55
1449690,y,Telltale survivors,fen,3,CAR,EVE,HER,3,3,2,1,3,y,none,False,g,Series ensemble led by Lee and Clementine.,steam-v005-top1000-55-chunk-00014-ranks-651-700,top1000_55
1268750,u,Federation trooper,pav,1,HER,EVE,UNC,1,1,1,3,1,m,multi,True,g,Co-op generic Mobile Infantry soldier.,steam-v005-top1000-55-chunk-00015-ranks-701-750,top1000_55
280790,n,,nop,3,NA,NA,NA,3,0,0,3,0,n,nop,False,g,Sandbox avatar without defined narrative.,steam-v005-top1000-55-chunk-00015-ranks-701-750,top1000_55
2208920,y,Eivor Varinsdottir,cbd,3,HER,REB,RUL,3,3,1,2,3,y,none,False,g,Defined Viking raider and clan leader.,steam-v005-top1000-55-chunk-00015-ranks-701-750,top1000_55
41700,y,Alexander Degtyarev,fns,3,SAG,EXP,HER,3,3,1,1,2,y,none,False,g,Major investigating Zone helicopter crashes.,steam-v005-top1000-55-chunk-00015-ranks-701-750,top1000_55
7670,y,Jack,sfx,3,EVE,EXP,SHA,3,3,2,2,3,y,none,False,g,Silent outsider discovers manipulated identity.,steam-v005-top1000-55-chunk-00015-ranks-701-750,top1000_55
1876890,y,Yuwen Yi,fns,3,EXP,HER,INN,2,3,0,1,2,y,none,False,g,Young swordsman grows through wuxia journey.,steam-v005-top1000-55-chunk-00015-ranks-701-750,top1000_55
209160,y,Logan Walker,sfx,3,HER,CAR,EVE,3,2,1,2,2,y,none,False,g,Silent soldier protecting family and nation.,steam-v005-top1000-55-chunk-00015-ranks-701-750,top1000_55
460920,n,,spr,3,NA,NA,NA,3,0,0,2,0,n,spr,False,g,"Extreme sports sandbox, no protagonist.",steam-v005-top1000-55-chunk-00015-ranks-701-750,top1000_55
1254120,n,,nop,2,NA,NA,NA,3,0,0,3,1,n,multi,False,g,MMO avatar lacks clear protagonist.,steam-v005-top1000-55-chunk-00015-ranks-701-750,top1000_55
2186680,y,Rogue Trader,cbd,3,RUL,EXP,SHA,3,3,2,3,3,y,none,False,g,Custom Lord Captain commands void dynasty.,steam-v005-top1000-55-chunk-00015-ranks-701-750,top1000_55
1874880,n,,sim,3,NA,NA,NA,3,0,0,3,0,n,sim,False,g,"Military sandbox platform, no narrative lead.",steam-v005-top1000-55-chunk-00015-ranks-701-750,top1000_55
237930,y,Red,fns,3,CRE,LOV,HER,3,3,1,1,3,y,none,False,g,Singer fights with lover's talking sword.,steam-v005-top1000-55-chunk-00015-ranks-701-750,top1000_55
1703340,y,Stanley,fns,3,EVE,REB,INN,3,3,1,2,3,y,none,False,g,Ordinary office worker defies narration.,steam-v005-top1000-55-chunk-00015-ranks-701-750,top1000_55
413410,y,Makoto Naegi,fns,3,SAG,INN,EVE,3,3,0,1,3,y,none,False,g,Hopeful student investigates killing game.,steam-v005-top1000-55-chunk-00015-ranks-701-750,top1000_55
55150,y,Captain Titus,fns,3,HER,CAR,RUL,3,3,1,0,2,y,none,False,g,Ultramarine captain defends Forge World.,steam-v005-top1000-55-chunk-00015-ranks-701-750,top1000_55
427730,n,,nop,3,NA,NA,NA,3,0,0,2,0,n,multi,False,g,"Asymmetric comedy roles, no stable protagonist.",steam-v005-top1000-55-chunk-00015-ranks-701-750,top1000_55
268050,y,Sebastian Castellanos,fns,3,SAG,HER,SHA,3,3,2,1,3,y,none,False,g,Detective survives psychological horror nightmare.,steam-v005-top1000-55-chunk-00015-ranks-701-750,top1000_55
517630,y,Rico Rodriguez,fns,3,REB,HER,JES,3,3,1,1,2,y,none,False,g,Chaotic revolutionary topples dictatorship.,steam-v005-top1000-55-chunk-00015-ranks-701-750,top1000_55
2273430,n,,nop,2,NA,NA,NA,3,0,1,2,1,n,nop,True,g,Roster roguelite lacks single narrative lead.,steam-v005-top1000-55-chunk-00015-ranks-701-750,top1000_55
1030830,y,Vito Scaletta,fns,3,SHA,REB,EVE,3,3,3,1,3,y,none,False,g,Immigrant veteran becomes mob antihero.,steam-v005-top1000-55-chunk-00015-ranks-701-750,top1000_55
1189630,y,Wuxia student,cbd,2,HER,EXP,INN,2,2,0,3,2,m,none,True,g,Custom martial student in academy story.,steam-v005-top1000-55-chunk-00015-ranks-701-750,top1000_55
738060,u,Pizzeria manager,unc,1,UNC,UNC,UNC,1,1,2,2,3,m,unk,True,g,Lore identity ambiguous behind management frame.,steam-v005-top1000-55-chunk-00015-ranks-701-750,top1000_55
493490,n,,sim,3,NA,NA,NA,3,0,0,2,0,n,sim,False,g,Driving simulator with no narrative protagonist.,steam-v005-top1000-55-chunk-00015-ranks-701-750,top1000_55
2378900,y,Andy and Leyley,fdu,3,SHA,LOV,REB,3,3,3,0,3,y,none,False,g,Codependent siblings descend into crime.,steam-v005-top1000-55-chunk-00015-ranks-701-750,top1000_55
1049410,y,Dream therapy patient,frs,2,EXP,SAG,INN,2,2,0,3,2,m,none,False,g,Anonymous patient navigates perception therapy.,steam-v005-top1000-55-chunk-00015-ranks-701-750,top1000_55
905370,n,,nop,2,NA,NA,NA,3,0,0,3,1,n,multi,False,g,"MMO warlord avatar, no defined protagonist.",steam-v005-top1000-55-chunk-00015-ranks-701-750,top1000_55
625960,u,Mercenary adventurer,pav,1,EVE,HER,EXP,1,1,2,3,1,m,unk,True,g,Roguelike mercenary role weakly defined.,steam-v005-top1000-55-chunk-00015-ranks-701-750,top1000_55
582500,y,Two explorers,fdu,2,EXP,SAG,EVE,2,2,0,3,1,m,multi,False,g,Co-op explorers solve castle puzzles.,steam-v005-top1000-55-chunk-00015-ranks-701-750,top1000_55
220440,y,Dante,fns,3,REB,HER,SHA,3,3,2,1,2,y,none,False,g,Demon-hunting punk rebels against oppression.,steam-v005-top1000-55-chunk-00015-ranks-701-750,top1000_55
1392820,y,Unnamed girl,frs,3,INN,SHA,EVE,3,3,2,1,2,y,none,False,g,Vulnerable girl struggles with perception.,steam-v005-top1000-55-chunk-00015-ranks-701-750,top1000_55
2475490,y,Jimmy,fns,3,SHA,EVE,SAG,3,3,3,1,3,y,none,False,g,Unreliable crewman in psychological horror.,steam-v005-top1000-55-chunk-00015-ranks-701-750,top1000_55
1190000,n,,sim,3,NA,NA,NA,3,0,0,2,0,n,sim,False,g,"Mechanic simulator, no narrative protagonist.",steam-v005-top1000-55-chunk-00015-ranks-701-750,top1000_55
569480,n,,sys,3,NA,NA,NA,3,0,0,1,0,n,sys,False,g,City-building kingdom management role.,steam-v005-top1000-55-chunk-00015-ranks-701-750,top1000_55
1659420,y,Nathan and Chloe,fen,3,EXP,HER,REB,3,2,1,1,3,y,multi,False,g,Collection spans multiple treasure-hunting leads.,steam-v005-top1000-55-chunk-00015-ranks-701-750,top1000_55
368500,y,Jacob and Evie Frye,fdu,3,REB,HER,SAG,3,3,1,1,3,y,none,False,g,Twin Assassins liberate industrial London.,steam-v005-top1000-55-chunk-00015-ranks-701-750,top1000_55
248820,n,,nop,3,NA,NA,NA,3,0,1,2,0,n,nop,False,g,"Selectable survivors, minimal protagonist narrative.",steam-v005-top1000-55-chunk-00015-ranks-701-750,top1000_55
337320,n,,nop,3,NA,NA,NA,3,0,2,2,0,n,nop,False,g,Scenario brawler lacks defined lead.,steam-v005-top1000-55-chunk-00015-ranks-701-750,top1000_55
954850,n,,sim,3,NA,NA,NA,3,0,0,1,0,n,sim,False,g,"Space program simulator, systemic control.",steam-v005-top1000-55-chunk-00015-ranks-701-750,top1000_55
1284410,n,,nop,3,NA,NA,NA,3,0,0,1,0,n,nop,False,g,"Competitive card game, no protagonist.",steam-v005-top1000-55-chunk-00015-ranks-701-750,top1000_55
1527950,n,,sys,2,NA,NA,NA,3,0,1,2,1,n,sys,False,g,Player manages mercenary company.,steam-v005-top1000-55-chunk-00015-ranks-701-750,top1000_55
622650,y,Henry Stein,fns,3,SAG,EXP,CRE,3,3,1,2,2,y,none,False,g,Animator investigates corrupted studio.,steam-v005-top1000-55-chunk-00015-ranks-701-750,top1000_55
488790,y,The New Kid,cbd,3,JES,HER,REB,3,3,1,3,2,y,none,False,g,Custom child superhero in satire.,steam-v005-top1000-55-chunk-00015-ranks-701-750,top1000_55
12110,y,Tommy Vercetti,fns,3,REB,SHA,RUL,3,3,3,1,2,y,none,False,g,Mobster rises to criminal ruler.,steam-v005-top1000-55-chunk-00015-ranks-701-750,top1000_55
1252330,y,Colt Vahn,fns,3,REB,SAG,SHA,3,3,2,1,3,y,none,False,g,Amnesiac assassin breaks time loop.,steam-v005-top1000-55-chunk-00015-ranks-701-750,top1000_55
960170,n,,nop,3,NA,NA,NA,3,0,0,1,0,n,nop,False,g,Rhythm game without narrative lead.,steam-v005-top1000-55-chunk-00015-ranks-701-750,top1000_55
444640,n,,sys,3,NA,NA,NA,3,0,0,1,0,n,sys,False,g,"Tower defense battles, systemic player role.",steam-v005-top1000-55-chunk-00015-ranks-701-750,top1000_55
373420,y,Source Hunters,cbd,3,SAG,HER,MAG,3,3,1,3,3,y,none,False,g,Custom investigators hunt dangerous magic.,steam-v005-top1000-55-chunk-00015-ranks-701-750,top1000_55
1262580,y,"Tyler, Mac, Jess",fen,3,REB,HER,EVE,2,2,1,1,2,y,spr,False,g,Racing crew seeks revenge.,steam-v005-top1000-55-chunk-00015-ranks-701-750,top1000_55
2218750,n,,nop,2,NA,NA,NA,3,0,1,2,0,n,nop,False,g,"Selectable heroes, minimal narrative identity.",steam-v005-top1000-55-chunk-00015-ranks-701-750,top1000_55
653530,y,Insurance investigator,frs,3,SAG,EXP,EVE,3,3,0,2,3,y,none,False,g,Investigator reconstructs shipboard deaths.,steam-v005-top1000-55-chunk-00015-ranks-701-750,top1000_55
571740,n,Golf It!,spr,3,NA,NA,NA,3,0,0,0,0,n,spr,False,g,Mini-golf sports role only,steam-v005-top1000-55-chunk-00016-ranks-751-800,top1000_55
288160,y,The Room,pav,2,SAG,EXP,MAG,2,2,1,3,2,m,none,True,g,Implied occult puzzle investigator,steam-v005-top1000-55-chunk-00016-ranks-751-800,top1000_55
460790,y,Bayonetta,fns,3,HER,MAG,JES,3,3,1,0,3,y,none,False,g,Named witch action heroine,steam-v005-top1000-55-chunk-00016-ranks-751-800,top1000_55
278360,y,A Story About My Uncle,frs,3,EXP,INN,LOV,3,3,0,1,2,y,none,False,g,Boy seeks missing uncle,steam-v005-top1000-55-chunk-00016-ranks-751-800,top1000_55
601430,y,The Evil Within 2,fns,3,CAR,HER,SHA,3,3,2,0,3,y,none,False,g,Sebastian rescues daughter through horror,steam-v005-top1000-55-chunk-00016-ranks-751-800,top1000_55
1809540,y,Nine Sols,nfx,3,SHA,HER,EXP,3,3,2,0,3,y,none,False,g,Yi's vengeance becomes redemption,steam-v005-top1000-55-chunk-00016-ranks-751-800,top1000_55
287290,y,Resident Evil Revelations 2,fen,3,HER,CAR,EVE,3,3,1,0,3,y,multi,False,g,Four survivor protagonists across episodes,steam-v005-top1000-55-chunk-00016-ranks-751-800,top1000_55
975370,n,Dwarf Fortress,sys,3,NA,NA,NA,3,0,0,0,1,n,sys,False,g,Fortress civilization simulation,steam-v005-top1000-55-chunk-00016-ranks-751-800,top1000_55
1509960,n,PICO PARK,nop,3,NA,NA,NA,3,0,0,0,0,n,nop,False,g,Co-op puzzle cats lack narrative,steam-v005-top1000-55-chunk-00016-ranks-751-800,top1000_55
104900,n,ORION: Prelude,nop,3,NA,NA,NA,3,0,0,1,0,n,multi,False,g,Generic multiplayer dinosaur shooter,steam-v005-top1000-55-chunk-00016-ranks-751-800,top1000_55
794260,y,Outward Definitive Edition,cbd,2,EVE,EXP,HER,2,2,0,3,2,m,none,False,g,Custom ordinary adventurer survives abroad,steam-v005-top1000-55-chunk-00016-ranks-751-800,top1000_55
47810,y,Dragon Age: Origins - Ultimate Edition,cbd,3,HER,RUL,EXP,3,3,1,2,3,y,none,False,g,Custom Grey Warden saves Ferelden,steam-v005-top1000-55-chunk-00016-ranks-751-800,top1000_55
292730,y,Call of Duty: Infinite Warfare,fns,3,RUL,HER,CAR,3,3,1,0,2,y,none,False,g,Reyes bears command burden,steam-v005-top1000-55-chunk-00016-ranks-751-800,top1000_55
1189490,y,觅长生,cbd,2,EXP,MAG,SAG,2,2,0,3,2,m,none,True,m,Custom cultivator seeks immortality,steam-v005-top1000-55-chunk-00016-ranks-751-800,top1000_55
1584090,y,Touhou Mystia's Izakaya,fns,3,CAR,CRE,LOV,3,3,0,0,2,y,none,False,g,Mystia cooks and restores bonds,steam-v005-top1000-55-chunk-00016-ranks-751-800,top1000_55
282800,n,100% Orange Juice,nop,3,NA,NA,NA,3,0,0,0,0,n,multi,False,g,Crossover board game cast,steam-v005-top1000-55-chunk-00016-ranks-751-800,top1000_55
24010,n,Train Simulator Classic,sim,3,NA,NA,NA,3,0,0,0,0,n,sim,False,g,Train operation simulator,steam-v005-top1000-55-chunk-00016-ranks-751-800,top1000_55
2051620,n,Enlisted: Reinforced,nop,3,NA,NA,NA,3,0,0,1,0,n,multi,False,g,Multiplayer squad warfare,steam-v005-top1000-55-chunk-00016-ranks-751-800,top1000_55
474960,y,Quantum Break,fns,3,HER,MAG,EXP,3,3,1,0,3,y,none,False,g,Jack Joyce controls fractured time,steam-v005-top1000-55-chunk-00016-ranks-751-800,top1000_55
238010,y,Deus Ex: Human Revolution - Director's Cut,fns,3,SAG,SHA,HER,3,3,2,1,3,y,none,False,g,Adam Jensen investigates augmentation conspiracy,steam-v005-top1000-55-chunk-00016-ranks-751-800,top1000_55
655500,n,MX Bikes,spr,3,NA,NA,NA,3,0,0,0,0,n,spr,False,g,Motorcycle racing simulation,steam-v005-top1000-55-chunk-00016-ranks-751-800,top1000_55
585420,n,Trailmakers,sim,3,NA,NA,NA,3,0,0,1,0,n,sim,False,g,Vehicle-building sandbox,steam-v005-top1000-55-chunk-00016-ranks-751-800,top1000_55
960990,y,Beyond: Two Souls,fns,3,EVE,MAG,EXP,3,3,1,0,3,y,none,False,g,Jodie outsider bound to entity,steam-v005-top1000-55-chunk-00016-ranks-751-800,top1000_55
39140,y,FINAL FANTASY VII,fns,3,HER,SHA,EXP,3,3,2,0,3,y,none,False,g,Cloud's identity and hero journey,steam-v005-top1000-55-chunk-00016-ranks-751-800,top1000_55
668630,y,Tricolour Lovestory,frs,2,LOV,EVE,INN,2,2,0,2,2,m,none,True,m,School romance visual novel lead,steam-v005-top1000-55-chunk-00016-ranks-751-800,top1000_55
1337520,n,Risk of Rain Returns,nop,3,NA,NA,NA,3,0,0,1,1,n,multi,False,g,"Selectable survivors, no main protagonist",steam-v005-top1000-55-chunk-00016-ranks-751-800,top1000_55
475550,y,Beholder,fns,3,SHA,CAR,RUL,3,3,3,1,3,y,none,False,g,Carl surveils tenants for family,steam-v005-top1000-55-chunk-00016-ranks-751-800,top1000_55
1966900,n,20 Minutes Till Dawn,nop,3,NA,NA,NA,3,0,0,1,0,n,multi,False,g,Arcade roguelite selectable characters,steam-v005-top1000-55-chunk-00016-ranks-751-800,top1000_55
41070,y,Serious Sam 3: BFE,fns,3,HER,JES,SHA,3,3,1,0,1,y,none,False,g,Sam's brash alien slaughter,steam-v005-top1000-55-chunk-00016-ranks-751-800,top1000_55
1448440,y,Wo Long: Fallen Dynasty,cbd,3,HER,EXP,REB,2,2,1,2,2,m,none,False,g,Custom militia hero in chaos,steam-v005-top1000-55-chunk-00016-ranks-751-800,top1000_55
335240,n,Transformice,nop,3,NA,NA,NA,3,0,0,1,0,n,multi,False,g,Multiplayer mice platforming,steam-v005-top1000-55-chunk-00016-ranks-751-800,top1000_55
17470,y,Dead Space (2008),fns,3,EVE,HER,LOV,3,3,1,0,3,y,none,False,g,Engineer survives to find Nicole,steam-v005-top1000-55-chunk-00016-ranks-751-800,top1000_55
1066780,n,Transport Fever 2,sim,3,NA,NA,NA,3,0,0,0,0,n,sim,False,g,Transport network management,steam-v005-top1000-55-chunk-00016-ranks-751-800,top1000_55
1455840,n,Dorfromantik,sys,3,NA,NA,NA,3,0,0,0,0,n,sys,False,g,Abstract landscape tile system,steam-v005-top1000-55-chunk-00016-ranks-751-800,top1000_55
1388880,u,Doki Doki Literature Club Plus!,unc,1,UNC,UNC,UNC,1,1,2,2,3,m,info,True,g,Meta VN complicates protagonist identity,steam-v005-top1000-55-chunk-00016-ranks-751-800,top1000_55
557340,y,My Friend Pedro,sfx,3,SHA,JES,HER,3,3,2,1,2,y,none,False,g,Silent gunman follows chaotic banana,steam-v005-top1000-55-chunk-00016-ranks-751-800,top1000_55
230290,n,Universe Sandbox,sim,3,NA,NA,NA,3,0,0,0,0,n,sim,False,g,Cosmic physics sandbox,steam-v005-top1000-55-chunk-00016-ranks-751-800,top1000_55
339800,y,HuniePop,pav,2,LOV,JES,EVE,2,1,0,3,1,m,none,True,g,Dating sim player avatar,steam-v005-top1000-55-chunk-00016-ranks-751-800,top1000_55
953490,y,CARRION,nfx,3,SHA,REB,MAG,3,3,3,0,2,y,none,False,g,Escaped monster consumes captors,steam-v005-top1000-55-chunk-00016-ranks-751-800,top1000_55
418500,n,Rising Storm 2: Vietnam,nop,3,NA,NA,NA,3,0,0,1,0,n,multi,False,g,Multiplayer historical shooter,steam-v005-top1000-55-chunk-00016-ranks-751-800,top1000_55
1124300,n,HUMANKIND,sys,3,NA,NA,NA,3,0,0,0,1,n,sys,False,g,Civilization-scale strategy role,steam-v005-top1000-55-chunk-00016-ranks-751-800,top1000_55
324800,y,Shadow Warrior 2,fns,3,JES,HER,SHA,3,3,2,0,2,y,none,False,g,Lo Wang wisecracking demon slayer,steam-v005-top1000-55-chunk-00016-ranks-751-800,top1000_55
459820,y,Crush Crush,pav,2,LOV,JES,EVE,2,1,0,3,1,m,none,True,g,Idle dating avatar,steam-v005-top1000-55-chunk-00016-ranks-751-800,top1000_55
492720,n,Tropico 6,sys,3,NA,NA,NA,3,0,0,1,1,n,sys,False,g,Island dictatorship management,steam-v005-top1000-55-chunk-00016-ranks-751-800,top1000_55
2369390,y,Far Cry 6,cbd,3,REB,HER,EVE,3,3,1,1,3,y,none,False,g,Dani joins guerrilla revolution,steam-v005-top1000-55-chunk-00016-ranks-751-800,top1000_55
238090,y,Sniper Elite 3,fns,3,HER,SAG,EVE,3,2,1,0,1,y,none,False,g,Karl Fairburne tactical sniper,steam-v005-top1000-55-chunk-00016-ranks-751-800,top1000_55
1222730,y,STAR WARS: Squadrons,cbd,2,HER,RUL,REB,2,2,1,2,2,m,multi,True,g,Custom pilots on both sides,steam-v005-top1000-55-chunk-00016-ranks-751-800,top1000_55
1718570,y,ASTLIBRA Revision,frs,2,EXP,HER,LOV,2,3,1,1,3,y,none,False,g,Hero searches for childhood friend,steam-v005-top1000-55-chunk-00016-ranks-751-800,top1000_55
1211020,n,Wobbly Life,nop,3,NA,NA,NA,3,0,0,2,0,n,nop,False,g,"Open sandbox avatar, no narrative",steam-v005-top1000-55-chunk-00016-ranks-751-800,top1000_55
553640,y,ICEY,fns,3,HER,SHA,SAG,3,3,2,0,3,y,none,False,g,ICEY resists narrated reality,steam-v005-top1000-55-chunk-00016-ranks-751-800,top1000_55
333600,y,NEKOPARA Vol. 1,fns,3,LOV,CRE,CAR,2,2,0,1,2,y,none,False,g,Kashou romance VN protagonist,steam-v005-top1000-55-chunk-00017-ranks-801-850,top1000_55
774801,n,Crab Champions,nop,3,NA,NA,NA,0,0,0,0,0,n,nop,False,g,Arcade crab combat no narrative lead,steam-v005-top1000-55-chunk-00017-ranks-801-850,top1000_55
744900,y,Dead Frontier 2,pav,2,EVE,HER,EXP,1,1,1,3,1,m,multi,True,g,MMO zombie survivor avatar,steam-v005-top1000-55-chunk-00017-ranks-801-850,top1000_55
304240,y,Resident Evil,fdu,3,HER,SAG,EVE,3,3,0,1,2,y,none,False,g,Jill or Chris survival investigation,steam-v005-top1000-55-chunk-00017-ranks-801-850,top1000_55
1408720,n,Krunker,nop,3,NA,NA,NA,0,0,0,0,0,n,multi,False,g,Multiplayer arena shooter,steam-v005-top1000-55-chunk-00017-ranks-801-850,top1000_55
204300,n,Awesomenauts,nop,3,NA,NA,NA,0,0,0,0,0,n,multi,False,g,MOBA roster no main protagonist,steam-v005-top1000-55-chunk-00017-ranks-801-850,top1000_55
1520470,n,封灵档案,nop,2,NA,NA,NA,0,0,0,0,0,n,multi,True,m,Asymmetric multiplayer horror roles,steam-v005-top1000-55-chunk-00017-ranks-801-850,top1000_55
409720,y,BioShock 2 Remastered,nfx,3,CAR,HER,SHA,3,3,2,1,3,y,none,False,g,Subject Delta protects Eleanor,steam-v005-top1000-55-chunk-00017-ranks-801-850,top1000_55
391720,y,Layers of Fear (2016),frs,3,CRE,SHA,SAG,3,3,3,1,3,y,none,False,g,Obsessed painter haunted by guilt,steam-v005-top1000-55-chunk-00017-ranks-801-850,top1000_55
413420,y,Danganronpa 2: Goodbye Despair,fns,3,SAG,EVE,EXP,3,3,1,1,3,y,none,False,g,Hajime investigates killing game identity,steam-v005-top1000-55-chunk-00017-ranks-801-850,top1000_55
767560,n,War Robots,nop,3,NA,NA,NA,0,0,0,0,0,n,multi,False,g,Robot battles no character lead,steam-v005-top1000-55-chunk-00017-ranks-801-850,top1000_55
464920,n,Surviving Mars,sys,3,NA,NA,NA,0,0,0,0,0,n,sys,False,g,Colony management system role,steam-v005-top1000-55-chunk-00017-ranks-801-850,top1000_55
80,n,Counter-Strike: Condition Zero,nop,3,NA,NA,NA,0,0,0,0,0,n,multi,False,g,Tactical shooter missions no stable lead,steam-v005-top1000-55-chunk-00017-ranks-801-850,top1000_55
859580,n,Imperator: Rome,sys,3,NA,NA,NA,0,0,0,0,0,n,sys,False,g,Grand strategy nation control,steam-v005-top1000-55-chunk-00017-ranks-801-850,top1000_55
22320,y,The Elder Scrolls III: Morrowind Game of the Year Edition,cbd,3,EXP,HER,MAG,3,3,1,3,3,y,none,False,g,Custom Nerevarine destiny quest,steam-v005-top1000-55-chunk-00017-ranks-801-850,top1000_55
1084600,y,My Time at Sandrock,cbd,3,CRE,CAR,EXP,3,3,0,3,2,y,none,False,g,Custom builder restores community,steam-v005-top1000-55-chunk-00017-ranks-801-850,top1000_55
996470,n,eFootball PES 2020,spr,3,NA,NA,NA,0,0,0,0,0,n,spr,False,g,Sports team control,steam-v005-top1000-55-chunk-00017-ranks-801-850,top1000_55
249130,y,LEGO Marvel Super Heroes,fen,3,HER,JES,CAR,2,2,0,1,1,y,multi,False,g,Marvel hero ensemble comedy,steam-v005-top1000-55-chunk-00017-ranks-801-850,top1000_55
1262350,y,SIGNALIS,nfx,3,LOV,EXP,SHA,3,3,2,1,3,y,none,False,g,Elster searches for Ariane,steam-v005-top1000-55-chunk-00017-ranks-801-850,top1000_55
233130,y,Shadow Warrior,fns,3,HER,JES,REB,3,3,1,1,2,y,none,False,g,Lo Wang wisecracking demon fighter,steam-v005-top1000-55-chunk-00017-ranks-801-850,top1000_55
2532550,y,LIZARDS MUST DIE,fen,2,HER,REB,SHA,2,1,1,1,0,m,other,True,m,Meme action Slavic warriors,steam-v005-top1000-55-chunk-00017-ranks-801-850,top1000_55
584400,y,Sonic Mania,fen,3,HER,EXP,JES,2,2,0,1,1,y,none,False,g,Sonic team stops Eggman,steam-v005-top1000-55-chunk-00017-ranks-801-850,top1000_55
384190,y,ABZU,sfx,3,EXP,INN,MAG,2,3,0,2,2,y,none,False,g,Silent diver explores ocean mystery,steam-v005-top1000-55-chunk-00017-ranks-801-850,top1000_55
699130,u,World War Z,fen,1,EVE,HER,CAR,1,1,1,2,1,m,multi,True,g,"Episodic survivor squads, weak focus",steam-v005-top1000-55-chunk-00017-ranks-801-850,top1000_55
578650,y,The Outer Worlds,cbd,3,EXP,REB,HER,3,3,1,3,3,y,none,False,g,Custom captain challenges corporate colonies,steam-v005-top1000-55-chunk-00017-ranks-801-850,top1000_55
260230,y,Valiant Hearts: The Great War / Soldats Inconnus : Mémoires de la Grande Guerre,fen,3,EVE,CAR,HER,3,3,1,1,3,y,none,False,g,Civilian soldiers endure World War I,steam-v005-top1000-55-chunk-00017-ranks-801-850,top1000_55
47780,y,Dead Space 2,fns,3,EVE,HER,SHA,3,3,2,1,3,y,none,False,g,Isaac survives trauma and outbreak,steam-v005-top1000-55-chunk-00017-ranks-801-850,top1000_55
420290,n,Blackwake,nop,3,NA,NA,NA,0,0,0,0,0,n,multi,False,g,Multiplayer naval combat roles,steam-v005-top1000-55-chunk-00017-ranks-801-850,top1000_55
1180380,y,Stay Out,pav,2,EXP,EVE,HER,1,1,1,3,1,m,multi,True,m,Stalker MMO avatar survives Zone,steam-v005-top1000-55-chunk-00017-ranks-801-850,top1000_55
209170,y,Call of Duty: Ghosts,fns,2,HER,CAR,SHA,2,2,1,1,2,y,none,False,g,Logan fights with family squad,steam-v005-top1000-55-chunk-00017-ranks-801-850,top1000_55
1692250,n,F1 22,spr,3,NA,NA,NA,0,0,0,0,0,n,spr,False,g,Racing sports driver role,steam-v005-top1000-55-chunk-00017-ranks-801-850,top1000_55
736190,y,Chinese Parents,pav,2,INN,EVE,EXP,2,2,0,3,2,m,sim,True,g,Child life sim avatar,steam-v005-top1000-55-chunk-00017-ranks-801-850,top1000_55
314160,n,Microsoft Flight Simulator X: Steam Edition,sim,3,NA,NA,NA,0,0,0,0,0,n,sim,False,g,Flight simulation no protagonist,steam-v005-top1000-55-chunk-00017-ranks-801-850,top1000_55
50,y,Half-Life: Opposing Force,sfx,3,HER,EVE,SAG,2,3,0,2,2,y,none,False,g,Adrian Shephard silent marine survivor,steam-v005-top1000-55-chunk-00017-ranks-801-850,top1000_55
302830,n,BLOCKADE 3D,nop,3,NA,NA,NA,0,0,0,0,0,n,multi,False,g,Voxel multiplayer shooter sandbox,steam-v005-top1000-55-chunk-00017-ranks-801-850,top1000_55
1113560,y,NieR Replicant ver.1.22474487139...,fns,3,CAR,HER,SHA,3,3,2,1,3,y,none,False,g,Brother seeks cure for Yonah,steam-v005-top1000-55-chunk-00017-ranks-801-850,top1000_55
383150,y,Dead Island Definitive Edition,fen,3,EVE,HER,SHA,2,2,1,2,1,y,multi,False,g,Selectable immune survivor ensemble,steam-v005-top1000-55-chunk-00017-ranks-801-850,top1000_55
213610,y,Sonic Adventure 2,fen,3,HER,SHA,REB,2,2,2,1,2,y,none,False,g,Hero and dark character ensemble,steam-v005-top1000-55-chunk-00017-ranks-801-850,top1000_55
355840,n,Survarium,nop,3,NA,NA,NA,0,0,0,0,0,n,multi,False,g,Online shooter no main character,steam-v005-top1000-55-chunk-00017-ranks-801-850,top1000_55
226700,n,Infestation: Survivor Stories 2020,nop,2,NA,NA,NA,0,0,0,0,0,n,multi,True,g,Survival MMO lacks narrative lead,steam-v005-top1000-55-chunk-00017-ranks-801-850,top1000_55
34030,n,Total War: NAPOLEON – Definitive Edition,sys,3,NA,NA,NA,0,0,0,0,0,n,sys,False,g,Strategy faction and armies,steam-v005-top1000-55-chunk-00017-ranks-801-850,top1000_55
1343400,y,RuneScape,cbd,2,EXP,HER,SAG,2,2,1,3,3,m,multi,True,g,MMO adventurer becomes quest hero,steam-v005-top1000-55-chunk-00017-ranks-801-850,top1000_55
1468260,n,Leaf Blower Revolution - Idle Game,sim,3,NA,NA,NA,0,0,0,0,0,n,sim,False,g,Idle progression no protagonist,steam-v005-top1000-55-chunk-00017-ranks-801-850,top1000_55
71340,y,Sonic Generations Collection,fdu,3,HER,EXP,JES,2,2,0,1,1,y,none,False,g,Classic and modern Sonic duo,steam-v005-top1000-55-chunk-00017-ranks-801-850,top1000_55
63380,y,Sniper Elite V2,fns,3,HER,SAG,SHA,2,2,1,1,1,y,none,False,g,Karl Fairburne wartime sniper,steam-v005-top1000-55-chunk-00017-ranks-801-850,top1000_55
1106840,n,Hydroneer,sim,3,NA,NA,NA,0,0,0,0,0,n,sim,False,g,Mining sandbox sim avatar,steam-v005-top1000-55-chunk-00017-ranks-801-850,top1000_55
247080,y,Crypt of the NecroDancer,fns,3,EXP,HER,CRE,2,2,0,1,2,y,none,False,g,Cadence descends through musical crypt,steam-v005-top1000-55-chunk-00017-ranks-801-850,top1000_55
365450,y,Hacknet,frs,3,SAG,REB,EXP,3,3,1,3,2,y,none,False,g,Player hacker uncovers Bit mystery,steam-v005-top1000-55-chunk-00017-ranks-801-850,top1000_55
589290,n,Holdfast: Nations At War,nop,3,NA,NA,NA,0,0,0,0,0,n,multi,False,g,Multiplayer historical battle roles,steam-v005-top1000-55-chunk-00017-ranks-801-850,top1000_55
916440,n,Anno 1800,sys,3,NA,NA,NA,0,0,0,0,0,n,sys,False,g,City and trade empire management,steam-v005-top1000-55-chunk-00017-ranks-801-850,top1000_55
7940,y,Soap/Jackson/Price,fen,2,HER,CAR,EVE,2,2,1,2,2,m,multi,False,g,Rotating military campaign protagonists,steam-v005-top1000-55-chunk-00018-ranks-851-900,top1000_55
209650,y,Jack Mitchell,fns,3,HER,REB,EVE,3,3,1,2,2,y,none,False,g,Soldier turns against corrupt power,steam-v005-top1000-55-chunk-00018-ranks-851-900,top1000_55
1149620,n,,sim,3,NA,NA,NA,3,0,0,3,0,n,sim,False,g,Business management simulator,steam-v005-top1000-55-chunk-00018-ranks-851-900,top1000_55
447020,n,,sim,3,NA,NA,NA,3,0,0,3,0,n,sim,False,g,Farm operation simulator,steam-v005-top1000-55-chunk-00018-ranks-851-900,top1000_55
42680,y,Frost/Yuri/Price,fen,2,HER,CAR,SHA,2,2,1,2,2,m,multi,False,g,Multiple soldier viewpoints,steam-v005-top1000-55-chunk-00018-ranks-851-900,top1000_55
2280,y,Doomguy,sfx,3,HER,SHA,REB,3,3,2,2,1,y,none,False,g,Silent demon-slaying marine,steam-v005-top1000-55-chunk-00018-ranks-851-900,top1000_55
34330,n,,sys,3,NA,NA,NA,3,0,0,2,1,n,sys,False,g,Clan and campaign command,steam-v005-top1000-55-chunk-00018-ranks-851-900,top1000_55
993090,n,,nop,3,NA,NA,NA,3,0,0,0,0,n,info,False,g,"Software utility, not narrative game",steam-v005-top1000-55-chunk-00018-ranks-851-900,top1000_55
2531310,y,Ellie/Abby,fdu,3,SHA,REB,LOV,3,3,3,1,3,y,multi,False,g,Dual revenge-trauma protagonists,steam-v005-top1000-55-chunk-00018-ranks-851-900,top1000_55
583950,n,,nop,3,NA,NA,NA,3,0,0,1,0,n,nop,False,g,Competitive card game,steam-v005-top1000-55-chunk-00018-ranks-851-900,top1000_55
1549970,y,Colonial Marine,pav,2,HER,CAR,EVE,2,1,0,3,1,m,multi,False,g,Custom marine in squad shooter,steam-v005-top1000-55-chunk-00018-ranks-851-900,top1000_55
221640,n,,nop,3,NA,NA,NA,3,0,0,0,0,n,nop,False,g,Abstract action game,steam-v005-top1000-55-chunk-00018-ranks-851-900,top1000_55
736220,n,,nop,3,NA,NA,NA,3,0,0,2,0,n,multi,False,g,Multiplayer WWII roles only,steam-v005-top1000-55-chunk-00018-ranks-851-900,top1000_55
291650,y,The Watcher,cbd,3,EXP,SAG,HER,3,3,1,3,3,y,none,False,g,Custom soul-seeking Watcher,steam-v005-top1000-55-chunk-00018-ranks-851-900,top1000_55
1171690,u,Wayfinder,unc,1,UNC,UNC,UNC,1,1,1,2,1,m,unk,True,u,Online hero identity unclear,steam-v005-top1000-55-chunk-00018-ranks-851-900,top1000_55
1062520,n,,sim,3,NA,NA,NA,3,0,0,3,0,n,sim,False,g,Life and town-building sim,steam-v005-top1000-55-chunk-00018-ranks-851-900,top1000_55
729040,y,Vault Hunters,fen,3,REB,HER,SHA,2,2,2,2,2,m,multi,False,g,Selectable ensemble of mercenary hunters,steam-v005-top1000-55-chunk-00018-ranks-851-900,top1000_55
1237320,y,Sonic,nfx,3,HER,EXP,JES,3,3,0,1,2,y,none,False,g,Iconic heroic explorer hedgehog,steam-v005-top1000-55-chunk-00018-ranks-851-900,top1000_55
365360,n,,sys,3,NA,NA,NA,3,0,1,2,1,n,sys,False,g,Mercenary company management,steam-v005-top1000-55-chunk-00018-ranks-851-900,top1000_55
208580,y,Jedi Exile,cbd,3,EXP,SHA,SAG,3,3,2,3,3,y,none,False,g,Exiled Jedi seeks identity and truth,steam-v005-top1000-55-chunk-00018-ranks-851-900,top1000_55
1583320,n,,spr,3,NA,NA,NA,3,0,0,2,0,n,spr,False,m,Online soccer role,steam-v005-top1000-55-chunk-00018-ranks-851-900,top1000_55
19680,y,Alice Liddell,fns,3,SHA,EXP,MAG,3,3,3,1,3,y,none,False,g,Traumatized Alice traverses Wonderland,steam-v005-top1000-55-chunk-00018-ranks-851-900,top1000_55
903950,n,,pav,2,NA,NA,NA,2,0,1,3,0,n,nop,False,g,Survival MMO avatar,steam-v005-top1000-55-chunk-00018-ranks-851-900,top1000_55
682990,y,Eddie,fns,3,REB,SHA,EVE,3,3,3,2,2,y,none,False,g,Criminal antihero dealer,steam-v005-top1000-55-chunk-00018-ranks-851-900,top1000_55
1056640,y,ARKS operative,cbd,2,HER,EXP,MAG,2,2,0,3,2,m,multi,False,g,Custom sci-fi MMO hero,steam-v005-top1000-55-chunk-00018-ranks-851-900,top1000_55
1989270,y,The Long Quiet,frs,3,MAG,LOV,SHA,3,3,2,2,3,y,none,False,g,Metaphysical choice-bound protagonist,steam-v005-top1000-55-chunk-00018-ranks-851-900,top1000_55
1263850,n,,spr,3,NA,NA,NA,3,0,0,2,0,n,spr,False,g,Football club management role,steam-v005-top1000-55-chunk-00018-ranks-851-900,top1000_55
221680,n,,nop,3,NA,NA,NA,3,0,0,0,0,n,info,False,g,Music learning software,steam-v005-top1000-55-chunk-00018-ranks-851-900,top1000_55
392160,n,,pav,2,NA,NA,NA,2,0,0,3,1,n,sys,False,g,Open-ended space sandbox,steam-v005-top1000-55-chunk-00018-ranks-851-900,top1000_55
316010,n,,nop,3,NA,NA,NA,3,0,0,1,0,n,nop,False,g,Digital card battles,steam-v005-top1000-55-chunk-00018-ranks-851-900,top1000_55
400750,n,,sys,3,NA,NA,NA,3,0,0,2,0,n,sys,False,g,WWII tactical command game,steam-v005-top1000-55-chunk-00018-ranks-851-900,top1000_55
32440,y,Star Wars heroes,fen,3,HER,REB,CAR,2,2,1,1,2,m,multi,False,g,Saga-spanning playable ensemble,steam-v005-top1000-55-chunk-00018-ranks-851-900,top1000_55
977400,n,,sys,3,NA,NA,NA,3,0,0,1,0,n,sys,False,g,Evolution clicker system,steam-v005-top1000-55-chunk-00018-ranks-851-900,top1000_55
99900,y,Spiral Knight,pav,2,HER,EXP,CAR,2,1,0,3,1,m,multi,False,g,Custom knight in MMO adventure,steam-v005-top1000-55-chunk-00018-ranks-851-900,top1000_55
211500,n,,spr,3,NA,NA,NA,3,0,0,2,0,n,spr,False,m,Racing simulation,steam-v005-top1000-55-chunk-00018-ranks-851-900,top1000_55
11020,n,,spr,3,NA,NA,NA,3,0,0,2,0,n,spr,False,g,Time-trial racing game,steam-v005-top1000-55-chunk-00018-ranks-851-900,top1000_55
1262540,y,Street racer,pav,2,REB,EXP,EVE,2,1,1,3,1,m,spr,False,g,Silent street-racing avatar,steam-v005-top1000-55-chunk-00018-ranks-851-900,top1000_55
434650,y,Treasure hunter,frs,2,EXP,HER,REB,2,1,1,2,1,m,none,False,g,Generic castle-raiding adventurer,steam-v005-top1000-55-chunk-00018-ranks-851-900,top1000_55
494840,n,,sim,3,NA,NA,NA,3,0,1,2,1,n,sim,False,g,Submarine crew command simulator,steam-v005-top1000-55-chunk-00018-ranks-851-900,top1000_55
519860,y,DuskDude,sfx,3,HER,SHA,REB,3,3,2,2,1,y,none,False,g,Silent cult-fighting shooter hero,steam-v005-top1000-55-chunk-00018-ranks-851-900,top1000_55
1372880,n,,pav,2,NA,NA,NA,2,0,1,3,0,n,unk,True,u,Defunct survival MMO avatar,steam-v005-top1000-55-chunk-00018-ranks-851-900,top1000_55
1240210,y,User,frs,2,JES,EXP,CRE,2,2,0,3,2,m,other,True,g,Meta player-character interaction,steam-v005-top1000-55-chunk-00018-ranks-851-900,top1000_55
285920,n,,pav,2,NA,NA,NA,2,0,0,3,0,n,sim,False,g,Vehicle-building sandbox avatar,steam-v005-top1000-55-chunk-00018-ranks-851-900,top1000_55
1599600,n,,sim,3,NA,NA,NA,3,0,0,2,0,n,sim,False,g,Restaurant management roguelite,steam-v005-top1000-55-chunk-00018-ranks-851-900,top1000_55
1097840,y,Kait Diaz,fns,3,HER,EXP,SHA,3,3,2,1,3,y,none,False,g,Soldier investigates dangerous heritage,steam-v005-top1000-55-chunk-00018-ranks-851-900,top1000_55
239160,y,Garrett,fns,3,REB,SHA,SAG,3,3,3,1,2,y,none,False,g,Master thief antihero,steam-v005-top1000-55-chunk-00018-ranks-851-900,top1000_55
302670,n,,sys,3,NA,NA,NA,3,0,0,2,0,n,sys,False,g,Tactical military command,steam-v005-top1000-55-chunk-00018-ranks-851-900,top1000_55
323850,n,,nop,3,NA,NA,NA,3,0,0,1,0,n,nop,False,g,Party arena game,steam-v005-top1000-55-chunk-00018-ranks-851-900,top1000_55
788100,y,Grim Squad,fen,2,REB,HER,SHA,2,1,2,2,1,m,multi,False,g,Selectable underworld agents,steam-v005-top1000-55-chunk-00018-ranks-851-900,top1000_55
48190,y,Ezio Auditore,fns,3,REB,HER,RUL,3,3,1,1,3,y,none,False,g,Assassin becomes Brotherhood leader,steam-v005-top1000-55-chunk-00018-ranks-851-900,top1000_55
250600,y,the fly,nfx,3,EXP,INN,NA,2,2,0,1,1,y,none,False,g,Short symbolic fly journey.,steam-v005-top1000-55-chunk-00019-ranks-901-950,top1000_55
2252570,n,,spr,0,NA,NA,NA,0,0,0,0,0,n,spr,False,g,Football club management sim.,steam-v005-top1000-55-chunk-00019-ranks-901-950,top1000_55
2515020,y,Clive Rosfield,fns,3,HER,SHA,LOV,3,3,2,1,3,y,none,False,g,Named revenge-driven fantasy hero.,steam-v005-top1000-55-chunk-00019-ranks-901-950,top1000_55
955900,n,,sim,0,NA,NA,NA,0,0,0,0,0,n,sim,False,g,Cultivation sect management sandbox.,steam-v005-top1000-55-chunk-00019-ranks-901-950,top1000_55
979690,y,the Indent,cbd,2,EVE,REB,HER,2,2,1,3,2,y,none,False,g,Custom indent fights corporate arcology.,steam-v005-top1000-55-chunk-00019-ranks-901-950,top1000_55
297000,n,,sys,0,NA,NA,NA,0,0,0,0,0,n,sys,False,g,Faction strategy with many heroes.,steam-v005-top1000-55-chunk-00019-ranks-901-950,top1000_55
2141730,n,,pav,0,NA,NA,NA,0,0,0,2,0,n,multi,False,m,Anonymous co-op escape avatars.,steam-v005-top1000-55-chunk-00019-ranks-901-950,top1000_55
1262560,n,,spr,0,NA,NA,NA,0,0,0,0,0,n,spr,False,g,"Racing game role, no protagonist.",steam-v005-top1000-55-chunk-00019-ranks-901-950,top1000_55
2420110,y,Aloy,fns,3,HER,EXP,CAR,3,3,0,1,3,y,none,False,g,Named seeker-protector heroine.,steam-v005-top1000-55-chunk-00019-ranks-901-950,top1000_55
882100,y,Chimera Squad agents,fen,2,HER,CAR,SAG,2,2,1,1,2,m,multi,False,g,Tactical ensemble of named agents.,steam-v005-top1000-55-chunk-00019-ranks-901-950,top1000_55
1681430,y,Alex Murphy / RoboCop,fns,3,HER,CAR,SHA,3,3,2,1,2,y,none,False,g,Cyborg lawman protects Detroit.,steam-v005-top1000-55-chunk-00019-ranks-901-950,top1000_55
816020,y,created Jump Force avatar,cbd,2,HER,EXP,NA,2,1,0,3,1,m,multi,False,g,Created avatar joins crossover heroes.,steam-v005-top1000-55-chunk-00019-ranks-901-950,top1000_55
332800,y,Jeremy Fitzgerald,fns,2,EVE,SAG,NA,2,2,1,2,2,y,none,False,g,Named night guard survives animatronics.,steam-v005-top1000-55-chunk-00019-ranks-901-950,top1000_55
841370,n,,spr,0,NA,NA,NA,0,0,0,0,0,n,spr,False,g,Basketball sports title.,steam-v005-top1000-55-chunk-00019-ranks-901-950,top1000_55
300,n,,nop,0,NA,NA,NA,0,0,0,0,0,n,multi,False,g,Multiplayer WWII shooter.,steam-v005-top1000-55-chunk-00019-ranks-901-950,top1000_55
1496790,y,Gotham Knights,fen,3,HER,CAR,SHA,3,2,1,1,2,y,multi,False,g,Bat-family ensemble after Batman.,steam-v005-top1000-55-chunk-00019-ranks-901-950,top1000_55
563560,u,IAF marines,fen,1,HER,NA,NA,2,1,0,1,1,m,multi,True,g,Selectable co-op marine squad.,steam-v005-top1000-55-chunk-00019-ranks-901-950,top1000_55
1094520,y,custom hero,cbd,2,EXP,RUL,HER,2,2,1,3,2,y,none,False,g,Sandbox hero in desert politics.,steam-v005-top1000-55-chunk-00019-ranks-901-950,top1000_55
65980,n,,sys,0,NA,NA,NA,0,0,0,0,0,n,sys,False,g,Civilization-scale faction control.,steam-v005-top1000-55-chunk-00019-ranks-901-950,top1000_55
541570,y,Sal Fisher,fns,3,EVE,SAG,SHA,3,3,2,1,3,y,none,False,g,Outsider boy investigates horrors.,steam-v005-top1000-55-chunk-00019-ranks-901-950,top1000_55
285190,n,,sys,0,NA,NA,NA,0,0,0,0,0,n,sys,False,g,RTS faction campaigns dominate.,steam-v005-top1000-55-chunk-00019-ranks-901-950,top1000_55
35010,y,Batman,fns,3,HER,SAG,SHA,3,3,2,1,2,y,none,False,g,Iconic detective-warrior protagonist.,steam-v005-top1000-55-chunk-00019-ranks-901-950,top1000_55
858820,n,,pav,0,NA,NA,NA,0,0,0,2,0,n,multi,False,g,Co-op survival avatars.,steam-v005-top1000-55-chunk-00019-ranks-901-950,top1000_55
1432860,y,custom farmer,cbd,2,CRE,CAR,LOV,2,2,0,3,2,y,none,False,g,Custom newcomer builds community.,steam-v005-top1000-55-chunk-00019-ranks-901-950,top1000_55
1931770,y,the Traveler,sfx,3,SAG,EXP,CAR,3,3,0,2,2,y,none,False,g,Silent traveler deciphers languages.,steam-v005-top1000-55-chunk-00019-ranks-901-950,top1000_55
783770,n,,nop,0,NA,NA,NA,0,0,0,0,0,n,multi,False,g,"Online FPS, no protagonist.",steam-v005-top1000-55-chunk-00019-ranks-901-950,top1000_55
627270,y,DC heroes,fen,2,HER,RUL,SHA,2,2,1,1,2,m,multi,False,g,Fighting story ensemble.,steam-v005-top1000-55-chunk-00019-ranks-901-950,top1000_55
2221490,y,Division agent,cbd,2,HER,CAR,RUL,2,2,1,3,2,y,multi,False,g,Custom agent restores order.,steam-v005-top1000-55-chunk-00019-ranks-901-950,top1000_55
2296990,y,two explorers,fdu,2,EXP,LOV,SAG,2,2,0,2,1,y,multi,False,g,Co-op friends solve trials.,steam-v005-top1000-55-chunk-00019-ranks-901-950,top1000_55
410900,n,,sys,0,NA,NA,NA,0,0,0,0,0,n,sys,False,g,Physics RTS base warfare.,steam-v005-top1000-55-chunk-00019-ranks-901-950,top1000_55
609320,y,lone traveler,sfx,3,EXP,EVE,INN,3,3,0,2,1,y,none,False,g,Silent survivor journeys by vehicle.,steam-v005-top1000-55-chunk-00019-ranks-901-950,top1000_55
246900,n,,sim,0,NA,NA,NA,0,0,0,0,0,n,sim,False,g,Janitorial cleanup simulator.,steam-v005-top1000-55-chunk-00019-ranks-901-950,top1000_55
1127400,n,,sys,0,NA,NA,NA,0,0,0,0,0,n,sys,False,g,Factory-defense system control.,steam-v005-top1000-55-chunk-00019-ranks-901-950,top1000_55
20510,y,Scar,fns,3,EXP,HER,SHA,3,3,2,1,2,y,none,False,g,Named mercenary stalker in Zone.,steam-v005-top1000-55-chunk-00019-ranks-901-950,top1000_55
928600,n,,spr,0,NA,NA,NA,0,0,0,0,0,n,spr,False,g,Formula One racing title.,steam-v005-top1000-55-chunk-00019-ranks-901-950,top1000_55
1948980,y,custom wuxia hero,cbd,2,EXP,HER,EVE,2,2,1,3,2,y,none,False,g,Custom martial-world adventurer.,steam-v005-top1000-55-chunk-00019-ranks-901-950,top1000_55
1029690,y,Karl Fairburne,fns,3,HER,SAG,CAR,3,3,1,1,2,y,none,False,g,Named sniper-warrior saboteur.,steam-v005-top1000-55-chunk-00019-ranks-901-950,top1000_55
38400,y,the Vault Dweller,cbd,3,EXP,HER,EVE,3,3,1,3,3,y,none,False,g,Custom exile seeks vault salvation.,steam-v005-top1000-55-chunk-00019-ranks-901-950,top1000_55
392110,n,,sys,0,NA,NA,NA,0,0,0,0,0,n,sys,False,g,Space empire 4X strategy.,steam-v005-top1000-55-chunk-00019-ranks-901-950,top1000_55
784150,n,,sim,0,NA,NA,NA,0,0,0,0,0,n,sim,False,g,Republic city-building management.,steam-v005-top1000-55-chunk-00019-ranks-901-950,top1000_55
531510,y,blue shape,nfx,2,INN,HER,NA,2,1,0,2,1,m,none,False,g,Abstract shape rescues companions.,steam-v005-top1000-55-chunk-00019-ranks-901-950,top1000_55
341940,y,the Antagonist,frs,3,SHA,REB,NA,3,2,3,1,1,y,none,False,g,Misanthropic mass-murder antihero.,steam-v005-top1000-55-chunk-00019-ranks-901-950,top1000_55
450540,n,,sim,0,NA,NA,NA,0,0,0,0,0,n,sim,False,g,VR firearm sandbox simulator.,steam-v005-top1000-55-chunk-00019-ranks-901-950,top1000_55
837470,y,the goose,nfx,3,JES,REB,INN,3,3,0,2,1,y,none,False,g,Mischievous goose disrupts village.,steam-v005-top1000-55-chunk-00019-ranks-901-950,top1000_55
33930,n,,nop,0,NA,NA,NA,0,0,0,0,0,n,multi,True,g,Milsim with shifting soldier roles.,steam-v005-top1000-55-chunk-00019-ranks-901-950,top1000_55
368230,y,the monarch,frs,3,RUL,CAR,EXP,3,3,0,2,1,y,none,False,g,Ruler builds and protects kingdom.,steam-v005-top1000-55-chunk-00019-ranks-901-950,top1000_55
427290,y,Jonathan Reid,fns,3,SHA,CAR,SAG,3,3,3,1,3,y,none,False,g,Doctor-vampire torn by hunger.,steam-v005-top1000-55-chunk-00019-ranks-901-950,top1000_55
447820,n,,nop,0,NA,NA,NA,0,0,0,0,0,n,multi,False,g,Multiplayer WWII infantry shooter.,steam-v005-top1000-55-chunk-00019-ranks-901-950,top1000_55
2407270,y,Arrisa,fns,2,EXP,HER,MAG,2,2,1,1,2,y,none,False,m,Named Blader explores ruined city.,steam-v005-top1000-55-chunk-00019-ranks-901-950,top1000_55
1040200,y,Kovalsky,fns,2,SHA,CAR,EVE,2,2,2,2,2,y,none,False,g,Mob cleaner saving daughter.,steam-v005-top1000-55-chunk-00019-ranks-901-950,top1000_55
303210,y,Davey Wreden,fns,2,CRE,SAG,SHA,2,2,2,1,3,m,none,True,g,Meta narrator-protagonist interprets Coda.,steam-v005-top1000-55-chunk-00020-ranks-951-1000,top1000_55
1286680,y,Fatemaker,cbd,3,HER,EXP,JES,3,3,0,3,2,y,none,False,g,Custom fantasy hero in Tina campaign.,steam-v005-top1000-55-chunk-00020-ranks-951-1000,top1000_55
512900,n,,nop,2,NA,NA,NA,0,0,0,3,1,n,multi,False,g,"Procedural roles, no stable protagonist.",steam-v005-top1000-55-chunk-00020-ranks-951-1000,top1000_55
736260,y,Baba,nfx,2,INN,CRE,EXP,1,1,0,1,1,m,none,False,g,Minimal nonhuman puzzle avatar.,steam-v005-top1000-55-chunk-00020-ranks-951-1000,top1000_55
15100,y,Altaïr Ibn-La'Ahad,fns,3,REB,HER,SAG,3,3,1,1,3,y,none,False,g,Assassin redeemed through truth-seeking.,steam-v005-top1000-55-chunk-00020-ranks-951-1000,top1000_55
209660,y,Jack Mitchell,fns,3,HER,EVE,REB,2,2,1,1,2,y,none,False,g,Soldier protagonist rejects corrupt authority.,steam-v005-top1000-55-chunk-00020-ranks-951-1000,top1000_55
834530,y,Kazuma Kiryu,fns,3,HER,CAR,SHA,3,3,2,1,3,y,none,False,g,Yakuza protector with violent past.,steam-v005-top1000-55-chunk-00020-ranks-951-1000,top1000_55
368260,y,The Hunter,cbd,3,HER,MAG,CAR,3,3,1,3,3,y,none,False,g,Custom supernatural Marvel leader.,steam-v005-top1000-55-chunk-00020-ranks-951-1000,top1000_55
3117820,y,Courtier,frs,2,EVE,SHA,REB,2,2,2,2,2,m,unk,True,m,Survivor under tyrannical sultan.,steam-v005-top1000-55-chunk-00020-ranks-951-1000,top1000_55
1102190,n,,sys,3,NA,NA,NA,0,0,0,2,1,n,sys,False,g,Deckbuilding clan/system control.,steam-v005-top1000-55-chunk-00020-ranks-951-1000,top1000_55
1022450,n,,sys,3,NA,NA,NA,0,0,0,1,1,n,sys,False,g,RTS faction control only.,steam-v005-top1000-55-chunk-00020-ranks-951-1000,top1000_55
2066020,u,Playable heroes,pav,1,HER,MAG,EXP,1,1,1,2,1,m,multi,True,g,Multiple lightly characterized survivors.,steam-v005-top1000-55-chunk-00020-ranks-951-1000,top1000_55
236110,y,Defenders,fen,2,HER,CAR,MAG,2,2,0,2,1,m,multi,False,g,Hero ensemble defends Etheria.,steam-v005-top1000-55-chunk-00020-ranks-951-1000,top1000_55
431730,n,,nop,3,NA,NA,NA,0,0,0,0,0,n,info,False,g,"Creative software, not narrative game.",steam-v005-top1000-55-chunk-00020-ranks-951-1000,top1000_55
1227890,y,Male cousin,frs,2,LOV,EVE,JES,2,1,0,3,1,m,other,True,g,Adult VN slice-of-life protagonist.,steam-v005-top1000-55-chunk-00020-ranks-951-1000,top1000_55
1929610,n,,nop,2,NA,NA,NA,0,0,0,2,1,n,multi,False,g,Co-op ghost-hunter roles.,steam-v005-top1000-55-chunk-00020-ranks-951-1000,top1000_55
673950,n,,sim,3,NA,NA,NA,0,0,0,3,0,n,sim,False,g,Farming sandbox avatar only.,steam-v005-top1000-55-chunk-00020-ranks-951-1000,top1000_55
1158160,y,Farmer,cbd,3,CAR,CRE,LOV,3,3,0,3,2,y,none,False,g,Custom farmer restores community.,steam-v005-top1000-55-chunk-00020-ranks-951-1000,top1000_55
1476970,n,,nop,2,NA,NA,NA,0,0,0,3,1,n,multi,False,g,Idle MMO account characters.,steam-v005-top1000-55-chunk-00020-ranks-951-1000,top1000_55
692890,y,Robot Guardian,nfx,2,HER,EXP,INN,2,2,0,2,1,m,none,False,g,Robot hero in roguelite shooter.,steam-v005-top1000-55-chunk-00020-ranks-951-1000,top1000_55
374040,y,Portal Knight,cbd,2,HER,EXP,CRE,2,2,0,3,1,m,none,False,g,Custom knight explores and rebuilds.,steam-v005-top1000-55-chunk-00020-ranks-951-1000,top1000_55
35720,y,Trine heroes,fen,3,HER,MAG,JES,3,3,0,1,2,y,multi,False,g,Three named fairy-tale adventurers.,steam-v005-top1000-55-chunk-00020-ranks-951-1000,top1000_55
16900,n,,nop,3,NA,NA,NA,0,0,0,2,0,n,nop,False,g,Tactical operator simulation.,steam-v005-top1000-55-chunk-00020-ranks-951-1000,top1000_55
3017860,y,Doom Slayer,fns,3,HER,SHA,REB,3,3,3,1,2,y,none,False,g,Mythic violent demon-slayer.,steam-v005-top1000-55-chunk-00020-ranks-951-1000,top1000_55
1601580,n,,sys,3,NA,NA,NA,0,0,0,2,2,n,sys,False,g,City steward/system governance.,steam-v005-top1000-55-chunk-00020-ranks-951-1000,top1000_55
274520,y,The Stranger,frs,3,EVE,EXP,SHA,3,3,2,2,3,y,none,False,g,Traumatized survivor seeks escape.,steam-v005-top1000-55-chunk-00020-ranks-951-1000,top1000_55
1284210,y,Commander,cbd,3,HER,RUL,EXP,3,2,0,3,3,y,none,False,g,Custom MMO hero-commander.,steam-v005-top1000-55-chunk-00020-ranks-951-1000,top1000_55
1433140,n,,nop,3,NA,NA,NA,0,0,0,2,1,n,multi,False,g,Asymmetric victims and killers.,steam-v005-top1000-55-chunk-00020-ranks-951-1000,top1000_55
1940340,y,Expedition heroes,fen,2,SHA,HER,EVE,2,2,3,1,2,m,multi,True,g,Flawed ensemble journeys through ruin.,steam-v005-top1000-55-chunk-00020-ranks-951-1000,top1000_55
1569040,n,,spr,3,NA,NA,NA,0,0,0,1,0,n,spr,False,g,Sports management role.,steam-v005-top1000-55-chunk-00020-ranks-951-1000,top1000_55
1127500,n,,sys,3,NA,NA,NA,0,0,0,1,0,n,sys,False,g,Abstract traffic network control.,steam-v005-top1000-55-chunk-00020-ranks-951-1000,top1000_55
2080690,u,Survivor,pav,1,EVE,EXP,CRE,1,1,0,3,1,m,none,True,m,Generic post-flood survival avatar.,steam-v005-top1000-55-chunk-00020-ranks-951-1000,top1000_55
1466640,y,Teen hitchhikers,fen,2,EXP,REB,EVE,3,3,0,2,3,y,multi,False,g,Runaway teens seek freedom.,steam-v005-top1000-55-chunk-00020-ranks-951-1000,top1000_55
630,u,I.A.F. marines,fen,1,HER,CAR,NA,1,1,0,2,0,m,multi,True,g,Thin co-op marine ensemble.,steam-v005-top1000-55-chunk-00020-ranks-951-1000,top1000_55
332950,y,Doug Houser,fns,3,EVE,SHA,EXP,2,3,2,1,2,y,none,False,g,Condemned man seeks redemption.,steam-v005-top1000-55-chunk-00020-ranks-951-1000,top1000_55
774181,y,Medical intern,frs,2,CAR,SAG,INN,2,2,0,2,2,m,none,False,g,Doctor-intern heals via rhythm.,steam-v005-top1000-55-chunk-00020-ranks-951-1000,top1000_55
527430,y,Inquisitor,cbd,3,SAG,HER,SHA,3,3,2,2,2,y,none,False,g,Custom grimdark investigator-warrior.,steam-v005-top1000-55-chunk-00020-ranks-951-1000,top1000_55
2138710,y,Martial artist,frs,3,SHA,HER,REB,3,3,3,2,2,y,none,False,g,Revenge-driven kung fu protagonist.,steam-v005-top1000-55-chunk-00020-ranks-951-1000,top1000_55
235540,y,Ubersreik Five,fen,3,HER,CAR,SHA,2,2,1,1,1,m,multi,False,g,Named heroes fight Skaven invasion.,steam-v005-top1000-55-chunk-00020-ranks-951-1000,top1000_55
412830,y,Rintaro Okabe,fns,3,SAG,MAG,LOV,3,3,1,1,3,y,none,False,g,Mad scientist time-travel investigator.,steam-v005-top1000-55-chunk-00020-ranks-951-1000,top1000_55
1291340,n,,sys,3,NA,NA,NA,0,0,0,1,0,n,sys,False,g,"Toy city builder, no character.",steam-v005-top1000-55-chunk-00020-ranks-951-1000,top1000_55
24200,y,Custom metahuman,cbd,2,HER,REB,MAG,1,1,1,3,1,m,none,True,g,Custom hero or villain avatar.,steam-v005-top1000-55-chunk-00020-ranks-951-1000,top1000_55
212500,y,Free Peoples adventurer,cbd,2,HER,EXP,CAR,2,2,0,3,2,m,none,False,g,Custom adventurer aids Middle-earth.,steam-v005-top1000-55-chunk-00020-ranks-951-1000,top1000_55
2000950,y,Task Force protagonists,fen,2,HER,REB,CAR,2,2,1,1,2,m,multi,True,g,Modern Warfare campaign ensemble.,steam-v005-top1000-55-chunk-00020-ranks-951-1000,top1000_55
330020,y,Bergson family,fen,3,CAR,HER,LOV,3,3,0,1,3,y,multi,False,g,Family guardians protect home.,steam-v005-top1000-55-chunk-00020-ranks-951-1000,top1000_55
22300,y,Lone Wanderer,cbd,3,EXP,EVE,HER,3,3,1,3,3,y,none,False,g,Vault outsider seeks father.,steam-v005-top1000-55-chunk-00020-ranks-951-1000,top1000_55
323470,y,Time Patroller,cbd,3,HER,CAR,MAG,2,2,0,3,2,y,none,False,g,Custom warrior protects timeline.,steam-v005-top1000-55-chunk-00020-ranks-951-1000,top1000_55
719040,y,Desert Rangers squad,fen,3,HER,RUL,SHA,2,2,2,2,3,m,multi,False,g,Ranger squad makes harsh choices.,steam-v005-top1000-55-chunk-00020-ranks-951-1000,top1000_55
1230140,y,Natsuki Ikaruga,fns,3,LOV,CAR,EVE,3,3,1,1,3,y,none,False,g,Melancholic boy bonds with android.,steam-v005-top1000-55-chunk-00020-ranks-951-1000,top1000_55
509980,n,,nop,2,NA,NA,NA,0,0,0,2,0,n,multi,False,g,Multiplayer hunter/monster roles.,steam-v005-top1000-55-chunk-00020-ranks-951-1000,top1000_55
