population,scheme,period_start,period_label,archetype,share_pct
all_rows_missing_visibility_equal,blend_equal_log,1970,1970–1974,Caregiver/Guardian,6.315789473684211
all_rows_missing_visibility_equal,blend_equal_log,1970,1970–1974,Creator/Artist,21.703134240094617
all_rows_missing_visibility_equal,blend_equal_log,1970,1970–1974,Everyman/Orphan,11.727713287501409
all_rows_missing_visibility_equal,blend_equal_log,1970,1970–1974,Explorer/Seeker,28.975951113739402
all_rows_missing_visibility_equal,blend_equal_log,1970,1970–1974,Hero/Warrior,43.383604935395056
all_rows_missing_visibility_equal,blend_equal_log,1970,1970–1974,Innocent,11.270145384875464
all_rows_missing_visibility_equal,blend_equal_log,1970,1970–1974,Magician/Transformer,12.63157894736842
all_rows_missing_visibility_equal,blend_equal_log,1970,1970–1974,Rebel/Outlaw,5.913660555884093
all_rows_missing_visibility_equal,blend_equal_log,1970,1970–1974,Ruler/Leader,12.631578947368423
all_rows_missing_visibility_equal,blend_equal_log,1970,1970–1974,Sage/Investigator,8.763521536319205
all_rows_missing_visibility_equal,blend_equal_log,1975,1975–1979,Caregiver/Guardian,3.3762213306908615
all_rows_missing_visibility_equal,blend_equal_log,1975,1975–1979,Creator/Artist,9.922909130819908
all_rows_missing_visibility_equal,blend_equal_log,1975,1975–1979,Everyman/Orphan,6.120031479846849
all_rows_missing_visibility_equal,blend_equal_log,1975,1975–1979,Explorer/Seeker,24.730944041602168
all_rows_missing_visibility_equal,blend_equal_log,1975,1975–1979,Hero/Warrior,41.908679224692165
all_rows_missing_visibility_equal,blend_equal_log,1975,1975–1979,Innocent,3.274110965728599
all_rows_missing_visibility_equal,blend_equal_log,1975,1975–1979,Lover,1.3662653894615395
all_rows_missing_visibility_equal,blend_equal_log,1975,1975–1979,Magician/Transformer,4.075812378644835
all_rows_missing_visibility_equal,blend_equal_log,1975,1975–1979,Rebel/Outlaw,3.3237922384265715
all_rows_missing_visibility_equal,blend_equal_log,1975,1975–1979,Ruler/Leader,4.403971171403826
all_rows_missing_visibility_equal,blend_equal_log,1975,1975–1979,Sage/Investigator,6.219508170799365
all_rows_missing_visibility_equal,blend_equal_log,1980,1980–1984,Caregiver/Guardian,3.6386578482765684
all_rows_missing_visibility_equal,blend_equal_log,1980,1980–1984,Creator/Artist,4.1291703572044165
all_rows_missing_visibility_equal,blend_equal_log,1980,1980–1984,Everyman/Orphan,5.549289813262047
all_rows_missing_visibility_equal,blend_equal_log,1980,1980–1984,Explorer/Seeker,21.715564984186006
all_rows_missing_visibility_equal,blend_equal_log,1980,1980–1984,Hero/Warrior,40.23025407402673
all_rows_missing_visibility_equal,blend_equal_log,1980,1980–1984,Innocent,0.6403739510543762
all_rows_missing_visibility_equal,blend_equal_log,1980,1980–1984,Jester/Trickster,0.4039981067725359
all_rows_missing_visibility_equal,blend_equal_log,1980,1980–1984,Lover,0.546046973776497
all_rows_missing_visibility_equal,blend_equal_log,1980,1980–1984,Magician/Transformer,6.801161010044406
all_rows_missing_visibility_equal,blend_equal_log,1980,1980–1984,Rebel/Outlaw,1.5487372264569483
all_rows_missing_visibility_equal,blend_equal_log,1980,1980–1984,Ruler/Leader,5.115300216694743
all_rows_missing_visibility_equal,blend_equal_log,1980,1980–1984,Sage/Investigator,9.762245059599227
all_rows_missing_visibility_equal,blend_equal_log,1985,1985–1989,Caregiver/Guardian,3.376077693461329
all_rows_missing_visibility_equal,blend_equal_log,1985,1985–1989,Creator/Artist,3.331542500418247
all_rows_missing_visibility_equal,blend_equal_log,1985,1985–1989,Everyman/Orphan,4.880074575174956
all_rows_missing_visibility_equal,blend_equal_log,1985,1985–1989,Explorer/Seeker,24.884840628741888
all_rows_missing_visibility_equal,blend_equal_log,1985,1985–1989,Hero/Warrior,36.745786616953566
all_rows_missing_visibility_equal,blend_equal_log,1985,1985–1989,Innocent,0.768063344277782
all_rows_missing_visibility_equal,blend_equal_log,1985,1985–1989,Jester/Trickster,1.197280007513067
all_rows_missing_visibility_equal,blend_equal_log,1985,1985–1989,Lover,1.7058199567501984
all_rows_missing_visibility_equal,blend_equal_log,1985,1985–1989,Magician/Transformer,6.601116970107762
all_rows_missing_visibility_equal,blend_equal_log,1985,1985–1989,Rebel/Outlaw,1.8874742951829837
all_rows_missing_visibility_equal,blend_equal_log,1985,1985–1989,Ruler/Leader,5.5663453607712565
all_rows_missing_visibility_equal,blend_equal_log,1985,1985–1989,Sage/Investigator,9.00900742869304
all_rows_missing_visibility_equal,blend_equal_log,1990,1990–1994,Caregiver/Guardian,3.5285775157847445
all_rows_missing_visibility_equal,blend_equal_log,1990,1990–1994,Creator/Artist,3.339506256021083
all_rows_missing_visibility_equal,blend_equal_log,1990,1990–1994,Everyman/Orphan,4.768561365391559
all_rows_missing_visibility_equal,blend_equal_log,1990,1990–1994,Explorer/Seeker,24.192979833211805
all_rows_missing_visibility_equal,blend_equal_log,1990,1990–1994,Hero/Warrior,36.05728153918453
all_rows_missing_visibility_equal,blend_equal_log,1990,1990–1994,Innocent,1.5816015585328045
all_rows_missing_visibility_equal,blend_equal_log,1990,1990–1994,Jester/Trickster,2.189960936103513
all_rows_missing_visibility_equal,blend_equal_log,1990,1990–1994,Lover,1.7263677911886142
all_rows_missing_visibility_equal,blend_equal_log,1990,1990–1994,Magician/Transformer,7.46476307132711
all_rows_missing_visibility_equal,blend_equal_log,1990,1990–1994,Rebel/Outlaw,1.7169408666569517
all_rows_missing_visibility_equal,blend_equal_log,1990,1990–1994,Ruler/Leader,5.773811465072022
all_rows_missing_visibility_equal,blend_equal_log,1990,1990–1994,Sage/Investigator,7.507982600224078
all_rows_missing_visibility_equal,blend_equal_log,1995,1995–1999,Caregiver/Guardian,3.644755089121925
all_rows_missing_visibility_equal,blend_equal_log,1995,1995–1999,Creator/Artist,4.200645737123716
all_rows_missing_visibility_equal,blend_equal_log,1995,1995–1999,Everyman/Orphan,5.3429634446422565
all_rows_missing_visibility_equal,blend_equal_log,1995,1995–1999,Explorer/Seeker,26.233668567053456
all_rows_missing_visibility_equal,blend_equal_log,1995,1995–1999,Hero/Warrior,28.622214270063125
all_rows_missing_visibility_equal,blend_equal_log,1995,1995–1999,Innocent,2.184804587469469
all_rows_missing_visibility_equal,blend_equal_log,1995,1995–1999,Jester/Trickster,2.409459117913291
all_rows_missing_visibility_equal,blend_equal_log,1995,1995–1999,Lover,2.7523168096071573
all_rows_missing_visibility_equal,blend_equal_log,1995,1995–1999,Magician/Transformer,6.539077599853374
all_rows_missing_visibility_equal,blend_equal_log,1995,1995–1999,Rebel/Outlaw,2.374879595258366
all_rows_missing_visibility_equal,blend_equal_log,1995,1995–1999,Ruler/Leader,5.584302113383058
all_rows_missing_visibility_equal,blend_equal_log,1995,1995–1999,Sage/Investigator,9.658707448195742
all_rows_missing_visibility_equal,blend_equal_log,2000,2000–2004,Caregiver/Guardian,3.4648942688213453
all_rows_missing_visibility_equal,blend_equal_log,2000,2000–2004,Creator/Artist,3.2078023185612587
all_rows_missing_visibility_equal,blend_equal_log,2000,2000–2004,Everyman/Orphan,5.7734543193884065
all_rows_missing_visibility_equal,blend_equal_log,2000,2000–2004,Explorer/Seeker,26.70523376506305
all_rows_missing_visibility_equal,blend_equal_log,2000,2000–2004,Hero/Warrior,30.069005385634124
all_rows_missing_visibility_equal,blend_equal_log,2000,2000–2004,Innocent,2.0121810864629417
all_rows_missing_visibility_equal,blend_equal_log,2000,2000–2004,Jester/Trickster,2.5885685863081687
all_rows_missing_visibility_equal,blend_equal_log,2000,2000–2004,Lover,3.036836622802709
all_rows_missing_visibility_equal,blend_equal_log,2000,2000–2004,Magician/Transformer,6.090822273396492
all_rows_missing_visibility_equal,blend_equal_log,2000,2000–2004,Rebel/Outlaw,2.8722083436496395
all_rows_missing_visibility_equal,blend_equal_log,2000,2000–2004,Ruler/Leader,5.353886063492781
all_rows_missing_visibility_equal,blend_equal_log,2000,2000–2004,Sage/Investigator,8.144061087258036
all_rows_missing_visibility_equal,blend_equal_log,2005,2005–2009,Caregiver/Guardian,3.249314127481278
all_rows_missing_visibility_equal,blend_equal_log,2005,2005–2009,Creator/Artist,3.7192007642411773
all_rows_missing_visibility_equal,blend_equal_log,2005,2005–2009,Everyman/Orphan,6.145598397687228
all_rows_missing_visibility_equal,blend_equal_log,2005,2005–2009,Explorer/Seeker,25.492790565010303
all_rows_missing_visibility_equal,blend_equal_log,2005,2005–2009,Hero/Warrior,28.624994371406018
all_rows_missing_visibility_equal,blend_equal_log,2005,2005–2009,Innocent,1.8276921075997508
all_rows_missing_visibility_equal,blend_equal_log,2005,2005–2009,Jester/Trickster,3.242765145611447
all_rows_missing_visibility_equal,blend_equal_log,2005,2005–2009,Lover,3.741301563610905
all_rows_missing_visibility_equal,blend_equal_log,2005,2005–2009,Magician/Transformer,5.070479700568027
all_rows_missing_visibility_equal,blend_equal_log,2005,2005–2009,Rebel/Outlaw,3.3307076048000868
all_rows_missing_visibility_equal,blend_equal_log,2005,2005–2009,Ruler/Leader,5.42133229858634
all_rows_missing_visibility_equal,blend_equal_log,2005,2005–2009,Sage/Investigator,9.115199863130655
all_rows_missing_visibility_equal,blend_equal_log,2010,2010–2014,Caregiver/Guardian,2.73876597767559
all_rows_missing_visibility_equal,blend_equal_log,2010,2010–2014,Creator/Artist,4.244542432915461
all_rows_missing_visibility_equal,blend_equal_log,2010,2010–2014,Everyman/Orphan,7.947414231715067
all_rows_missing_visibility_equal,blend_equal_log,2010,2010–2014,Explorer/Seeker,24.863738031460883
all_rows_missing_visibility_equal,blend_equal_log,2010,2010–2014,Hero/Warrior,24.731919554489764
all_rows_missing_visibility_equal,blend_equal_log,2010,2010–2014,Innocent,1.8188667601608806
all_rows_missing_visibility_equal,blend_equal_log,2010,2010–2014,Jester/Trickster,3.6786057975483795
all_rows_missing_visibility_equal,blend_equal_log,2010,2010–2014,Lover,4.364147442622767
all_rows_missing_visibility_equal,blend_equal_log,2010,2010–2014,Magician/Transformer,5.217785504340695
all_rows_missing_visibility_equal,blend_equal_log,2010,2010–2014,Rebel/Outlaw,4.4222814078715045
all_rows_missing_visibility_equal,blend_equal_log,2010,2010–2014,Ruler/Leader,5.265520498207261
all_rows_missing_visibility_equal,blend_equal_log,2010,2010–2014,Sage/Investigator,8.818737469813652
all_rows_missing_visibility_equal,blend_equal_log,2015,2015–2019,Caregiver/Guardian,2.5170096584537056
all_rows_missing_visibility_equal,blend_equal_log,2015,2015–2019,Creator/Artist,4.2032637760190115
all_rows_missing_visibility_equal,blend_equal_log,2015,2015–2019,Everyman/Orphan,9.926767035911528
all_rows_missing_visibility_equal,blend_equal_log,2015,2015–2019,Explorer/Seeker,24.660682222269948
all_rows_missing_visibility_equal,blend_equal_log,2015,2015–2019,Hero/Warrior,20.915041920013117
all_rows_missing_visibility_equal,blend_equal_log,2015,2015–2019,Innocent,2.0482164182121716
all_rows_missing_visibility_equal,blend_equal_log,2015,2015–2019,Jester/Trickster,4.579514243782071
all_rows_missing_visibility_equal,blend_equal_log,2015,2015–2019,Lover,3.5939239505434086
all_rows_missing_visibility_equal,blend_equal_log,2015,2015–2019,Magician/Transformer,5.611816228954082
all_rows_missing_visibility_equal,blend_equal_log,2015,2015–2019,Rebel/Outlaw,5.940674697577624
all_rows_missing_visibility_equal,blend_equal_log,2015,2015–2019,Ruler/Leader,4.9843441332938285
all_rows_missing_visibility_equal,blend_equal_log,2015,2015–2019,Sage/Investigator,7.491297719825553
all_rows_missing_visibility_equal,blend_equal_log,2020,2020–2024,Caregiver/Guardian,2.901336906187235
all_rows_missing_visibility_equal,blend_equal_log,2020,2020–2024,Creator/Artist,4.059527254361276
all_rows_missing_visibility_equal,blend_equal_log,2020,2020–2024,Everyman/Orphan,10.65926808298059
all_rows_missing_visibility_equal,blend_equal_log,2020,2020–2024,Explorer/Seeker,28.847018728234325
all_rows_missing_visibility_equal,blend_equal_log,2020,2020–2024,Hero/Warrior,21.061419810614126
all_rows_missing_visibility_equal,blend_equal_log,2020,2020–2024,Innocent,1.8273848460616668
all_rows_missing_visibility_equal,blend_equal_log,2020,2020–2024,Jester/Trickster,3.2384384998815046
all_rows_missing_visibility_equal,blend_equal_log,2020,2020–2024,Lover,3.8421667854172057
all_rows_missing_visibility_equal,blend_equal_log,2020,2020–2024,Magician/Transformer,4.901043239265065
all_rows_missing_visibility_equal,blend_equal_log,2020,2020–2024,Rebel/Outlaw,4.5297355805412
all_rows_missing_visibility_equal,blend_equal_log,2020,2020–2024,Ruler/Leader,4.465358401222207
all_rows_missing_visibility_equal,blend_equal_log,2020,2020–2024,Sage/Investigator,7.097795986758571
all_rows_missing_visibility_equal,blend_equal_log,2025,2025,Caregiver/Guardian,2.705815935737273
all_rows_missing_visibility_equal,blend_equal_log,2025,2025,Creator/Artist,4.040298613531808
all_rows_missing_visibility_equal,blend_equal_log,2025,2025,Everyman/Orphan,11.475545795009094
all_rows_missing_visibility_equal,blend_equal_log,2025,2025,Explorer/Seeker,34.63970417171023
all_rows_missing_visibility_equal,blend_equal_log,2025,2025,Hero/Warrior,22.04249417898717
all_rows_missing_visibility_equal,blend_equal_log,2025,2025,Innocent,1.1974159273995932
all_rows_missing_visibility_equal,blend_equal_log,2025,2025,Jester/Trickster,1.799247741824285
all_rows_missing_visibility_equal,blend_equal_log,2025,2025,Lover,2.807063107963013
all_rows_missing_visibility_equal,blend_equal_log,2025,2025,Magician/Transformer,4.334234451854322
all_rows_missing_visibility_equal,blend_equal_log,2025,2025,Rebel/Outlaw,3.20664176126084
all_rows_missing_visibility_equal,blend_equal_log,2025,2025,Ruler/Leader,3.809522844776644
all_rows_missing_visibility_equal,blend_equal_log,2025,2025,Sage/Investigator,6.804733938658172
all_rows_missing_visibility_equal,equal,1970,1970–1974,Caregiver/Guardian,6.315789473684211
all_rows_missing_visibility_equal,equal,1970,1970–1974,Creator/Artist,21.703134240094617
all_rows_missing_visibility_equal,equal,1970,1970–1974,Everyman/Orphan,11.727713287501407
all_rows_missing_visibility_equal,equal,1970,1970–1974,Explorer/Seeker,28.975951113739402
all_rows_missing_visibility_equal,equal,1970,1970–1974,Hero/Warrior,43.38360493539505
all_rows_missing_visibility_equal,equal,1970,1970–1974,Innocent,11.270145384875462
all_rows_missing_visibility_equal,equal,1970,1970–1974,Magician/Transformer,12.63157894736842
all_rows_missing_visibility_equal,equal,1970,1970–1974,Rebel/Outlaw,5.913660555884091
all_rows_missing_visibility_equal,equal,1970,1970–1974,Ruler/Leader,12.63157894736842
all_rows_missing_visibility_equal,equal,1970,1970–1974,Sage/Investigator,8.763521536319201
all_rows_missing_visibility_equal,equal,1975,1975–1979,Caregiver/Guardian,3.3762213306908606
all_rows_missing_visibility_equal,equal,1975,1975–1979,Creator/Artist,9.922909130819908
all_rows_missing_visibility_equal,equal,1975,1975–1979,Everyman/Orphan,6.12003147984685
all_rows_missing_visibility_equal,equal,1975,1975–1979,Explorer/Seeker,24.730944041602168
all_rows_missing_visibility_equal,equal,1975,1975–1979,Hero/Warrior,41.90867922469216
all_rows_missing_visibility_equal,equal,1975,1975–1979,Innocent,3.274110965728599
all_rows_missing_visibility_equal,equal,1975,1975–1979,Lover,1.3662653894615395
all_rows_missing_visibility_equal,equal,1975,1975–1979,Magician/Transformer,4.075812378644834
all_rows_missing_visibility_equal,equal,1975,1975–1979,Rebel/Outlaw,3.3237922384265715
all_rows_missing_visibility_equal,equal,1975,1975–1979,Ruler/Leader,4.403971171403826
all_rows_missing_visibility_equal,equal,1975,1975–1979,Sage/Investigator,6.219508170799365
all_rows_missing_visibility_equal,equal,1980,1980–1984,Caregiver/Guardian,3.642651932867912
all_rows_missing_visibility_equal,equal,1980,1980–1984,Creator/Artist,4.133574189302995
all_rows_missing_visibility_equal,equal,1980,1980–1984,Everyman/Orphan,5.551434604125181
all_rows_missing_visibility_equal,equal,1980,1980–1984,Explorer/Seeker,21.69984570569853
all_rows_missing_visibility_equal,equal,1980,1980–1984,Hero/Warrior,40.246716473373034
all_rows_missing_visibility_equal,equal,1980,1980–1984,Innocent,0.6411722451521108
all_rows_missing_visibility_equal,equal,1980,1980–1984,Jester/Trickster,0.39225832762879026
all_rows_missing_visibility_equal,equal,1980,1980–1984,Lover,0.5467685175020611
all_rows_missing_visibility_equal,equal,1980,1980–1984,Magician/Transformer,6.792622496111363
all_rows_missing_visibility_equal,equal,1980,1980–1984,Rebel/Outlaw,1.5438319999718746
all_rows_missing_visibility_equal,equal,1980,1980–1984,Ruler/Leader,5.119562898153115
all_rows_missing_visibility_equal,equal,1980,1980–1984,Sage/Investigator,9.768012275638805
all_rows_missing_visibility_equal,equal,1985,1985–1989,Caregiver/Guardian,3.3918923032770336
all_rows_missing_visibility_equal,equal,1985,1985–1989,Creator/Artist,3.353117045798301
all_rows_missing_visibility_equal,equal,1985,1985–1989,Everyman/Orphan,4.865508439269769
all_rows_missing_visibility_equal,equal,1985,1985–1989,Explorer/Seeker,24.88949890620318
all_rows_missing_visibility_equal,equal,1985,1985–1989,Hero/Warrior,36.84891137630566
all_rows_missing_visibility_equal,equal,1985,1985–1989,Innocent,0.7632630975178907
all_rows_missing_visibility_equal,equal,1985,1985–1989,Jester/Trickster,1.142759801328393
all_rows_missing_visibility_equal,equal,1985,1985–1989,Lover,1.6681676107488883
all_rows_missing_visibility_equal,equal,1985,1985–1989,Magician/Transformer,6.616135101474418
all_rows_missing_visibility_equal,equal,1985,1985–1989,Rebel/Outlaw,1.8600853010136542
all_rows_missing_visibility_equal,equal,1985,1985–1989,Ruler/Leader,5.569838213936817
all_rows_missing_visibility_equal,equal,1985,1985–1989,Sage/Investigator,9.000566530231016
all_rows_missing_visibility_equal,equal,1990,1990–1994,Caregiver/Guardian,3.5894206891102214
all_rows_missing_visibility_equal,equal,1990,1990–1994,Creator/Artist,3.3903142988640456
all_rows_missing_visibility_equal,equal,1990,1990–1994,Everyman/Orphan,4.760522931458916
all_rows_missing_visibility_equal,equal,1990,1990–1994,Explorer/Seeker,24.183354358198233
all_rows_missing_visibility_equal,equal,1990,1990–1994,Hero/Warrior,36.259887128586215
all_rows_missing_visibility_equal,equal,1990,1990–1994,Innocent,1.5356009953076895
all_rows_missing_visibility_equal,equal,1990,1990–1994,Jester/Trickster,2.1106374091911384
all_rows_missing_visibility_equal,equal,1990,1990–1994,Lover,1.73403230866559
all_rows_missing_visibility_equal,equal,1990,1990–1994,Magician/Transformer,7.511571905882393
all_rows_missing_visibility_equal,equal,1990,1990–1994,Rebel/Outlaw,1.639469845864824
all_rows_missing_visibility_equal,equal,1990,1990–1994,Ruler/Leader,5.760378682894201
all_rows_missing_visibility_equal,equal,1990,1990–1994,Sage/Investigator,7.430576416566273
all_rows_missing_visibility_equal,equal,1995,1995–1999,Caregiver/Guardian,3.7751162210335565
all_rows_missing_visibility_equal,equal,1995,1995–1999,Creator/Artist,4.3201547192289755
all_rows_missing_visibility_equal,equal,1995,1995–1999,Everyman/Orphan,5.29384758793153
all_rows_missing_visibility_equal,equal,1995,1995–1999,Explorer/Seeker,26.588393281426683
all_rows_missing_visibility_equal,equal,1995,1995–1999,Hero/Warrior,28.7101597713513
all_rows_missing_visibility_equal,equal,1995,1995–1999,Innocent,2.167397734659443
all_rows_missing_visibility_equal,equal,1995,1995–1999,Jester/Trickster,2.278032564317268
all_rows_missing_visibility_equal,equal,1995,1995–1999,Lover,2.819440880671052
all_rows_missing_visibility_equal,equal,1995,1995–1999,Magician/Transformer,6.619128177831335
all_rows_missing_visibility_equal,equal,1995,1995–1999,Rebel/Outlaw,2.0714918350405234
all_rows_missing_visibility_equal,equal,1995,1995–1999,Ruler/Leader,5.487398815813061
all_rows_missing_visibility_equal,equal,1995,1995–1999,Sage/Investigator,9.612429631740516
all_rows_missing_visibility_equal,equal,2000,2000–2004,Caregiver/Guardian,3.6391305501539266
all_rows_missing_visibility_equal,equal,2000,2000–2004,Creator/Artist,3.303457875848867
all_rows_missing_visibility_equal,equal,2000,2000–2004,Everyman/Orphan,5.852193995067118
all_rows_missing_visibility_equal,equal,2000,2000–2004,Explorer/Seeker,27.248506829099853
all_rows_missing_visibility_equal,equal,2000,2000–2004,Hero/Warrior,30.387186847113146
all_rows_missing_visibility_equal,equal,2000,2000–2004,Innocent,2.0384530596598807
all_rows_missing_visibility_equal,equal,2000,2000–2004,Jester/Trickster,2.509032744683296
all_rows_missing_visibility_equal,equal,2000,2000–2004,Lover,3.1549310913782196
all_rows_missing_visibility_equal,equal,2000,2000–2004,Magician/Transformer,6.182715244770357
all_rows_missing_visibility_equal,equal,2000,2000–2004,Rebel/Outlaw,2.300395335304277
all_rows_missing_visibility_equal,equal,2000,2000–2004,Ruler/Leader,5.049592366525497
all_rows_missing_visibility_equal,equal,2000,2000–2004,Sage/Investigator,7.988845654762924
all_rows_missing_visibility_equal,equal,2005,2005–2009,Caregiver/Guardian,3.4330203160654555
all_rows_missing_visibility_equal,equal,2005,2005–2009,Creator/Artist,3.8068499143941743
all_rows_missing_visibility_equal,equal,2005,2005–2009,Everyman/Orphan,5.993241301217705
all_rows_missing_visibility_equal,equal,2005,2005–2009,Explorer/Seeker,26.459382219680595
all_rows_missing_visibility_equal,equal,2005,2005–2009,Hero/Warrior,28.900874198587463
all_rows_missing_visibility_equal,equal,2005,2005–2009,Innocent,1.895597738093068
all_rows_missing_visibility_equal,equal,2005,2005–2009,Jester/Trickster,3.0399441636803624
all_rows_missing_visibility_equal,equal,2005,2005–2009,Lover,4.063568503726453
all_rows_missing_visibility_equal,equal,2005,2005–2009,Magician/Transformer,5.1426520892561065
all_rows_missing_visibility_equal,equal,2005,2005–2009,Rebel/Outlaw,2.695666990260267
all_rows_missing_visibility_equal,equal,2005,2005–2009,Ruler/Leader,5.063816821518016
all_rows_missing_visibility_equal,equal,2005,2005–2009,Sage/Investigator,8.95365235453816
all_rows_missing_visibility_equal,equal,2010,2010–2014,Caregiver/Guardian,2.889309123089034
all_rows_missing_visibility_equal,equal,2010,2010–2014,Creator/Artist,4.184015822840719
all_rows_missing_visibility_equal,equal,2010,2010–2014,Everyman/Orphan,7.633669902283738
all_rows_missing_visibility_equal,equal,2010,2010–2014,Explorer/Seeker,26.638343157007505
all_rows_missing_visibility_equal,equal,2010,2010–2014,Hero/Warrior,25.260704504708556
all_rows_missing_visibility_equal,equal,2010,2010–2014,Innocent,1.6775065956982895
all_rows_missing_visibility_equal,equal,2010,2010–2014,Jester/Trickster,3.0425248403884764
all_rows_missing_visibility_equal,equal,2010,2010–2014,Lover,4.888079973070722
all_rows_missing_visibility_equal,equal,2010,2010–2014,Magician/Transformer,5.313253611906586
all_rows_missing_visibility_equal,equal,2010,2010–2014,Rebel/Outlaw,3.498649756530514
all_rows_missing_visibility_equal,equal,2010,2010–2014,Ruler/Leader,5.032462824869063
all_rows_missing_visibility_equal,equal,2010,2010–2014,Sage/Investigator,8.791298858681884
all_rows_missing_visibility_equal,equal,2015,2015–2019,Caregiver/Guardian,2.590285032961748
all_rows_missing_visibility_equal,equal,2015,2015–2019,Creator/Artist,4.086385548304862
all_rows_missing_visibility_equal,equal,2015,2015–2019,Everyman/Orphan,9.351363834239484
all_rows_missing_visibility_equal,equal,2015,2015–2019,Explorer/Seeker,27.29587419571668
all_rows_missing_visibility_equal,equal,2015,2015–2019,Hero/Warrior,21.7167619929864
all_rows_missing_visibility_equal,equal,2015,2015–2019,Innocent,1.8496567974062823
all_rows_missing_visibility_equal,equal,2015,2015–2019,Jester/Trickster,3.8119817156234235
all_rows_missing_visibility_equal,equal,2015,2015–2019,Lover,3.730867771752016
all_rows_missing_visibility_equal,equal,2015,2015–2019,Magician/Transformer,5.576890812739711
all_rows_missing_visibility_equal,equal,2015,2015–2019,Rebel/Outlaw,5.011823983157586
all_rows_missing_visibility_equal,equal,2015,2015–2019,Ruler/Leader,4.766910827267266
all_rows_missing_visibility_equal,equal,2015,2015–2019,Sage/Investigator,7.4670557168048735
all_rows_missing_visibility_equal,equal,2020,2020–2024,Caregiver/Guardian,2.8751311883343424
all_rows_missing_visibility_equal,equal,2020,2020–2024,Creator/Artist,3.7315635164419367
all_rows_missing_visibility_equal,equal,2020,2020–2024,Everyman/Orphan,10.300995076511608
all_rows_missing_visibility_equal,equal,2020,2020–2024,Explorer/Seeker,31.53382313599051
all_rows_missing_visibility_equal,equal,2020,2020–2024,Hero/Warrior,21.835714715018447
all_rows_missing_visibility_equal,equal,2020,2020–2024,Innocent,1.6226476929819214
all_rows_missing_visibility_equal,equal,2020,2020–2024,Jester/Trickster,2.647862087848933
all_rows_missing_visibility_equal,equal,2020,2020–2024,Lover,3.912751805799844
all_rows_missing_visibility_equal,equal,2020,2020–2024,Magician/Transformer,4.667490045711188
all_rows_missing_visibility_equal,equal,2020,2020–2024,Rebel/Outlaw,3.7189397189348092
all_rows_missing_visibility_equal,equal,2020,2020–2024,Ruler/Leader,4.200739358939098
all_rows_missing_visibility_equal,equal,2020,2020–2024,Sage/Investigator,7.093381096296412
all_rows_missing_visibility_equal,equal,2025,2025,Caregiver/Guardian,2.628009514079248
all_rows_missing_visibility_equal,equal,2025,2025,Creator/Artist,3.766048622523763
all_rows_missing_visibility_equal,equal,2025,2025,Everyman/Orphan,11.340950557190816
all_rows_missing_visibility_equal,equal,2025,2025,Explorer/Seeker,36.167413947862784
all_rows_missing_visibility_equal,equal,2025,2025,Hero/Warrior,22.543331836756245
all_rows_missing_visibility_equal,equal,2025,2025,Innocent,1.088745576839236
all_rows_missing_visibility_equal,equal,2025,2025,Jester/Trickster,1.5053657249330843
all_rows_missing_visibility_equal,equal,2025,2025,Lover,2.837568319580372
all_rows_missing_visibility_equal,equal,2025,2025,Magician/Transformer,4.149996481884442
all_rows_missing_visibility_equal,equal,2025,2025,Rebel/Outlaw,2.8357893049058958
all_rows_missing_visibility_equal,equal,2025,2025,Ruler/Leader,3.580232820562764
all_rows_missing_visibility_equal,equal,2025,2025,Sage/Investigator,6.807513691285531
all_rows_missing_visibility_equal,log_cap_p99,1970,1970–1974,Caregiver/Guardian,6.315789473684211
all_rows_missing_visibility_equal,log_cap_p99,1970,1970–1974,Creator/Artist,21.703134240094617
all_rows_missing_visibility_equal,log_cap_p99,1970,1970–1974,Everyman/Orphan,11.727713287501409
all_rows_missing_visibility_equal,log_cap_p99,1970,1970–1974,Explorer/Seeker,28.975951113739402
all_rows_missing_visibility_equal,log_cap_p99,1970,1970–1974,Hero/Warrior,43.38360493539505
all_rows_missing_visibility_equal,log_cap_p99,1970,1970–1974,Innocent,11.270145384875464
all_rows_missing_visibility_equal,log_cap_p99,1970,1970–1974,Magician/Transformer,12.63157894736842
all_rows_missing_visibility_equal,log_cap_p99,1970,1970–1974,Rebel/Outlaw,5.913660555884092
all_rows_missing_visibility_equal,log_cap_p99,1970,1970–1974,Ruler/Leader,12.631578947368423
all_rows_missing_visibility_equal,log_cap_p99,1970,1970–1974,Sage/Investigator,8.763521536319205
all_rows_missing_visibility_equal,log_cap_p99,1975,1975–1979,Caregiver/Guardian,3.3762213306908615
all_rows_missing_visibility_equal,log_cap_p99,1975,1975–1979,Creator/Artist,9.922909130819908
all_rows_missing_visibility_equal,log_cap_p99,1975,1975–1979,Everyman/Orphan,6.12003147984685
all_rows_missing_visibility_equal,log_cap_p99,1975,1975–1979,Explorer/Seeker,24.730944041602168
all_rows_missing_visibility_equal,log_cap_p99,1975,1975–1979,Hero/Warrior,41.908679224692165
all_rows_missing_visibility_equal,log_cap_p99,1975,1975–1979,Innocent,3.274110965728599
all_rows_missing_visibility_equal,log_cap_p99,1975,1975–1979,Lover,1.3662653894615395
all_rows_missing_visibility_equal,log_cap_p99,1975,1975–1979,Magician/Transformer,4.0758123786448355
all_rows_missing_visibility_equal,log_cap_p99,1975,1975–1979,Rebel/Outlaw,3.323792238426572
all_rows_missing_visibility_equal,log_cap_p99,1975,1975–1979,Ruler/Leader,4.403971171403826
all_rows_missing_visibility_equal,log_cap_p99,1975,1975–1979,Sage/Investigator,6.219508170799365
all_rows_missing_visibility_equal,log_cap_p99,1980,1980–1984,Caregiver/Guardian,3.6092313704847307
all_rows_missing_visibility_equal,log_cap_p99,1980,1980–1984,Creator/Artist,4.096749370761257
all_rows_missing_visibility_equal,log_cap_p99,1980,1980–1984,Everyman/Orphan,5.5333643058328335
all_rows_missing_visibility_equal,log_cap_p99,1980,1980–1984,Explorer/Seeker,21.830911794559373
all_rows_missing_visibility_equal,log_cap_p99,1980,1980–1984,Hero/Warrior,40.10869780901604
all_rows_missing_visibility_equal,log_cap_p99,1980,1980–1984,Innocent,0.6345015539327475
all_rows_missing_visibility_equal,log_cap_p99,1980,1980–1984,Jester/Trickster,0.4899601232742643
all_rows_missing_visibility_equal,log_cap_p99,1980,1980–1984,Lover,0.5407348276545669
all_rows_missing_visibility_equal,log_cap_p99,1980,1980–1984,Magician/Transformer,6.864786911758787
all_rows_missing_visibility_equal,log_cap_p99,1980,1980–1984,Rebel/Outlaw,1.585221783108717
all_rows_missing_visibility_equal,log_cap_p99,1980,1980–1984,Ruler/Leader,5.083893599402797
all_rows_missing_visibility_equal,log_cap_p99,1980,1980–1984,Sage/Investigator,9.719938574868738
all_rows_missing_visibility_equal,log_cap_p99,1985,1985–1989,Caregiver/Guardian,3.2668182196679867
all_rows_missing_visibility_equal,log_cap_p99,1985,1985–1989,Creator/Artist,3.182430246271097
all_rows_missing_visibility_equal,log_cap_p99,1985,1985–1989,Everyman/Orphan,4.987071514686331
all_rows_missing_visibility_equal,log_cap_p99,1985,1985–1989,Explorer/Seeker,24.84635089738207
all_rows_missing_visibility_equal,log_cap_p99,1985,1985–1989,Hero/Warrior,36.031926881082256
all_rows_missing_visibility_equal,log_cap_p99,1985,1985–1989,Innocent,0.8012750333470468
all_rows_missing_visibility_equal,log_cap_p99,1985,1985–1989,Jester/Trickster,1.5750219890266457
all_rows_missing_visibility_equal,log_cap_p99,1985,1985–1989,Lover,1.9682506867100173
all_rows_missing_visibility_equal,log_cap_p99,1985,1985–1989,Magician/Transformer,6.497016666810609
all_rows_missing_visibility_equal,log_cap_p99,1985,1985–1989,Rebel/Outlaw,2.081070802552437
all_rows_missing_visibility_equal,log_cap_p99,1985,1985–1989,Ruler/Leader,5.543105195121214
all_rows_missing_visibility_equal,log_cap_p99,1985,1985–1989,Sage/Investigator,9.06285909550106
all_rows_missing_visibility_equal,log_cap_p99,1990,1990–1994,Caregiver/Guardian,3.138390621516348
all_rows_missing_visibility_equal,log_cap_p99,1990,1990–1994,Creator/Artist,3.0131867920463877
all_rows_missing_visibility_equal,log_cap_p99,1990,1990–1994,Everyman/Orphan,4.821379984159546
all_rows_missing_visibility_equal,log_cap_p99,1990,1990–1994,Explorer/Seeker,24.274682151609795
all_rows_missing_visibility_equal,log_cap_p99,1990,1990–1994,Hero/Warrior,34.73888603027653
all_rows_missing_visibility_equal,log_cap_p99,1990,1990–1994,Innocent,1.875861505981895
all_rows_missing_visibility_equal,log_cap_p99,1990,1990–1994,Jester/Trickster,2.693494922066621
all_rows_missing_visibility_equal,log_cap_p99,1990,1990–1994,Lover,1.6831100080559769
all_rows_missing_visibility_equal,log_cap_p99,1990,1990–1994,Magician/Transformer,7.171471563622161
all_rows_missing_visibility_equal,log_cap_p99,1990,1990–1994,Rebel/Outlaw,2.218712526119032
all_rows_missing_visibility_equal,log_cap_p99,1990,1990–1994,Ruler/Leader,5.8478729082818575
all_rows_missing_visibility_equal,log_cap_p99,1990,1990–1994,Sage/Investigator,8.008566383146105
all_rows_missing_visibility_equal,log_cap_p99,1995,1995–1999,Caregiver/Guardian,2.9371991349369306
all_rows_missing_visibility_equal,log_cap_p99,1995,1995–1999,Creator/Artist,3.550397921482073
all_rows_missing_visibility_equal,log_cap_p99,1995,1995–1999,Everyman/Orphan,5.609494100603908
all_rows_missing_visibility_equal,log_cap_p99,1995,1995–1999,Explorer/Seeker,24.349923449057364
all_rows_missing_visibility_equal,log_cap_p99,1995,1995–1999,Hero/Warrior,28.127089312137326
all_rows_missing_visibility_equal,log_cap_p99,1995,1995–1999,Innocent,2.294100651492723
all_rows_missing_visibility_equal,log_cap_p99,1995,1995–1999,Jester/Trickster,3.1180312432640584
all_rows_missing_visibility_equal,log_cap_p99,1995,1995–1999,Lover,2.40211325217415
all_rows_missing_visibility_equal,log_cap_p99,1995,1995–1999,Magician/Transformer,6.1269432570230915
all_rows_missing_visibility_equal,log_cap_p99,1995,1995–1999,Rebel/Outlaw,4.012539656274865
all_rows_missing_visibility_equal,log_cap_p99,1995,1995–1999,Ruler/Leader,6.078563826322124
all_rows_missing_visibility_equal,log_cap_p99,1995,1995–1999,Sage/Investigator,9.873777428025642
all_rows_missing_visibility_equal,log_cap_p99,2000,2000–2004,Caregiver/Guardian,2.6260555173348186
all_rows_missing_visibility_equal,log_cap_p99,2000,2000–2004,Creator/Artist,2.7403169215339918
all_rows_missing_visibility_equal,log_cap_p99,2000,2000–2004,Everyman/Orphan,5.377594144043112
all_rows_missing_visibility_equal,log_cap_p99,2000,2000–2004,Explorer/Seeker,24.023765116204057
all_rows_missing_visibility_equal,log_cap_p99,2000,2000–2004,Hero/Warrior,28.54570014578537
all_rows_missing_visibility_equal,log_cap_p99,2000,2000–2004,Innocent,1.8736976607333538
all_rows_missing_visibility_equal,log_cap_p99,2000,2000–2004,Jester/Trickster,2.990168686727343
all_rows_missing_visibility_equal,log_cap_p99,2000,2000–2004,Lover,2.4487435062718492
all_rows_missing_visibility_equal,log_cap_p99,2000,2000–2004,Magician/Transformer,5.675923601570384
all_rows_missing_visibility_equal,log_cap_p99,2000,2000–2004,Rebel/Outlaw,5.6269912997810705
all_rows_missing_visibility_equal,log_cap_p99,2000,2000–2004,Ruler/Leader,6.870929978641182
all_rows_missing_visibility_equal,log_cap_p99,2000,2000–2004,Sage/Investigator,8.911664134004921
all_rows_missing_visibility_equal,log_cap_p99,2005,2005–2009,Caregiver/Guardian,2.5142449646084377
all_rows_missing_visibility_equal,log_cap_p99,2005,2005–2009,Creator/Artist,3.3561174100986655
all_rows_missing_visibility_equal,log_cap_p99,2005,2005–2009,Everyman/Orphan,6.712172010502149
all_rows_missing_visibility_equal,log_cap_p99,2005,2005–2009,Explorer/Seeker,21.647884188831735
all_rows_missing_visibility_equal,log_cap_p99,2005,2005–2009,Hero/Warrior,27.52203772998182
all_rows_missing_visibility_equal,log_cap_p99,2005,2005–2009,Innocent,1.5656169560701814
all_rows_missing_visibility_equal,log_cap_p99,2005,2005–2009,Jester/Trickster,4.059474935357845
all_rows_missing_visibility_equal,log_cap_p99,2005,2005–2009,Lover,2.4687968648335668
all_rows_missing_visibility_equal,log_cap_p99,2005,2005–2009,Magician/Transformer,4.772715609197303
all_rows_missing_visibility_equal,log_cap_p99,2005,2005–2009,Rebel/Outlaw,5.84487387787644
all_rows_missing_visibility_equal,log_cap_p99,2005,2005–2009,Ruler/Leader,6.87205370748228
all_rows_missing_visibility_equal,log_cap_p99,2005,2005–2009,Sage/Investigator,9.787440512534303
all_rows_missing_visibility_equal,log_cap_p99,2010,2010–2014,Caregiver/Guardian,2.360423106026798
all_rows_missing_visibility_equal,log_cap_p99,2010,2010–2014,Creator/Artist,4.36757070536141
all_rows_missing_visibility_equal,log_cap_p99,2010,2010–2014,Everyman/Orphan,8.719257231664784
all_rows_missing_visibility_equal,log_cap_p99,2010,2010–2014,Explorer/Seeker,20.24850565404977
all_rows_missing_visibility_equal,log_cap_p99,2010,2010–2014,Hero/Warrior,23.393580214106404
all_rows_missing_visibility_equal,log_cap_p99,2010,2010–2014,Innocent,2.20341442402328
all_rows_missing_visibility_equal,log_cap_p99,2010,2010–2014,Jester/Trickster,5.352657910286053
all_rows_missing_visibility_equal,log_cap_p99,2010,2010–2014,Lover,3.0135131079312236
all_rows_missing_visibility_equal,log_cap_p99,2010,2010–2014,Magician/Transformer,4.986856531120575
all_rows_missing_visibility_equal,log_cap_p99,2010,2010–2014,Rebel/Outlaw,6.844524291289757
all_rows_missing_visibility_equal,log_cap_p99,2010,2010–2014,Ruler/Leader,5.859559813043829
all_rows_missing_visibility_equal,log_cap_p99,2010,2010–2014,Sage/Investigator,8.851501337336822
all_rows_missing_visibility_equal,log_cap_p99,2015,2015–2019,Caregiver/Guardian,2.370352397974357
all_rows_missing_visibility_equal,log_cap_p99,2015,2015–2019,Creator/Artist,4.438749311899558
all_rows_missing_visibility_equal,log_cap_p99,2015,2015–2019,Everyman/Orphan,11.008851957826625
all_rows_missing_visibility_equal,log_cap_p99,2015,2015–2019,Explorer/Seeker,19.684357944143372
all_rows_missing_visibility_equal,log_cap_p99,2015,2015–2019,Hero/Warrior,19.361009134299938
all_rows_missing_visibility_equal,log_cap_p99,2015,2015–2019,Innocent,2.417226124517082
all_rows_missing_visibility_equal,log_cap_p99,2015,2015–2019,Jester/Trickster,6.029174409322819
all_rows_missing_visibility_equal,log_cap_p99,2015,2015–2019,Lover,3.3589895995003864
all_rows_missing_visibility_equal,log_cap_p99,2015,2015–2019,Magician/Transformer,5.696173463290265
all_rows_missing_visibility_equal,log_cap_p99,2015,2015–2019,Rebel/Outlaw,7.681983842785837
all_rows_missing_visibility_equal,log_cap_p99,2015,2015–2019,Ruler/Leader,5.395663358833024
all_rows_missing_visibility_equal,log_cap_p99,2015,2015–2019,Sage/Investigator,7.563993858732236
all_rows_missing_visibility_equal,log_cap_p99,2020,2020–2024,Caregiver/Guardian,2.971081059764206
all_rows_missing_visibility_equal,log_cap_p99,2020,2020–2024,Creator/Artist,4.951346906314768
all_rows_missing_visibility_equal,log_cap_p99,2020,2020–2024,Everyman/Orphan,11.620046739760838
all_rows_missing_visibility_equal,log_cap_p99,2020,2020–2024,Explorer/Seeker,21.692298525730024
all_rows_missing_visibility_equal,log_cap_p99,2020,2020–2024,Hero/Warrior,19.009480969608763
all_rows_missing_visibility_equal,log_cap_p99,2020,2020–2024,Innocent,2.365893449961549
all_rows_missing_visibility_equal,log_cap_p99,2020,2020–2024,Jester/Trickster,4.795567459532874
all_rows_missing_visibility_equal,log_cap_p99,2020,2020–2024,Lover,3.654492895662346
all_rows_missing_visibility_equal,log_cap_p99,2020,2020–2024,Magician/Transformer,5.530519144038493
all_rows_missing_visibility_equal,log_cap_p99,2020,2020–2024,Rebel/Outlaw,6.6641658474350605
all_rows_missing_visibility_equal,log_cap_p99,2020,2020–2024,Ruler/Leader,5.175147785248856
all_rows_missing_visibility_equal,log_cap_p99,2020,2020–2024,Sage/Investigator,7.110993485145222
all_rows_missing_visibility_equal,log_cap_p99,2025,2025,Caregiver/Guardian,3.0497496770376853
all_rows_missing_visibility_equal,log_cap_p99,2025,2025,Creator/Artist,5.256037732186333
all_rows_missing_visibility_equal,log_cap_p99,2025,2025,Everyman/Orphan,12.06607936357258
all_rows_missing_visibility_equal,log_cap_p99,2025,2025,Explorer/Seeker,27.87937178537342
all_rows_missing_visibility_equal,log_cap_p99,2025,2025,Hero/Warrior,19.82163520442466
all_rows_missing_visibility_equal,log_cap_p99,2025,2025,Innocent,1.679698250195349
all_rows_missing_visibility_equal,log_cap_p99,2025,2025,Jester/Trickster,3.1026595737179345
all_rows_missing_visibility_equal,log_cap_p99,2025,2025,Lover,2.67352690268313
all_rows_missing_visibility_equal,log_cap_p99,2025,2025,Magician/Transformer,5.152163102924464
all_rows_missing_visibility_equal,log_cap_p99,2025,2025,Rebel/Outlaw,4.843747821729242
all_rows_missing_visibility_equal,log_cap_p99,2025,2025,Ruler/Leader,4.8248841893686825
all_rows_missing_visibility_equal,log_cap_p99,2025,2025,Sage/Investigator,6.796413579225693
all_rows_missing_visibility_equal,log_reviews,1970,1970–1974,Caregiver/Guardian,6.315789473684211
all_rows_missing_visibility_equal,log_reviews,1970,1970–1974,Creator/Artist,21.703134240094617
all_rows_missing_visibility_equal,log_reviews,1970,1970–1974,Everyman/Orphan,11.727713287501409
all_rows_missing_visibility_equal,log_reviews,1970,1970–1974,Explorer/Seeker,28.975951113739402
all_rows_missing_visibility_equal,log_reviews,1970,1970–1974,Hero/Warrior,43.38360493539505
all_rows_missing_visibility_equal,log_reviews,1970,1970–1974,Innocent,11.270145384875464
all_rows_missing_visibility_equal,log_reviews,1970,1970–1974,Magician/Transformer,12.63157894736842
all_rows_missing_visibility_equal,log_reviews,1970,1970–1974,Rebel/Outlaw,5.913660555884092
all_rows_missing_visibility_equal,log_reviews,1970,1970–1974,Ruler/Leader,12.631578947368423
all_rows_missing_visibility_equal,log_reviews,1970,1970–1974,Sage/Investigator,8.763521536319205
all_rows_missing_visibility_equal,log_reviews,1975,1975–1979,Caregiver/Guardian,3.3762213306908615
all_rows_missing_visibility_equal,log_reviews,1975,1975–1979,Creator/Artist,9.922909130819908
all_rows_missing_visibility_equal,log_reviews,1975,1975–1979,Everyman/Orphan,6.12003147984685
all_rows_missing_visibility_equal,log_reviews,1975,1975–1979,Explorer/Seeker,24.730944041602168
all_rows_missing_visibility_equal,log_reviews,1975,1975–1979,Hero/Warrior,41.908679224692165
all_rows_missing_visibility_equal,log_reviews,1975,1975–1979,Innocent,3.274110965728599
all_rows_missing_visibility_equal,log_reviews,1975,1975–1979,Lover,1.3662653894615395
all_rows_missing_visibility_equal,log_reviews,1975,1975–1979,Magician/Transformer,4.0758123786448355
all_rows_missing_visibility_equal,log_reviews,1975,1975–1979,Rebel/Outlaw,3.323792238426572
all_rows_missing_visibility_equal,log_reviews,1975,1975–1979,Ruler/Leader,4.403971171403826
all_rows_missing_visibility_equal,log_reviews,1975,1975–1979,Sage/Investigator,6.219508170799365
all_rows_missing_visibility_equal,log_reviews,1980,1980–1984,Caregiver/Guardian,3.6092313704847307
all_rows_missing_visibility_equal,log_reviews,1980,1980–1984,Creator/Artist,4.096749370761257
all_rows_missing_visibility_equal,log_reviews,1980,1980–1984,Everyman/Orphan,5.5333643058328335
all_rows_missing_visibility_equal,log_reviews,1980,1980–1984,Explorer/Seeker,21.830911794559373
all_rows_missing_visibility_equal,log_reviews,1980,1980–1984,Hero/Warrior,40.10869780901604
all_rows_missing_visibility_equal,log_reviews,1980,1980–1984,Innocent,0.6345015539327475
all_rows_missing_visibility_equal,log_reviews,1980,1980–1984,Jester/Trickster,0.4899601232742643
all_rows_missing_visibility_equal,log_reviews,1980,1980–1984,Lover,0.5407348276545669
all_rows_missing_visibility_equal,log_reviews,1980,1980–1984,Magician/Transformer,6.864786911758787
all_rows_missing_visibility_equal,log_reviews,1980,1980–1984,Rebel/Outlaw,1.585221783108717
all_rows_missing_visibility_equal,log_reviews,1980,1980–1984,Ruler/Leader,5.083893599402797
all_rows_missing_visibility_equal,log_reviews,1980,1980–1984,Sage/Investigator,9.719938574868738
all_rows_missing_visibility_equal,log_reviews,1985,1985–1989,Caregiver/Guardian,3.2668182196679867
all_rows_missing_visibility_equal,log_reviews,1985,1985–1989,Creator/Artist,3.182430246271097
all_rows_missing_visibility_equal,log_reviews,1985,1985–1989,Everyman/Orphan,4.987071514686331
all_rows_missing_visibility_equal,log_reviews,1985,1985–1989,Explorer/Seeker,24.84635089738207
all_rows_missing_visibility_equal,log_reviews,1985,1985–1989,Hero/Warrior,36.031926881082256
all_rows_missing_visibility_equal,log_reviews,1985,1985–1989,Innocent,0.8012750333470468
all_rows_missing_visibility_equal,log_reviews,1985,1985–1989,Jester/Trickster,1.5750219890266457
all_rows_missing_visibility_equal,log_reviews,1985,1985–1989,Lover,1.9682506867100173
all_rows_missing_visibility_equal,log_reviews,1985,1985–1989,Magician/Transformer,6.497016666810609
all_rows_missing_visibility_equal,log_reviews,1985,1985–1989,Rebel/Outlaw,2.081070802552437
all_rows_missing_visibility_equal,log_reviews,1985,1985–1989,Ruler/Leader,5.543105195121214
all_rows_missing_visibility_equal,log_reviews,1985,1985–1989,Sage/Investigator,9.06285909550106
all_rows_missing_visibility_equal,log_reviews,1990,1990–1994,Caregiver/Guardian,3.138390621516348
all_rows_missing_visibility_equal,log_reviews,1990,1990–1994,Creator/Artist,3.0131867920463877
all_rows_missing_visibility_equal,log_reviews,1990,1990–1994,Everyman/Orphan,4.821379984159546
all_rows_missing_visibility_equal,log_reviews,1990,1990–1994,Explorer/Seeker,24.274682151609795
all_rows_missing_visibility_equal,log_reviews,1990,1990–1994,Hero/Warrior,34.73888603027653
all_rows_missing_visibility_equal,log_reviews,1990,1990–1994,Innocent,1.875861505981895
all_rows_missing_visibility_equal,log_reviews,1990,1990–1994,Jester/Trickster,2.693494922066621
all_rows_missing_visibility_equal,log_reviews,1990,1990–1994,Lover,1.6831100080559769
all_rows_missing_visibility_equal,log_reviews,1990,1990–1994,Magician/Transformer,7.171471563622161
all_rows_missing_visibility_equal,log_reviews,1990,1990–1994,Rebel/Outlaw,2.218712526119032
all_rows_missing_visibility_equal,log_reviews,1990,1990–1994,Ruler/Leader,5.8478729082818575
all_rows_missing_visibility_equal,log_reviews,1990,1990–1994,Sage/Investigator,8.008566383146105
all_rows_missing_visibility_equal,log_reviews,1995,1995–1999,Caregiver/Guardian,2.936008208009948
all_rows_missing_visibility_equal,log_reviews,1995,1995–1999,Creator/Artist,3.5491945521301034
all_rows_missing_visibility_equal,log_reviews,1995,1995–1999,Everyman/Orphan,5.6135475023808965
all_rows_missing_visibility_equal,log_reviews,1995,1995–1999,Explorer/Seeker,24.339934002262414
all_rows_missing_visibility_equal,log_reviews,1995,1995–1999,Hero/Warrior,28.128440015661425
all_rows_missing_visibility_equal,log_reviews,1995,1995–1999,Innocent,2.293299553416675
all_rows_missing_visibility_equal,log_reviews,1995,1995–1999,Jester/Trickster,3.1166112914633004
all_rows_missing_visibility_equal,log_reviews,1995,1995–1999,Lover,2.4007266925036967
all_rows_missing_visibility_equal,log_reviews,1995,1995–1999,Magician/Transformer,6.124933571021705
all_rows_missing_visibility_equal,log_reviews,1995,1995–1999,Rebel/Outlaw,4.010294656431453
all_rows_missing_visibility_equal,log_reviews,1995,1995–1999,Ruler/Leader,6.075431732291789
all_rows_missing_visibility_equal,log_reviews,1995,1995–1999,Sage/Investigator,9.892389261542345
all_rows_missing_visibility_equal,log_reviews,2000,2000–2004,Caregiver/Guardian,2.623861886149373
all_rows_missing_visibility_equal,log_reviews,2000,2000–2004,Creator/Artist,2.7380340559760583
all_rows_missing_visibility_equal,log_reviews,2000,2000–2004,Everyman/Orphan,5.372233935682905
all_rows_missing_visibility_equal,log_reviews,2000,2000–2004,Explorer/Seeker,24.00381404138576
all_rows_missing_visibility_equal,log_reviews,2000,2000–2004,Hero/Warrior,28.544849612503146
all_rows_missing_visibility_equal,log_reviews,2000,2000–2004,Innocent,1.8722098423534725
all_rows_missing_visibility_equal,log_reviews,2000,2000–2004,Jester/Trickster,2.9954882398236666
all_rows_missing_visibility_equal,log_reviews,2000,2000–2004,Lover,2.4513394790353327
all_rows_missing_visibility_equal,log_reviews,2000,2000–2004,Magician/Transformer,5.671630560009331
all_rows_missing_visibility_equal,log_reviews,2000,2000–2004,Rebel/Outlaw,5.6578404069847945
all_rows_missing_visibility_equal,log_reviews,2000,2000–2004,Ruler/Leader,6.865510310808209
all_rows_missing_visibility_equal,log_reviews,2000,2000–2004,Sage/Investigator,8.91072124157294
all_rows_missing_visibility_equal,log_reviews,2005,2005–2009,Caregiver/Guardian,2.5190684451701655
all_rows_missing_visibility_equal,log_reviews,2005,2005–2009,Creator/Artist,3.3521828508663227
all_rows_missing_visibility_equal,log_reviews,2005,2005–2009,Everyman/Orphan,6.748763564982703
all_rows_missing_visibility_equal,log_reviews,2005,2005–2009,Explorer/Seeker,21.62614817097377
all_rows_missing_visibility_equal,log_reviews,2005,2005–2009,Hero/Warrior,27.51671054880231
all_rows_missing_visibility_equal,log_reviews,2005,2005–2009,Innocent,1.5638456173711088
all_rows_missing_visibility_equal,log_reviews,2005,2005–2009,Jester/Trickster,4.058926390429134
all_rows_missing_visibility_equal,log_reviews,2005,2005–2009,Lover,2.466485924964866
all_rows_missing_visibility_equal,log_reviews,2005,2005–2009,Magician/Transformer,4.767477464044687
all_rows_missing_visibility_equal,log_reviews,2005,2005–2009,Rebel/Outlaw,5.855529831009733
all_rows_missing_visibility_equal,log_reviews,2005,2005–2009,Ruler/Leader,6.8655863476798
all_rows_missing_visibility_equal,log_reviews,2005,2005–2009,Sage/Investigator,9.781355446342163
all_rows_missing_visibility_equal,log_reviews,2010,2010–2014,Caregiver/Guardian,2.3643185699718563
all_rows_missing_visibility_equal,log_reviews,2010,2010–2014,Creator/Artist,4.362516819656939
all_rows_missing_visibility_equal,log_reviews,2010,2010–2014,Everyman/Orphan,8.75467608669452
all_rows_missing_visibility_equal,log_reviews,2010,2010–2014,Explorer/Seeker,20.228318201966353
all_rows_missing_visibility_equal,log_reviews,2010,2010–2014,Hero/Warrior,23.37661048112227
all_rows_missing_visibility_equal,log_reviews,2010,2010–2014,Innocent,2.199809213728244
all_rows_missing_visibility_equal,log_reviews,2010,2010–2014,Jester/Trickster,5.347715323792758
all_rows_missing_visibility_equal,log_reviews,2010,2010–2014,Lover,3.0047290856695197
all_rows_missing_visibility_equal,log_reviews,2010,2010–2014,Magician/Transformer,4.980883048192089
all_rows_missing_visibility_equal,log_reviews,2010,2010–2014,Rebel/Outlaw,6.884700547650837
all_rows_missing_visibility_equal,log_reviews,2010,2010–2014,Ruler/Leader,5.853227756855068
all_rows_missing_visibility_equal,log_reviews,2010,2010–2014,Sage/Investigator,8.834208316282266
all_rows_missing_visibility_equal,log_reviews,2015,2015–2019,Caregiver/Guardian,2.38217132620326
all_rows_missing_visibility_equal,log_reviews,2015,2015–2019,Creator/Artist,4.435979232131469
all_rows_missing_visibility_equal,log_reviews,2015,2015–2019,Everyman/Orphan,11.015679849845466
all_rows_missing_visibility_equal,log_reviews,2015,2015–2019,Explorer/Seeker,19.678290502561833
all_rows_missing_visibility_equal,log_reviews,2015,2015–2019,Hero/Warrior,19.377337125773863
all_rows_missing_visibility_equal,log_reviews,2015,2015–2019,Innocent,2.4212760131391926
all_rows_missing_visibility_equal,log_reviews,2015,2015–2019,Jester/Trickster,6.020975590101875
all_rows_missing_visibility_equal,log_reviews,2015,2015–2019,Lover,3.3576833712787626
all_rows_missing_visibility_equal,log_reviews,2015,2015–2019,Magician/Transformer,5.691677057485237
all_rows_missing_visibility_equal,log_reviews,2015,2015–2019,Rebel/Outlaw,7.680347625786784
all_rows_missing_visibility_equal,log_reviews,2015,2015–2019,Ruler/Leader,5.387823676058475
all_rows_missing_visibility_equal,log_reviews,2015,2015–2019,Sage/Investigator,7.555594232277867
all_rows_missing_visibility_equal,log_reviews,2020,2020–2024,Caregiver/Guardian,2.9729577048196694
all_rows_missing_visibility_equal,log_reviews,2020,2020–2024,Creator/Artist,4.950140667937345
all_rows_missing_visibility_equal,log_reviews,2020,2020–2024,Everyman/Orphan,11.621128496136045
all_rows_missing_visibility_equal,log_reviews,2020,2020–2024,Explorer/Seeker,21.69250369569956
all_rows_missing_visibility_equal,log_reviews,2020,2020–2024,Hero/Warrior,19.01765887234494
all_rows_missing_visibility_equal,log_reviews,2020,2020–2024,Innocent,2.366238853005941
all_rows_missing_visibility_equal,log_reviews,2020,2020–2024,Jester/Trickster,4.792554804589882
all_rows_missing_visibility_equal,log_reviews,2020,2020–2024,Lover,3.653713056303799
all_rows_missing_visibility_equal,log_reviews,2020,2020–2024,Magician/Transformer,5.529812419809291
all_rows_missing_visibility_equal,log_reviews,2020,2020–2024,Rebel/Outlaw,6.666406268612123
all_rows_missing_visibility_equal,log_reviews,2020,2020–2024,Ruler/Leader,5.172393272507653
all_rows_missing_visibility_equal,log_reviews,2020,2020–2024,Sage/Investigator,7.106343366419692
all_rows_missing_visibility_equal,log_reviews,2025,2025,Caregiver/Guardian,3.0504169803440657
all_rows_missing_visibility_equal,log_reviews,2025,2025,Creator/Artist,5.254939145391145
all_rows_missing_visibility_equal,log_reviews,2025,2025,Everyman/Orphan,12.07166188109687
all_rows_missing_visibility_equal,log_reviews,2025,2025,Explorer/Seeker,27.873548197695207
all_rows_missing_visibility_equal,log_reviews,2025,2025,Hero/Warrior,19.82430734597477
all_rows_missing_visibility_equal,log_reviews,2025,2025,Innocent,1.6787118863048436
all_rows_missing_visibility_equal,log_reviews,2025,2025,Jester/Trickster,3.100837608750304
all_rows_missing_visibility_equal,log_reviews,2025,2025,Lover,2.6719569359365463
all_rows_missing_visibility_equal,log_reviews,2025,2025,Magician/Transformer,5.1502159037054405
all_rows_missing_visibility_equal,log_reviews,2025,2025,Rebel/Outlaw,4.849130146301842
all_rows_missing_visibility_equal,log_reviews,2025,2025,Ruler/Leader,4.825037762160973
all_rows_missing_visibility_equal,log_reviews,2025,2025,Sage/Investigator,6.792422542776907
all_rows_missing_visibility_equal,raw_cap_p99,1970,1970–1974,Caregiver/Guardian,6.315789473684211
all_rows_missing_visibility_equal,raw_cap_p99,1970,1970–1974,Creator/Artist,21.703134240094617
all_rows_missing_visibility_equal,raw_cap_p99,1970,1970–1974,Everyman/Orphan,11.727713287501407
all_rows_missing_visibility_equal,raw_cap_p99,1970,1970–1974,Explorer/Seeker,28.975951113739402
all_rows_missing_visibility_equal,raw_cap_p99,1970,1970–1974,Hero/Warrior,43.38360493539505
all_rows_missing_visibility_equal,raw_cap_p99,1970,1970–1974,Innocent,11.270145384875462
all_rows_missing_visibility_equal,raw_cap_p99,1970,1970–1974,Magician/Transformer,12.63157894736842
all_rows_missing_visibility_equal,raw_cap_p99,1970,1970–1974,Rebel/Outlaw,5.913660555884091
all_rows_missing_visibility_equal,raw_cap_p99,1970,1970–1974,Ruler/Leader,12.63157894736842
all_rows_missing_visibility_equal,raw_cap_p99,1970,1970–1974,Sage/Investigator,8.763521536319201
all_rows_missing_visibility_equal,raw_cap_p99,1975,1975–1979,Caregiver/Guardian,3.3762213306908606
all_rows_missing_visibility_equal,raw_cap_p99,1975,1975–1979,Creator/Artist,9.922909130819908
all_rows_missing_visibility_equal,raw_cap_p99,1975,1975–1979,Everyman/Orphan,6.12003147984685
all_rows_missing_visibility_equal,raw_cap_p99,1975,1975–1979,Explorer/Seeker,24.730944041602168
all_rows_missing_visibility_equal,raw_cap_p99,1975,1975–1979,Hero/Warrior,41.90867922469216
all_rows_missing_visibility_equal,raw_cap_p99,1975,1975–1979,Innocent,3.274110965728599
all_rows_missing_visibility_equal,raw_cap_p99,1975,1975–1979,Lover,1.3662653894615395
all_rows_missing_visibility_equal,raw_cap_p99,1975,1975–1979,Magician/Transformer,4.075812378644834
all_rows_missing_visibility_equal,raw_cap_p99,1975,1975–1979,Rebel/Outlaw,3.3237922384265715
all_rows_missing_visibility_equal,raw_cap_p99,1975,1975–1979,Ruler/Leader,4.403971171403826
all_rows_missing_visibility_equal,raw_cap_p99,1975,1975–1979,Sage/Investigator,6.219508170799365
all_rows_missing_visibility_equal,raw_cap_p99,1980,1980–1984,Caregiver/Guardian,3.1227072651312135
all_rows_missing_visibility_equal,raw_cap_p99,1980,1980–1984,Creator/Artist,3.527192956123334
all_rows_missing_visibility_equal,raw_cap_p99,1980,1980–1984,Everyman/Orphan,4.909565571397398
all_rows_missing_visibility_equal,raw_cap_p99,1980,1980–1984,Explorer/Seeker,24.855981670650383
all_rows_missing_visibility_equal,raw_cap_p99,1980,1980–1984,Hero/Warrior,36.98002908489896
all_rows_missing_visibility_equal,raw_cap_p99,1980,1980–1984,Innocent,0.5205660954896736
all_rows_missing_visibility_equal,raw_cap_p99,1980,1980–1984,Jester/Trickster,4.2443410450268395
all_rows_missing_visibility_equal,raw_cap_p99,1980,1980–1984,Lover,0.44018432032642363
all_rows_missing_visibility_equal,raw_cap_p99,1980,1980–1984,Magician/Transformer,7.00242433217141
all_rows_missing_visibility_equal,raw_cap_p99,1980,1980–1984,Rebel/Outlaw,1.8584062077298884
all_rows_missing_visibility_equal,raw_cap_p99,1980,1980–1984,Ruler/Leader,4.562963827163604
all_rows_missing_visibility_equal,raw_cap_p99,1980,1980–1984,Sage/Investigator,8.82450583289624
all_rows_missing_visibility_equal,raw_cap_p99,1985,1985–1989,Caregiver/Guardian,2.0880476434459316
all_rows_missing_visibility_equal,raw_cap_p99,1985,1985–1989,Creator/Artist,1.8813292291865849
all_rows_missing_visibility_equal,raw_cap_p99,1985,1985–1989,Everyman/Orphan,6.03186917083695
all_rows_missing_visibility_equal,raw_cap_p99,1985,1985–1989,Explorer/Seeker,25.513586622546864
all_rows_missing_visibility_equal,raw_cap_p99,1985,1985–1989,Hero/Warrior,29.17565305838756
all_rows_missing_visibility_equal,raw_cap_p99,1985,1985–1989,Innocent,0.8815971999806994
all_rows_missing_visibility_equal,raw_cap_p99,1985,1985–1989,Jester/Trickster,5.505259702231568
all_rows_missing_visibility_equal,raw_cap_p99,1985,1985–1989,Lover,5.45684465358575
all_rows_missing_visibility_equal,raw_cap_p99,1985,1985–1989,Magician/Transformer,4.67768837777688
all_rows_missing_visibility_equal,raw_cap_p99,1985,1985–1989,Rebel/Outlaw,4.287163371384879
all_rows_missing_visibility_equal,raw_cap_p99,1985,1985–1989,Ruler/Leader,4.287868778135419
all_rows_missing_visibility_equal,raw_cap_p99,1985,1985–1989,Sage/Investigator,9.54252641071646
all_rows_missing_visibility_equal,raw_cap_p99,1990,1990–1994,Caregiver/Guardian,0.7781012594007356
all_rows_missing_visibility_equal,raw_cap_p99,1990,1990–1994,Creator/Artist,0.8754550971869586
all_rows_missing_visibility_equal,raw_cap_p99,1990,1990–1994,Everyman/Orphan,5.123990387414152
all_rows_missing_visibility_equal,raw_cap_p99,1990,1990–1994,Explorer/Seeker,30.435361001352145
all_rows_missing_visibility_equal,raw_cap_p99,1990,1990–1994,Hero/Warrior,25.660059872221524
all_rows_missing_visibility_equal,raw_cap_p99,1990,1990–1994,Innocent,2.4563217092841567
all_rows_missing_visibility_equal,raw_cap_p99,1990,1990–1994,Jester/Trickster,4.055591073351008
all_rows_missing_visibility_equal,raw_cap_p99,1990,1990–1994,Lover,1.1770493550794991
all_rows_missing_visibility_equal,raw_cap_p99,1990,1990–1994,Magician/Transformer,6.850109429460285
all_rows_missing_visibility_equal,raw_cap_p99,1990,1990–1994,Rebel/Outlaw,4.060584781221438
all_rows_missing_visibility_equal,raw_cap_p99,1990,1990–1994,Ruler/Leader,3.8955276173037503
all_rows_missing_visibility_equal,raw_cap_p99,1990,1990–1994,Sage/Investigator,11.922907445056119
all_rows_missing_visibility_equal,raw_cap_p99,1995,1995–1999,Caregiver/Guardian,0.2073668077412322
all_rows_missing_visibility_equal,raw_cap_p99,1995,1995–1999,Creator/Artist,0.5791189140312236
all_rows_missing_visibility_equal,raw_cap_p99,1995,1995–1999,Everyman/Orphan,8.989933266112072
all_rows_missing_visibility_equal,raw_cap_p99,1995,1995–1999,Explorer/Seeker,22.377960431249733
all_rows_missing_visibility_equal,raw_cap_p99,1995,1995–1999,Hero/Warrior,26.999623651874394
all_rows_missing_visibility_equal,raw_cap_p99,1995,1995–1999,Innocent,1.423156475154195
all_rows_missing_visibility_equal,raw_cap_p99,1995,1995–1999,Jester/Trickster,2.7835243283286992
all_rows_missing_visibility_equal,raw_cap_p99,1995,1995–1999,Lover,1.9199221083539697
all_rows_missing_visibility_equal,raw_cap_p99,1995,1995–1999,Magician/Transformer,4.199034013403261
all_rows_missing_visibility_equal,raw_cap_p99,1995,1995–1999,Rebel/Outlaw,7.707180817114107
all_rows_missing_visibility_equal,raw_cap_p99,1995,1995–1999,Ruler/Leader,3.0516909285769067
all_rows_missing_visibility_equal,raw_cap_p99,1995,1995–1999,Sage/Investigator,14.135365344663644
all_rows_missing_visibility_equal,raw_cap_p99,2000,2000–2004,Caregiver/Guardian,0.3170168395173789
all_rows_missing_visibility_equal,raw_cap_p99,2000,2000–2004,Creator/Artist,1.0383460546511196
all_rows_missing_visibility_equal,raw_cap_p99,2000,2000–2004,Everyman/Orphan,4.24014087946769
all_rows_missing_visibility_equal,raw_cap_p99,2000,2000–2004,Explorer/Seeker,18.39941718871264
all_rows_missing_visibility_equal,raw_cap_p99,2000,2000–2004,Hero/Warrior,22.450475754253766
all_rows_missing_visibility_equal,raw_cap_p99,2000,2000–2004,Innocent,1.0299887683902451
all_rows_missing_visibility_equal,raw_cap_p99,2000,2000–2004,Jester/Trickster,3.7270574605704576
all_rows_missing_visibility_equal,raw_cap_p99,2000,2000–2004,Lover,1.680813372784615
all_rows_missing_visibility_equal,raw_cap_p99,2000,2000–2004,Magician/Transformer,2.8088992628021408
all_rows_missing_visibility_equal,raw_cap_p99,2000,2000–2004,Rebel/Outlaw,20.97293820368511
all_rows_missing_visibility_equal,raw_cap_p99,2000,2000–2004,Ruler/Leader,6.182578670175625
all_rows_missing_visibility_equal,raw_cap_p99,2000,2000–2004,Sage/Investigator,8.182394243070659
all_rows_missing_visibility_equal,raw_cap_p99,2005,2005–2009,Caregiver/Guardian,2.3565981086790266
all_rows_missing_visibility_equal,raw_cap_p99,2005,2005–2009,Creator/Artist,1.6992686240358168
all_rows_missing_visibility_equal,raw_cap_p99,2005,2005–2009,Everyman/Orphan,11.015904225252187
all_rows_missing_visibility_equal,raw_cap_p99,2005,2005–2009,Explorer/Seeker,15.88795636876145
all_rows_missing_visibility_equal,raw_cap_p99,2005,2005–2009,Hero/Warrior,28.488147577681342
all_rows_missing_visibility_equal,raw_cap_p99,2005,2005–2009,Innocent,0.26542957381816235
all_rows_missing_visibility_equal,raw_cap_p99,2005,2005–2009,Jester/Trickster,5.960578140993183
all_rows_missing_visibility_equal,raw_cap_p99,2005,2005–2009,Lover,0.6859119434021945
all_rows_missing_visibility_equal,raw_cap_p99,2005,2005–2009,Magician/Transformer,2.6082861143168916
all_rows_missing_visibility_equal,raw_cap_p99,2005,2005–2009,Rebel/Outlaw,10.258416960446626
all_rows_missing_visibility_equal,raw_cap_p99,2005,2005–2009,Ruler/Leader,5.538379872979335
all_rows_missing_visibility_equal,raw_cap_p99,2005,2005–2009,Sage/Investigator,8.868355899043275
all_rows_missing_visibility_equal,raw_cap_p99,2010,2010–2014,Caregiver/Guardian,4.196597057377641
all_rows_missing_visibility_equal,raw_cap_p99,2010,2010–2014,Creator/Artist,2.9804461570550704
all_rows_missing_visibility_equal,raw_cap_p99,2010,2010–2014,Everyman/Orphan,12.67603338152216
all_rows_missing_visibility_equal,raw_cap_p99,2010,2010–2014,Explorer/Seeker,12.696722460719311
all_rows_missing_visibility_equal,raw_cap_p99,2010,2010–2014,Hero/Warrior,23.502699890261468
all_rows_missing_visibility_equal,raw_cap_p99,2010,2010–2014,Innocent,3.187522241760383
all_rows_missing_visibility_equal,raw_cap_p99,2010,2010–2014,Jester/Trickster,4.815155924313454
all_rows_missing_visibility_equal,raw_cap_p99,2010,2010–2014,Lover,1.6522512431726
all_rows_missing_visibility_equal,raw_cap_p99,2010,2010–2014,Magician/Transformer,3.198835781071992
all_rows_missing_visibility_equal,raw_cap_p99,2010,2010–2014,Rebel/Outlaw,11.602625471528732
all_rows_missing_visibility_equal,raw_cap_p99,2010,2010–2014,Ruler/Leader,4.670492988502159
all_rows_missing_visibility_equal,raw_cap_p99,2010,2010–2014,Sage/Investigator,7.532260155093551
all_rows_missing_visibility_equal,raw_cap_p99,2015,2015–2019,Caregiver/Guardian,4.248026312285679
all_rows_missing_visibility_equal,raw_cap_p99,2015,2015–2019,Creator/Artist,3.5800079293367695
all_rows_missing_visibility_equal,raw_cap_p99,2015,2015–2019,Everyman/Orphan,12.023007035082568
all_rows_missing_visibility_equal,raw_cap_p99,2015,2015–2019,Explorer/Seeker,17.063483492937067
all_rows_missing_visibility_equal,raw_cap_p99,2015,2015–2019,Hero/Warrior,21.174380695774268
all_rows_missing_visibility_equal,raw_cap_p99,2015,2015–2019,Innocent,3.1513160347262383
all_rows_missing_visibility_equal,raw_cap_p99,2015,2015–2019,Jester/Trickster,4.82979705713821
all_rows_missing_visibility_equal,raw_cap_p99,2015,2015–2019,Lover,3.80028458172942
all_rows_missing_visibility_equal,raw_cap_p99,2015,2015–2019,Magician/Transformer,3.2684316823024644
all_rows_missing_visibility_equal,raw_cap_p99,2015,2015–2019,Rebel/Outlaw,8.683745359549231
all_rows_missing_visibility_equal,raw_cap_p99,2015,2015–2019,Ruler/Leader,5.002885028900196
all_rows_missing_visibility_equal,raw_cap_p99,2015,2015–2019,Sage/Investigator,7.507961667482173
all_rows_missing_visibility_equal,raw_cap_p99,2020,2020–2024,Caregiver/Guardian,4.530953572374832
all_rows_missing_visibility_equal,raw_cap_p99,2020,2020–2024,Creator/Artist,5.182778476027477
all_rows_missing_visibility_equal,raw_cap_p99,2020,2020–2024,Everyman/Orphan,11.971221417871574
all_rows_missing_visibility_equal,raw_cap_p99,2020,2020–2024,Explorer/Seeker,16.852390206349035
all_rows_missing_visibility_equal,raw_cap_p99,2020,2020–2024,Hero/Warrior,21.49928572250552
all_rows_missing_visibility_equal,raw_cap_p99,2020,2020–2024,Innocent,2.746380764470753
all_rows_missing_visibility_equal,raw_cap_p99,2020,2020–2024,Jester/Trickster,4.443606984208186
all_rows_missing_visibility_equal,raw_cap_p99,2020,2020–2024,Lover,3.5824890449005906
all_rows_missing_visibility_equal,raw_cap_p99,2020,2020–2024,Magician/Transformer,4.3251912988900525
all_rows_missing_visibility_equal,raw_cap_p99,2020,2020–2024,Rebel/Outlaw,8.33697898882443
all_rows_missing_visibility_equal,raw_cap_p99,2020,2020–2024,Ruler/Leader,5.614757476919955
all_rows_missing_visibility_equal,raw_cap_p99,2020,2020–2024,Sage/Investigator,5.594875275989487
all_rows_missing_visibility_equal,raw_cap_p99,2025,2025,Caregiver/Guardian,3.972442127402585
all_rows_missing_visibility_equal,raw_cap_p99,2025,2025,Creator/Artist,7.432217948243926
all_rows_missing_visibility_equal,raw_cap_p99,2025,2025,Everyman/Orphan,15.068929650282453
all_rows_missing_visibility_equal,raw_cap_p99,2025,2025,Explorer/Seeker,19.112746638937267
all_rows_missing_visibility_equal,raw_cap_p99,2025,2025,Hero/Warrior,21.46721114434381
all_rows_missing_visibility_equal,raw_cap_p99,2025,2025,Innocent,1.5418532052191716
all_rows_missing_visibility_equal,raw_cap_p99,2025,2025,Jester/Trickster,3.0445688269488445
all_rows_missing_visibility_equal,raw_cap_p99,2025,2025,Lover,1.0621981381179078
all_rows_missing_visibility_equal,raw_cap_p99,2025,2025,Magician/Transformer,3.919530041026511
all_rows_missing_visibility_equal,raw_cap_p99,2025,2025,Rebel/Outlaw,8.735453417672195
all_rows_missing_visibility_equal,raw_cap_p99,2025,2025,Ruler/Leader,5.517523972968296
all_rows_missing_visibility_equal,raw_cap_p99,2025,2025,Sage/Investigator,4.452876086225201
all_rows_missing_visibility_equal,raw_reviews,1970,1970–1974,Caregiver/Guardian,6.315789473684211
all_rows_missing_visibility_equal,raw_reviews,1970,1970–1974,Creator/Artist,21.703134240094617
all_rows_missing_visibility_equal,raw_reviews,1970,1970–1974,Everyman/Orphan,11.727713287501407
all_rows_missing_visibility_equal,raw_reviews,1970,1970–1974,Explorer/Seeker,28.975951113739402
all_rows_missing_visibility_equal,raw_reviews,1970,1970–1974,Hero/Warrior,43.38360493539505
all_rows_missing_visibility_equal,raw_reviews,1970,1970–1974,Innocent,11.270145384875462
all_rows_missing_visibility_equal,raw_reviews,1970,1970–1974,Magician/Transformer,12.63157894736842
all_rows_missing_visibility_equal,raw_reviews,1970,1970–1974,Rebel/Outlaw,5.913660555884091
all_rows_missing_visibility_equal,raw_reviews,1970,1970–1974,Ruler/Leader,12.63157894736842
all_rows_missing_visibility_equal,raw_reviews,1970,1970–1974,Sage/Investigator,8.763521536319201
all_rows_missing_visibility_equal,raw_reviews,1975,1975–1979,Caregiver/Guardian,3.3762213306908606
all_rows_missing_visibility_equal,raw_reviews,1975,1975–1979,Creator/Artist,9.922909130819908
all_rows_missing_visibility_equal,raw_reviews,1975,1975–1979,Everyman/Orphan,6.12003147984685
all_rows_missing_visibility_equal,raw_reviews,1975,1975–1979,Explorer/Seeker,24.730944041602168
all_rows_missing_visibility_equal,raw_reviews,1975,1975–1979,Hero/Warrior,41.90867922469216
all_rows_missing_visibility_equal,raw_reviews,1975,1975–1979,Innocent,3.274110965728599
all_rows_missing_visibility_equal,raw_reviews,1975,1975–1979,Lover,1.3662653894615395
all_rows_missing_visibility_equal,raw_reviews,1975,1975–1979,Magician/Transformer,4.075812378644834
all_rows_missing_visibility_equal,raw_reviews,1975,1975–1979,Rebel/Outlaw,3.3237922384265715
all_rows_missing_visibility_equal,raw_reviews,1975,1975–1979,Ruler/Leader,4.403971171403826
all_rows_missing_visibility_equal,raw_reviews,1975,1975–1979,Sage/Investigator,6.219508170799365
all_rows_missing_visibility_equal,raw_reviews,1980,1980–1984,Caregiver/Guardian,3.1227072651312135
all_rows_missing_visibility_equal,raw_reviews,1980,1980–1984,Creator/Artist,3.527192956123334
all_rows_missing_visibility_equal,raw_reviews,1980,1980–1984,Everyman/Orphan,4.909565571397398
all_rows_missing_visibility_equal,raw_reviews,1980,1980–1984,Explorer/Seeker,24.855981670650383
all_rows_missing_visibility_equal,raw_reviews,1980,1980–1984,Hero/Warrior,36.98002908489896
all_rows_missing_visibility_equal,raw_reviews,1980,1980–1984,Innocent,0.5205660954896736
all_rows_missing_visibility_equal,raw_reviews,1980,1980–1984,Jester/Trickster,4.2443410450268395
all_rows_missing_visibility_equal,raw_reviews,1980,1980–1984,Lover,0.44018432032642363
all_rows_missing_visibility_equal,raw_reviews,1980,1980–1984,Magician/Transformer,7.00242433217141
all_rows_missing_visibility_equal,raw_reviews,1980,1980–1984,Rebel/Outlaw,1.8584062077298884
all_rows_missing_visibility_equal,raw_reviews,1980,1980–1984,Ruler/Leader,4.562963827163604
all_rows_missing_visibility_equal,raw_reviews,1980,1980–1984,Sage/Investigator,8.82450583289624
all_rows_missing_visibility_equal,raw_reviews,1985,1985–1989,Caregiver/Guardian,2.0880476434459316
all_rows_missing_visibility_equal,raw_reviews,1985,1985–1989,Creator/Artist,1.8813292291865849
all_rows_missing_visibility_equal,raw_reviews,1985,1985–1989,Everyman/Orphan,6.03186917083695
all_rows_missing_visibility_equal,raw_reviews,1985,1985–1989,Explorer/Seeker,25.513586622546864
all_rows_missing_visibility_equal,raw_reviews,1985,1985–1989,Hero/Warrior,29.17565305838756
all_rows_missing_visibility_equal,raw_reviews,1985,1985–1989,Innocent,0.8815971999806994
all_rows_missing_visibility_equal,raw_reviews,1985,1985–1989,Jester/Trickster,5.505259702231568
all_rows_missing_visibility_equal,raw_reviews,1985,1985–1989,Lover,5.45684465358575
all_rows_missing_visibility_equal,raw_reviews,1985,1985–1989,Magician/Transformer,4.67768837777688
all_rows_missing_visibility_equal,raw_reviews,1985,1985–1989,Rebel/Outlaw,4.287163371384879
all_rows_missing_visibility_equal,raw_reviews,1985,1985–1989,Ruler/Leader,4.287868778135419
all_rows_missing_visibility_equal,raw_reviews,1985,1985–1989,Sage/Investigator,9.54252641071646
all_rows_missing_visibility_equal,raw_reviews,1990,1990–1994,Caregiver/Guardian,0.7781012594007356
all_rows_missing_visibility_equal,raw_reviews,1990,1990–1994,Creator/Artist,0.8754550971869586
all_rows_missing_visibility_equal,raw_reviews,1990,1990–1994,Everyman/Orphan,5.123990387414152
all_rows_missing_visibility_equal,raw_reviews,1990,1990–1994,Explorer/Seeker,30.435361001352145
all_rows_missing_visibility_equal,raw_reviews,1990,1990–1994,Hero/Warrior,25.660059872221524
all_rows_missing_visibility_equal,raw_reviews,1990,1990–1994,Innocent,2.4563217092841567
all_rows_missing_visibility_equal,raw_reviews,1990,1990–1994,Jester/Trickster,4.055591073351008
all_rows_missing_visibility_equal,raw_reviews,1990,1990–1994,Lover,1.1770493550794991
all_rows_missing_visibility_equal,raw_reviews,1990,1990–1994,Magician/Transformer,6.850109429460285
all_rows_missing_visibility_equal,raw_reviews,1990,1990–1994,Rebel/Outlaw,4.060584781221438
all_rows_missing_visibility_equal,raw_reviews,1990,1990–1994,Ruler/Leader,3.8955276173037503
all_rows_missing_visibility_equal,raw_reviews,1990,1990–1994,Sage/Investigator,11.922907445056119
all_rows_missing_visibility_equal,raw_reviews,1995,1995–1999,Caregiver/Guardian,0.16436637590891906
all_rows_missing_visibility_equal,raw_reviews,1995,1995–1999,Creator/Artist,0.5706016449996797
all_rows_missing_visibility_equal,raw_reviews,1995,1995–1999,Everyman/Orphan,8.857876735924895
all_rows_missing_visibility_equal,raw_reviews,1995,1995–1999,Explorer/Seeker,20.78379828115131
all_rows_missing_visibility_equal,raw_reviews,1995,1995–1999,Hero/Warrior,27.27097848035374
all_rows_missing_visibility_equal,raw_reviews,1995,1995–1999,Innocent,1.3951384305085301
all_rows_missing_visibility_equal,raw_reviews,1995,1995–1999,Jester/Trickster,2.698628645536401
all_rows_missing_visibility_equal,raw_reviews,1995,1995–1999,Lover,1.8974954209904145
all_rows_missing_visibility_equal,raw_reviews,1995,1995–1999,Magician/Transformer,4.192596200275437
all_rows_missing_visibility_equal,raw_reviews,1995,1995–1999,Rebel/Outlaw,7.386530521266556
all_rows_missing_visibility_equal,raw_reviews,1995,1995–1999,Ruler/Leader,2.718406161308855
all_rows_missing_visibility_equal,raw_reviews,1995,1995–1999,Sage/Investigator,16.519445313552847
all_rows_missing_visibility_equal,raw_reviews,2000,2000–2004,Caregiver/Guardian,0.2548342298972893
all_rows_missing_visibility_equal,raw_reviews,2000,2000–2004,Creator/Artist,0.7118915921642465
all_rows_missing_visibility_equal,raw_reviews,2000,2000–2004,Everyman/Orphan,3.757628304278145
all_rows_missing_visibility_equal,raw_reviews,2000,2000–2004,Explorer/Seeker,15.5772584072073
all_rows_missing_visibility_equal,raw_reviews,2000,2000–2004,Hero/Warrior,23.409105906983164
all_rows_missing_visibility_equal,raw_reviews,2000,2000–2004,Innocent,0.7704751696428639
all_rows_missing_visibility_equal,raw_reviews,2000,2000–2004,Jester/Trickster,4.85903691522336
all_rows_missing_visibility_equal,raw_reviews,2000,2000–2004,Lover,1.3637053062902584
all_rows_missing_visibility_equal,raw_reviews,2000,2000–2004,Magician/Transformer,2.6954476287071953
all_rows_missing_visibility_equal,raw_reviews,2000,2000–2004,Rebel/Outlaw,24.067236524318577
all_rows_missing_visibility_equal,raw_reviews,2000,2000–2004,Ruler/Leader,5.70840985994473
all_rows_missing_visibility_equal,raw_reviews,2000,2000–2004,Sage/Investigator,8.303103370251147
all_rows_missing_visibility_equal,raw_reviews,2005,2005–2009,Caregiver/Guardian,3.5112458681875856
all_rows_missing_visibility_equal,raw_reviews,2005,2005–2009,Creator/Artist,1.027399502212629
all_rows_missing_visibility_equal,raw_reviews,2005,2005–2009,Everyman/Orphan,19.643968370625036
all_rows_missing_visibility_equal,raw_reviews,2005,2005–2009,Explorer/Seeker,12.493385535049526
all_rows_missing_visibility_equal,raw_reviews,2005,2005–2009,Hero/Warrior,26.6957002731424
all_rows_missing_visibility_equal,raw_reviews,2005,2005–2009,Innocent,0.1823445833679392
all_rows_missing_visibility_equal,raw_reviews,2005,2005–2009,Jester/Trickster,5.270525665368298
all_rows_missing_visibility_equal,raw_reviews,2005,2005–2009,Lover,0.42925177473363496
all_rows_missing_visibility_equal,raw_reviews,2005,2005–2009,Magician/Transformer,1.8339095456308177
all_rows_missing_visibility_equal,raw_reviews,2005,2005–2009,Rebel/Outlaw,10.853927934185824
all_rows_missing_visibility_equal,raw_reviews,2005,2005–2009,Ruler/Leader,4.465495869123189
all_rows_missing_visibility_equal,raw_reviews,2005,2005–2009,Sage/Investigator,8.03522898563677
all_rows_missing_visibility_equal,raw_reviews,2010,2010–2014,Caregiver/Guardian,3.038373511392172
all_rows_missing_visibility_equal,raw_reviews,2010,2010–2014,Creator/Artist,4.093150900390876
all_rows_missing_visibility_equal,raw_reviews,2010,2010–2014,Everyman/Orphan,15.344286768137575
all_rows_missing_visibility_equal,raw_reviews,2010,2010–2014,Explorer/Seeker,13.922867983677781
all_rows_missing_visibility_equal,raw_reviews,2010,2010–2014,Hero/Warrior,20.063585833157465
all_rows_missing_visibility_equal,raw_reviews,2010,2010–2014,Innocent,2.1168096829637184
all_rows_missing_visibility_equal,raw_reviews,2010,2010–2014,Jester/Trickster,4.330444162302415
all_rows_missing_visibility_equal,raw_reviews,2010,2010–2014,Lover,1.2950323721316337
all_rows_missing_visibility_equal,raw_reviews,2010,2010–2014,Magician/Transformer,2.8843516673725853
all_rows_missing_visibility_equal,raw_reviews,2010,2010–2014,Rebel/Outlaw,16.34042754302941
all_rows_missing_visibility_equal,raw_reviews,2010,2010–2014,Ruler/Leader,4.335755990761519
all_rows_missing_visibility_equal,raw_reviews,2010,2010–2014,Sage/Investigator,5.302427422540154
all_rows_missing_visibility_equal,raw_reviews,2015,2015–2019,Caregiver/Guardian,7.2890781535124844
all_rows_missing_visibility_equal,raw_reviews,2015,2015–2019,Creator/Artist,4.491477136495184
all_rows_missing_visibility_equal,raw_reviews,2015,2015–2019,Everyman/Orphan,13.845097891753449
all_rows_missing_visibility_equal,raw_reviews,2015,2015–2019,Explorer/Seeker,16.77351291576616
all_rows_missing_visibility_equal,raw_reviews,2015,2015–2019,Hero/Warrior,24.77985673047952
all_rows_missing_visibility_equal,raw_reviews,2015,2015–2019,Innocent,3.1585251127184617
all_rows_missing_visibility_equal,raw_reviews,2015,2015–2019,Jester/Trickster,3.0973493581166602
all_rows_missing_visibility_equal,raw_reviews,2015,2015–2019,Lover,2.7663791270185465
all_rows_missing_visibility_equal,raw_reviews,2015,2015–2019,Magician/Transformer,3.3324842031162873
all_rows_missing_visibility_equal,raw_reviews,2015,2015–2019,Rebel/Outlaw,7.250583673617049
all_rows_missing_visibility_equal,raw_reviews,2015,2015–2019,Ruler/Leader,2.8163900945522333
all_rows_missing_visibility_equal,raw_reviews,2015,2015–2019,Sage/Investigator,4.915611118438973
all_rows_missing_visibility_equal,raw_reviews,2020,2020–2024,Caregiver/Guardian,3.9473924092518287
all_rows_missing_visibility_equal,raw_reviews,2020,2020–2024,Creator/Artist,4.334919675700123
all_rows_missing_visibility_equal,raw_reviews,2020,2020–2024,Everyman/Orphan,11.038048954665275
all_rows_missing_visibility_equal,raw_reviews,2020,2020–2024,Explorer/Seeker,20.45145763632626
all_rows_missing_visibility_equal,raw_reviews,2020,2020–2024,Hero/Warrior,25.333215132600685
all_rows_missing_visibility_equal,raw_reviews,2020,2020–2024,Innocent,2.1538673859726893
all_rows_missing_visibility_equal,raw_reviews,2020,2020–2024,Jester/Trickster,3.63674396972175
all_rows_missing_visibility_equal,raw_reviews,2020,2020–2024,Lover,2.921612869611127
all_rows_missing_visibility_equal,raw_reviews,2020,2020–2024,Magician/Transformer,5.423217640980726
all_rows_missing_visibility_equal,raw_reviews,2020,2020–2024,Rebel/Outlaw,7.985757912717894
all_rows_missing_visibility_equal,raw_reviews,2020,2020–2024,Ruler/Leader,4.060576984063951
all_rows_missing_visibility_equal,raw_reviews,2020,2020–2024,Sage/Investigator,4.565785737009018
all_rows_missing_visibility_equal,raw_reviews,2025,2025,Caregiver/Guardian,4.282613137903546
all_rows_missing_visibility_equal,raw_reviews,2025,2025,Creator/Artist,5.936487354939509
all_rows_missing_visibility_equal,raw_reviews,2025,2025,Everyman/Orphan,16.25810023886999
all_rows_missing_visibility_equal,raw_reviews,2025,2025,Explorer/Seeker,18.70023298621655
all_rows_missing_visibility_equal,raw_reviews,2025,2025,Hero/Warrior,22.38927406690513
all_rows_missing_visibility_equal,raw_reviews,2025,2025,Innocent,1.0678211688242332
all_rows_missing_visibility_equal,raw_reviews,2025,2025,Jester/Trickster,2.108537331798852
all_rows_missing_visibility_equal,raw_reviews,2025,2025,Lover,0.7356327136257816
all_rows_missing_visibility_equal,raw_reviews,2025,2025,Magician/Transformer,3.0904409193749696
all_rows_missing_visibility_equal,raw_reviews,2025,2025,Rebel/Outlaw,10.910745246009196
all_rows_missing_visibility_equal,raw_reviews,2025,2025,Ruler/Leader,5.852814303108977
all_rows_missing_visibility_equal,raw_reviews,2025,2025,Sage/Investigator,3.0838703262588307
all_rows_missing_visibility_equal,sqrt_reviews,1970,1970–1974,Caregiver/Guardian,6.315789473684211
all_rows_missing_visibility_equal,sqrt_reviews,1970,1970–1974,Creator/Artist,21.703134240094617
all_rows_missing_visibility_equal,sqrt_reviews,1970,1970–1974,Everyman/Orphan,11.727713287501407
all_rows_missing_visibility_equal,sqrt_reviews,1970,1970–1974,Explorer/Seeker,28.975951113739402
all_rows_missing_visibility_equal,sqrt_reviews,1970,1970–1974,Hero/Warrior,43.38360493539505
all_rows_missing_visibility_equal,sqrt_reviews,1970,1970–1974,Innocent,11.270145384875462
all_rows_missing_visibility_equal,sqrt_reviews,1970,1970–1974,Magician/Transformer,12.63157894736842
all_rows_missing_visibility_equal,sqrt_reviews,1970,1970–1974,Rebel/Outlaw,5.913660555884091
all_rows_missing_visibility_equal,sqrt_reviews,1970,1970–1974,Ruler/Leader,12.63157894736842
all_rows_missing_visibility_equal,sqrt_reviews,1970,1970–1974,Sage/Investigator,8.763521536319201
all_rows_missing_visibility_equal,sqrt_reviews,1975,1975–1979,Caregiver/Guardian,3.3762213306908606
all_rows_missing_visibility_equal,sqrt_reviews,1975,1975–1979,Creator/Artist,9.922909130819908
all_rows_missing_visibility_equal,sqrt_reviews,1975,1975–1979,Everyman/Orphan,6.12003147984685
all_rows_missing_visibility_equal,sqrt_reviews,1975,1975–1979,Explorer/Seeker,24.730944041602168
all_rows_missing_visibility_equal,sqrt_reviews,1975,1975–1979,Hero/Warrior,41.90867922469216
all_rows_missing_visibility_equal,sqrt_reviews,1975,1975–1979,Innocent,3.274110965728599
all_rows_missing_visibility_equal,sqrt_reviews,1975,1975–1979,Lover,1.3662653894615395
all_rows_missing_visibility_equal,sqrt_reviews,1975,1975–1979,Magician/Transformer,4.075812378644834
all_rows_missing_visibility_equal,sqrt_reviews,1975,1975–1979,Rebel/Outlaw,3.3237922384265715
all_rows_missing_visibility_equal,sqrt_reviews,1975,1975–1979,Ruler/Leader,4.403971171403826
all_rows_missing_visibility_equal,sqrt_reviews,1975,1975–1979,Sage/Investigator,6.219508170799365
all_rows_missing_visibility_equal,sqrt_reviews,1980,1980–1984,Caregiver/Guardian,3.5880893063810673
all_rows_missing_visibility_equal,sqrt_reviews,1980,1980–1984,Creator/Artist,4.0714895219451055
all_rows_missing_visibility_equal,sqrt_reviews,1980,1980–1984,Everyman/Orphan,5.504783768272513
all_rows_missing_visibility_equal,sqrt_reviews,1980,1980–1984,Explorer/Seeker,21.97341064155165
all_rows_missing_visibility_equal,sqrt_reviews,1980,1980–1984,Hero/Warrior,39.964420809538474
all_rows_missing_visibility_equal,sqrt_reviews,1980,1980–1984,Innocent,0.6292829097954976
all_rows_missing_visibility_equal,sqrt_reviews,1980,1980–1984,Jester/Trickster,0.6792760773258009
all_rows_missing_visibility_equal,sqrt_reviews,1980,1980–1984,Lover,0.5361524466684049
all_rows_missing_visibility_equal,sqrt_reviews,1980,1980–1984,Magician/Transformer,6.857068934444595
all_rows_missing_visibility_equal,sqrt_reviews,1980,1980–1984,Rebel/Outlaw,1.5924599201229124
all_rows_missing_visibility_equal,sqrt_reviews,1980,1980–1984,Ruler/Leader,5.061222178483476
all_rows_missing_visibility_equal,sqrt_reviews,1980,1980–1984,Sage/Investigator,9.678198700935662
all_rows_missing_visibility_equal,sqrt_reviews,1985,1985–1989,Caregiver/Guardian,3.1738964195012485
all_rows_missing_visibility_equal,sqrt_reviews,1985,1985–1989,Creator/Artist,3.0847385688907742
all_rows_missing_visibility_equal,sqrt_reviews,1985,1985–1989,Everyman/Orphan,5.058767962802217
all_rows_missing_visibility_equal,sqrt_reviews,1985,1985–1989,Explorer/Seeker,24.909308857738402
all_rows_missing_visibility_equal,sqrt_reviews,1985,1985–1989,Hero/Warrior,35.50077205915069
all_rows_missing_visibility_equal,sqrt_reviews,1985,1985–1989,Innocent,0.8106397849991678
all_rows_missing_visibility_equal,sqrt_reviews,1985,1985–1989,Jester/Trickster,1.8871528417429047
all_rows_missing_visibility_equal,sqrt_reviews,1985,1985–1989,Lover,2.220525353221467
all_rows_missing_visibility_equal,sqrt_reviews,1985,1985–1989,Magician/Transformer,6.353359048661913
all_rows_missing_visibility_equal,sqrt_reviews,1985,1985–1989,Rebel/Outlaw,2.235834133467486
all_rows_missing_visibility_equal,sqrt_reviews,1985,1985–1989,Ruler/Leader,5.436476523464392
all_rows_missing_visibility_equal,sqrt_reviews,1985,1985–1989,Sage/Investigator,9.127566913116837
all_rows_missing_visibility_equal,sqrt_reviews,1990,1990–1994,Caregiver/Guardian,2.780887964718178
all_rows_missing_visibility_equal,sqrt_reviews,1990,1990–1994,Creator/Artist,2.7117480945686174
all_rows_missing_visibility_equal,sqrt_reviews,1990,1990–1994,Everyman/Orphan,4.821791521130036
all_rows_missing_visibility_equal,sqrt_reviews,1990,1990–1994,Explorer/Seeker,24.81241671271843
all_rows_missing_visibility_equal,sqrt_reviews,1990,1990–1994,Hero/Warrior,33.3781580740915
all_rows_missing_visibility_equal,sqrt_reviews,1990,1990–1994,Innocent,2.1489783382240235
all_rows_missing_visibility_equal,sqrt_reviews,1990,1990–1994,Jester/Trickster,3.072943869414391
all_rows_missing_visibility_equal,sqrt_reviews,1990,1990–1994,Lover,1.5638104151635512
all_rows_missing_visibility_equal,sqrt_reviews,1990,1990–1994,Magician/Transformer,6.830372986782807
all_rows_missing_visibility_equal,sqrt_reviews,1990,1990–1994,Rebel/Outlaw,2.3986695326605147
all_rows_missing_visibility_equal,sqrt_reviews,1990,1990–1994,Ruler/Leader,5.794176310748634
all_rows_missing_visibility_equal,sqrt_reviews,1990,1990–1994,Sage/Investigator,8.780368311353314
all_rows_missing_visibility_equal,sqrt_reviews,1995,1995–1999,Caregiver/Guardian,1.9969780001885318
all_rows_missing_visibility_equal,sqrt_reviews,1995,1995–1999,Creator/Artist,2.632722453893421
all_rows_missing_visibility_equal,sqrt_reviews,1995,1995–1999,Everyman/Orphan,6.7929046161784346
all_rows_missing_visibility_equal,sqrt_reviews,1995,1995–1999,Explorer/Seeker,22.989107960889008
all_rows_missing_visibility_equal,sqrt_reviews,1995,1995–1999,Hero/Warrior,27.65607508263556
all_rows_missing_visibility_equal,sqrt_reviews,1995,1995–1999,Innocent,2.1566681427761507
all_rows_missing_visibility_equal,sqrt_reviews,1995,1995–1999,Jester/Trickster,3.3160677296583914
all_rows_missing_visibility_equal,sqrt_reviews,1995,1995–1999,Lover,2.0038973810311216
all_rows_missing_visibility_equal,sqrt_reviews,1995,1995–1999,Magician/Transformer,5.3029500943626395
all_rows_missing_visibility_equal,sqrt_reviews,1995,1995–1999,Rebel/Outlaw,5.479860180149633
all_rows_missing_visibility_equal,sqrt_reviews,1995,1995–1999,Ruler/Leader,5.495586488522601
all_rows_missing_visibility_equal,sqrt_reviews,1995,1995–1999,Sage/Investigator,11.376828176954161
all_rows_missing_visibility_equal,sqrt_reviews,2000,2000–2004,Caregiver/Guardian,1.4696176022719747
all_rows_missing_visibility_equal,sqrt_reviews,2000,2000–2004,Creator/Artist,2.009456947054875
all_rows_missing_visibility_equal,sqrt_reviews,2000,2000–2004,Everyman/Orphan,4.748090382201087
all_rows_missing_visibility_equal,sqrt_reviews,2000,2000–2004,Explorer/Seeker,20.449333652968424
all_rows_missing_visibility_equal,sqrt_reviews,2000,2000–2004,Hero/Warrior,26.059068323387244
all_rows_missing_visibility_equal,sqrt_reviews,2000,2000–2004,Innocent,1.486558758397631
all_rows_missing_visibility_equal,sqrt_reviews,2000,2000–2004,Jester/Trickster,3.4525231679574517
all_rows_missing_visibility_equal,sqrt_reviews,2000,2000–2004,Lover,1.9586657763184547
all_rows_missing_visibility_equal,sqrt_reviews,2000,2000–2004,Magician/Transformer,4.3819292763423086
all_rows_missing_visibility_equal,sqrt_reviews,2000,2000–2004,Rebel/Outlaw,12.523993683903575
all_rows_missing_visibility_equal,sqrt_reviews,2000,2000–2004,Ruler/Leader,7.265871818128224
all_rows_missing_visibility_equal,sqrt_reviews,2000,2000–2004,Sage/Investigator,8.946663378204645
all_rows_missing_visibility_equal,sqrt_reviews,2005,2005–2009,Caregiver/Guardian,2.3266094700222757
all_rows_missing_visibility_equal,sqrt_reviews,2005,2005–2009,Creator/Artist,2.595052037449539
all_rows_missing_visibility_equal,sqrt_reviews,2005,2005–2009,Everyman/Orphan,9.62017236822537
all_rows_missing_visibility_equal,sqrt_reviews,2005,2005–2009,Explorer/Seeker,17.200697316870965
all_rows_missing_visibility_equal,sqrt_reviews,2005,2005–2009,Hero/Warrior,27.69640766088702
all_rows_missing_visibility_equal,sqrt_reviews,2005,2005–2009,Innocent,0.9280934091817545
all_rows_missing_visibility_equal,sqrt_reviews,2005,2005–2009,Jester/Trickster,4.787916017078939
all_rows_missing_visibility_equal,sqrt_reviews,2005,2005–2009,Lover,1.313266723988055
all_rows_missing_visibility_equal,sqrt_reviews,2005,2005–2009,Magician/Transformer,3.746496321867896
all_rows_missing_visibility_equal,sqrt_reviews,2005,2005–2009,Rebel/Outlaw,8.977901658522006
all_rows_missing_visibility_equal,sqrt_reviews,2005,2005–2009,Ruler/Leader,6.789794081187023
all_rows_missing_visibility_equal,sqrt_reviews,2005,2005–2009,Sage/Investigator,9.090319325598037
all_rows_missing_visibility_equal,sqrt_reviews,2010,2010–2014,Caregiver/Guardian,2.933392156859653
all_rows_missing_visibility_equal,sqrt_reviews,2010,2010–2014,Creator/Artist,3.9278073092939083
all_rows_missing_visibility_equal,sqrt_reviews,2010,2010–2014,Everyman/Orphan,11.242628889463353
all_rows_missing_visibility_equal,sqrt_reviews,2010,2010–2014,Explorer/Seeker,15.959346636894633
all_rows_missing_visibility_equal,sqrt_reviews,2010,2010–2014,Hero/Warrior,22.88566796994496
all_rows_missing_visibility_equal,sqrt_reviews,2010,2010–2014,Innocent,2.540136064555873
all_rows_missing_visibility_equal,sqrt_reviews,2010,2010–2014,Jester/Trickster,5.477277898913836
all_rows_missing_visibility_equal,sqrt_reviews,2010,2010–2014,Lover,1.89125611275368
all_rows_missing_visibility_equal,sqrt_reviews,2010,2010–2014,Magician/Transformer,3.9439767779870154
all_rows_missing_visibility_equal,sqrt_reviews,2010,2010–2014,Rebel/Outlaw,10.425080479500613
all_rows_missing_visibility_equal,sqrt_reviews,2010,2010–2014,Ruler/Leader,5.436988320879633
all_rows_missing_visibility_equal,sqrt_reviews,2010,2010–2014,Sage/Investigator,7.534381741098073
all_rows_missing_visibility_equal,sqrt_reviews,2015,2015–2019,Caregiver/Guardian,3.4498468583986495
all_rows_missing_visibility_equal,sqrt_reviews,2015,2015–2019,Creator/Artist,4.23649295409062
all_rows_missing_visibility_equal,sqrt_reviews,2015,2015–2019,Everyman/Orphan,11.964898396388186
all_rows_missing_visibility_equal,sqrt_reviews,2015,2015–2019,Explorer/Seeker,17.992981334979515
all_rows_missing_visibility_equal,sqrt_reviews,2015,2015–2019,Hero/Warrior,20.155016712525907
all_rows_missing_visibility_equal,sqrt_reviews,2015,2015–2019,Innocent,2.699814983909463
all_rows_missing_visibility_equal,sqrt_reviews,2015,2015–2019,Jester/Trickster,5.712118371914887
all_rows_missing_visibility_equal,sqrt_reviews,2015,2015–2019,Lover,3.455583930767035
all_rows_missing_visibility_equal,sqrt_reviews,2015,2015–2019,Magician/Transformer,4.49983497404948
all_rows_missing_visibility_equal,sqrt_reviews,2015,2015–2019,Rebel/Outlaw,7.992992517561957
all_rows_missing_visibility_equal,sqrt_reviews,2015,2015–2019,Ruler/Leader,5.171264175399024
all_rows_missing_visibility_equal,sqrt_reviews,2015,2015–2019,Sage/Investigator,7.31899389901217
all_rows_missing_visibility_equal,sqrt_reviews,2020,2020–2024,Caregiver/Guardian,3.5274220095485163
all_rows_missing_visibility_equal,sqrt_reviews,2020,2020–2024,Creator/Artist,5.349600190218483
all_rows_missing_visibility_equal,sqrt_reviews,2020,2020–2024,Everyman/Orphan,11.795588520226712
all_rows_missing_visibility_equal,sqrt_reviews,2020,2020–2024,Explorer/Seeker,19.026102269449133
all_rows_missing_visibility_equal,sqrt_reviews,2020,2020–2024,Hero/Warrior,19.656508704923795
all_rows_missing_visibility_equal,sqrt_reviews,2020,2020–2024,Innocent,2.379192709087769
all_rows_missing_visibility_equal,sqrt_reviews,2020,2020–2024,Jester/Trickster,4.923865382995395
all_rows_missing_visibility_equal,sqrt_reviews,2020,2020–2024,Lover,3.6010190081078064
all_rows_missing_visibility_equal,sqrt_reviews,2020,2020–2024,Magician/Transformer,5.055771476473845
all_rows_missing_visibility_equal,sqrt_reviews,2020,2020–2024,Rebel/Outlaw,7.614029251249496
all_rows_missing_visibility_equal,sqrt_reviews,2020,2020–2024,Ruler/Leader,5.510436951455804
all_rows_missing_visibility_equal,sqrt_reviews,2020,2020–2024,Sage/Investigator,6.691352501568805
all_rows_missing_visibility_equal,sqrt_reviews,2025,2025,Caregiver/Guardian,3.410373084367321
all_rows_missing_visibility_equal,sqrt_reviews,2025,2025,Creator/Artist,6.376894003629046
all_rows_missing_visibility_equal,sqrt_reviews,2025,2025,Everyman/Orphan,12.999576599438692
all_rows_missing_visibility_equal,sqrt_reviews,2025,2025,Explorer/Seeker,23.271399566880238
all_rows_missing_visibility_equal,sqrt_reviews,2025,2025,Hero/Warrior,19.645355793061302
all_rows_missing_visibility_equal,sqrt_reviews,2025,2025,Innocent,1.7072324811694313
all_rows_missing_visibility_equal,sqrt_reviews,2025,2025,Jester/Trickster,3.42113495149204
all_rows_missing_visibility_equal,sqrt_reviews,2025,2025,Lover,2.240655921300759
all_rows_missing_visibility_equal,sqrt_reviews,2025,2025,Magician/Transformer,4.850700054811867
all_rows_missing_visibility_equal,sqrt_reviews,2025,2025,Rebel/Outlaw,6.639072884206641
all_rows_missing_visibility_equal,sqrt_reviews,2025,2025,Ruler/Leader,5.687300344999886
all_rows_missing_visibility_equal,sqrt_reviews,2025,2025,Sage/Investigator,6.0083972278269
all_rows_missing_visibility_equal,tiered_reviews,1970,1970–1974,Caregiver/Guardian,6.315789473684211
all_rows_missing_visibility_equal,tiered_reviews,1970,1970–1974,Creator/Artist,21.703134240094617
all_rows_missing_visibility_equal,tiered_reviews,1970,1970–1974,Everyman/Orphan,11.727713287501407
all_rows_missing_visibility_equal,tiered_reviews,1970,1970–1974,Explorer/Seeker,28.975951113739402
all_rows_missing_visibility_equal,tiered_reviews,1970,1970–1974,Hero/Warrior,43.38360493539505
all_rows_missing_visibility_equal,tiered_reviews,1970,1970–1974,Innocent,11.270145384875462
all_rows_missing_visibility_equal,tiered_reviews,1970,1970–1974,Magician/Transformer,12.63157894736842
all_rows_missing_visibility_equal,tiered_reviews,1970,1970–1974,Rebel/Outlaw,5.913660555884091
all_rows_missing_visibility_equal,tiered_reviews,1970,1970–1974,Ruler/Leader,12.63157894736842
all_rows_missing_visibility_equal,tiered_reviews,1970,1970–1974,Sage/Investigator,8.763521536319201
all_rows_missing_visibility_equal,tiered_reviews,1975,1975–1979,Caregiver/Guardian,3.3762213306908606
all_rows_missing_visibility_equal,tiered_reviews,1975,1975–1979,Creator/Artist,9.922909130819908
all_rows_missing_visibility_equal,tiered_reviews,1975,1975–1979,Everyman/Orphan,6.12003147984685
all_rows_missing_visibility_equal,tiered_reviews,1975,1975–1979,Explorer/Seeker,24.730944041602168
all_rows_missing_visibility_equal,tiered_reviews,1975,1975–1979,Hero/Warrior,41.90867922469216
all_rows_missing_visibility_equal,tiered_reviews,1975,1975–1979,Innocent,3.274110965728599
all_rows_missing_visibility_equal,tiered_reviews,1975,1975–1979,Lover,1.3662653894615395
all_rows_missing_visibility_equal,tiered_reviews,1975,1975–1979,Magician/Transformer,4.075812378644834
all_rows_missing_visibility_equal,tiered_reviews,1975,1975–1979,Rebel/Outlaw,3.3237922384265715
all_rows_missing_visibility_equal,tiered_reviews,1975,1975–1979,Ruler/Leader,4.403971171403826
all_rows_missing_visibility_equal,tiered_reviews,1975,1975–1979,Sage/Investigator,6.219508170799365
all_rows_missing_visibility_equal,tiered_reviews,1980,1980–1984,Caregiver/Guardian,3.63387217531596
all_rows_missing_visibility_equal,tiered_reviews,1980,1980–1984,Creator/Artist,4.1238493902587505
all_rows_missing_visibility_equal,tiered_reviews,1980,1980–1984,Everyman/Orphan,5.547009082786341
all_rows_missing_visibility_equal,tiered_reviews,1980,1980–1984,Explorer/Seeker,21.737684508381914
all_rows_missing_visibility_equal,tiered_reviews,1980,1980–1984,Hero/Warrior,40.21390060269034
all_rows_missing_visibility_equal,tiered_reviews,1980,1980–1984,Innocent,0.6394485183438677
all_rows_missing_visibility_equal,tiered_reviews,1980,1980–1984,Jester/Trickster,0.4158996265679678
all_rows_missing_visibility_equal,tiered_reviews,1980,1980–1984,Lover,0.5452563083858092
all_rows_missing_visibility_equal,tiered_reviews,1980,1980–1984,Magician/Transformer,6.809253946201709
all_rows_missing_visibility_equal,tiered_reviews,1980,1980–1984,Rebel/Outlaw,1.5523959518389399
all_rows_missing_visibility_equal,tiered_reviews,1980,1980–1984,Ruler/Leader,5.1102318691482544
all_rows_missing_visibility_equal,tiered_reviews,1980,1980–1984,Sage/Investigator,9.754377945393745
all_rows_missing_visibility_equal,tiered_reviews,1985,1985–1989,Caregiver/Guardian,3.3573608144462646
all_rows_missing_visibility_equal,tiered_reviews,1985,1985–1989,Creator/Artist,3.304914644041284
all_rows_missing_visibility_equal,tiered_reviews,1985,1985–1989,Everyman/Orphan,4.900168546703531
all_rows_missing_visibility_equal,tiered_reviews,1985,1985–1989,Explorer/Seeker,24.88489553102865
all_rows_missing_visibility_equal,tiered_reviews,1985,1985–1989,Hero/Warrior,36.612469825117415
all_rows_missing_visibility_equal,tiered_reviews,1985,1985–1989,Innocent,0.7761190924945834
all_rows_missing_visibility_equal,tiered_reviews,1985,1985–1989,Jester/Trickster,1.2832587496505605
all_rows_missing_visibility_equal,tiered_reviews,1985,1985–1989,Lover,1.7510246032834167
all_rows_missing_visibility_equal,tiered_reviews,1985,1985–1989,Magician/Transformer,6.576601158411172
all_rows_missing_visibility_equal,tiered_reviews,1985,1985–1989,Rebel/Outlaw,1.9128710629680483
all_rows_missing_visibility_equal,tiered_reviews,1985,1985–1989,Ruler/Leader,5.570799314228276
all_rows_missing_visibility_equal,tiered_reviews,1985,1985–1989,Sage/Investigator,9.005679993294526
all_rows_missing_visibility_equal,tiered_reviews,1990,1990–1994,Caregiver/Guardian,3.4545473922897556
all_rows_missing_visibility_equal,tiered_reviews,1990,1990–1994,Creator/Artist,3.2792180675456892
all_rows_missing_visibility_equal,tiered_reviews,1990,1990–1994,Everyman/Orphan,4.78018063871726
all_rows_missing_visibility_equal,tiered_reviews,1990,1990–1994,Explorer/Seeker,24.239101504324918
all_rows_missing_visibility_equal,tiered_reviews,1990,1990–1994,Hero/Warrior,35.79845179720729
all_rows_missing_visibility_equal,tiered_reviews,1990,1990–1994,Innocent,1.632519363510307
all_rows_missing_visibility_equal,tiered_reviews,1990,1990–1994,Jester/Trickster,2.264861748954246
all_rows_missing_visibility_equal,tiered_reviews,1990,1990–1994,Lover,1.7013868562593584
all_rows_missing_visibility_equal,tiered_reviews,1990,1990–1994,Magician/Transformer,7.408740748066094
all_rows_missing_visibility_equal,tiered_reviews,1990,1990–1994,Rebel/Outlaw,1.8020957093595946
all_rows_missing_visibility_equal,tiered_reviews,1990,1990–1994,Ruler/Leader,5.805793342036386
all_rows_missing_visibility_equal,tiered_reviews,1990,1990–1994,Sage/Investigator,7.611352504633727
all_rows_missing_visibility_equal,tiered_reviews,1995,1995–1999,Caregiver/Guardian,3.489963113300534
all_rows_missing_visibility_equal,tiered_reviews,1995,1995–1999,Creator/Artist,4.058617596670037
all_rows_missing_visibility_equal,tiered_reviews,1995,1995–1999,Everyman/Orphan,5.401601472148961
all_rows_missing_visibility_equal,tiered_reviews,1995,1995–1999,Explorer/Seeker,25.843827480366166
all_rows_missing_visibility_equal,tiered_reviews,1995,1995–1999,Hero/Warrior,28.564416294446126
all_rows_missing_visibility_equal,tiered_reviews,1995,1995–1999,Innocent,2.1928087170129027
all_rows_missing_visibility_equal,tiered_reviews,1995,1995–1999,Jester/Trickster,2.547963279828772
all_rows_missing_visibility_equal,tiered_reviews,1995,1995–1999,Lover,2.679854279984332
all_rows_missing_visibility_equal,tiered_reviews,1995,1995–1999,Magician/Transformer,6.430510349933675
all_rows_missing_visibility_equal,tiered_reviews,1995,1995–1999,Rebel/Outlaw,2.716756249763866
all_rows_missing_visibility_equal,tiered_reviews,1995,1995–1999,Ruler/Leader,5.698987755462146
all_rows_missing_visibility_equal,tiered_reviews,1995,1995–1999,Sage/Investigator,9.688234349721814
all_rows_missing_visibility_equal,tiered_reviews,2000,2000–2004,Caregiver/Guardian,3.2616596053090987
all_rows_missing_visibility_equal,tiered_reviews,2000,2000–2004,Creator/Artist,3.0890948387422013
all_rows_missing_visibility_equal,tiered_reviews,2000,2000–2004,Everyman/Orphan,5.699643170504003
all_rows_missing_visibility_equal,tiered_reviews,2000,2000–2004,Explorer/Seeker,26.06403831976986
all_rows_missing_visibility_equal,tiered_reviews,2000,2000–2004,Hero/Warrior,29.660108605032423
all_rows_missing_visibility_equal,tiered_reviews,2000,2000–2004,Innocent,1.997604332992502
all_rows_missing_visibility_equal,tiered_reviews,2000,2000–2004,Jester/Trickster,2.69233489911957
all_rows_missing_visibility_equal,tiered_reviews,2000,2000–2004,Lover,2.900030000298223
all_rows_missing_visibility_equal,tiered_reviews,2000,2000–2004,Magician/Transformer,5.971265198020586
all_rows_missing_visibility_equal,tiered_reviews,2000,2000–2004,Rebel/Outlaw,3.56348688377727
all_rows_missing_visibility_equal,tiered_reviews,2000,2000–2004,Ruler/Leader,5.664439809598166
all_rows_missing_visibility_equal,tiered_reviews,2000,2000–2004,Sage/Investigator,8.3512784596617
all_rows_missing_visibility_equal,tiered_reviews,2005,2005–2009,Caregiver/Guardian,3.048610925831343
all_rows_missing_visibility_equal,tiered_reviews,2005,2005–2009,Creator/Artist,3.594954297674157
all_rows_missing_visibility_equal,tiered_reviews,2005,2005–2009,Everyman/Orphan,6.290350910663628
all_rows_missing_visibility_equal,tiered_reviews,2005,2005–2009,Explorer/Seeker,24.421444143616444
all_rows_missing_visibility_equal,tiered_reviews,2005,2005–2009,Hero/Warrior,28.362631814089298
all_rows_missing_visibility_equal,tiered_reviews,2005,2005–2009,Innocent,1.7518706760959908
all_rows_missing_visibility_equal,tiered_reviews,2005,2005–2009,Jester/Trickster,3.465249602206346
all_rows_missing_visibility_equal,tiered_reviews,2005,2005–2009,Lover,3.3939446473225816
all_rows_missing_visibility_equal,tiered_reviews,2005,2005–2009,Magician/Transformer,4.980059849027418
all_rows_missing_visibility_equal,tiered_reviews,2005,2005–2009,Rebel/Outlaw,4.024840586102558
all_rows_missing_visibility_equal,tiered_reviews,2005,2005–2009,Ruler/Leader,5.840136067184929
all_rows_missing_visibility_equal,tiered_reviews,2005,2005–2009,Sage/Investigator,9.281179150687873
all_rows_missing_visibility_equal,tiered_reviews,2010,2010–2014,Caregiver/Guardian,2.630016550496792
all_rows_missing_visibility_equal,tiered_reviews,2010,2010–2014,Creator/Artist,4.286317908332902
all_rows_missing_visibility_equal,tiered_reviews,2010,2010–2014,Everyman/Orphan,8.247561411298511
all_rows_missing_visibility_equal,tiered_reviews,2010,2010–2014,Explorer/Seeker,23.255126655300185
all_rows_missing_visibility_equal,tiered_reviews,2010,2010–2014,Hero/Warrior,24.28274791712496
all_rows_missing_visibility_equal,tiered_reviews,2010,2010–2014,Innocent,1.9430076446421385
all_rows_missing_visibility_equal,tiered_reviews,2010,2010–2014,Jester/Trickster,4.23802275785801
all_rows_missing_visibility_equal,tiered_reviews,2010,2010–2014,Lover,3.893632428193153
all_rows_missing_visibility_equal,tiered_reviews,2010,2010–2014,Magician/Transformer,5.126263644554646
all_rows_missing_visibility_equal,tiered_reviews,2010,2010–2014,Rebel/Outlaw,5.259416421329517
all_rows_missing_visibility_equal,tiered_reviews,2010,2010–2014,Ruler/Leader,5.481243855149798
all_rows_missing_visibility_equal,tiered_reviews,2010,2010–2014,Sage/Investigator,8.813681031323913
all_rows_missing_visibility_equal,tiered_reviews,2015,2015–2019,Caregiver/Guardian,2.473405529878329
all_rows_missing_visibility_equal,tiered_reviews,2015,2015–2019,Creator/Artist,4.293052235690057
all_rows_missing_visibility_equal,tiered_reviews,2015,2015–2019,Everyman/Orphan,10.337313967252765
all_rows_missing_visibility_equal,tiered_reviews,2015,2015–2019,Explorer/Seeker,22.796178048694866
all_rows_missing_visibility_equal,tiered_reviews,2015,2015–2019,Hero/Warrior,20.329406864175464
all_rows_missing_visibility_equal,tiered_reviews,2015,2015–2019,Innocent,2.184646826056178
all_rows_missing_visibility_equal,tiered_reviews,2015,2015–2019,Jester/Trickster,5.139834692303168
all_rows_missing_visibility_equal,tiered_reviews,2015,2015–2019,Lover,3.5176628803598433
all_rows_missing_visibility_equal,tiered_reviews,2015,2015–2019,Magician/Transformer,5.598412908950776
all_rows_missing_visibility_equal,tiered_reviews,2015,2015–2019,Rebel/Outlaw,6.582768149553168
all_rows_missing_visibility_equal,tiered_reviews,2015,2015–2019,Ruler/Leader,5.163629831284953
all_rows_missing_visibility_equal,tiered_reviews,2015,2015–2019,Sage/Investigator,7.521992927767963
all_rows_missing_visibility_equal,tiered_reviews,2020,2020–2024,Caregiver/Guardian,2.94745876157776
all_rows_missing_visibility_equal,tiered_reviews,2020,2020–2024,Creator/Artist,4.352553149962814
all_rows_missing_visibility_equal,tiered_reviews,2020,2020–2024,Everyman/Orphan,10.976932480727678
all_rows_missing_visibility_equal,tiered_reviews,2020,2020–2024,Explorer/Seeker,26.53472416085798
all_rows_missing_visibility_equal,tiered_reviews,2020,2020–2024,Hero/Warrior,20.401068910615532
all_rows_missing_visibility_equal,tiered_reviews,2020,2020–2024,Innocent,1.9933197763439725
all_rows_missing_visibility_equal,tiered_reviews,2020,2020–2024,Jester/Trickster,3.736249145562394
all_rows_missing_visibility_equal,tiered_reviews,2020,2020–2024,Lover,3.795806804508377
all_rows_missing_visibility_equal,tiered_reviews,2020,2020–2024,Magician/Transformer,5.079623090662258
all_rows_missing_visibility_equal,tiered_reviews,2020,2020–2024,Rebel/Outlaw,5.218461311063988
all_rows_missing_visibility_equal,tiered_reviews,2020,2020–2024,Ruler/Leader,4.700508776688473
all_rows_missing_visibility_equal,tiered_reviews,2020,2020–2024,Sage/Investigator,7.095636201347912
all_rows_missing_visibility_equal,tiered_reviews,2025,2025,Caregiver/Guardian,2.793510921285768
all_rows_missing_visibility_equal,tiered_reviews,2025,2025,Creator/Artist,4.331813025539027
all_rows_missing_visibility_equal,tiered_reviews,2025,2025,Everyman/Orphan,11.605359415281656
all_rows_missing_visibility_equal,tiered_reviews,2025,2025,Explorer/Seeker,32.97878008667921
all_rows_missing_visibility_equal,tiered_reviews,2025,2025,Hero/Warrior,21.51421541677719
all_rows_missing_visibility_equal,tiered_reviews,2025,2025,Innocent,1.3143373251842618
all_rows_missing_visibility_equal,tiered_reviews,2025,2025,Jester/Trickster,2.1218664160787646
all_rows_missing_visibility_equal,tiered_reviews,2025,2025,Lover,2.7759794411325425
all_rows_missing_visibility_equal,tiered_reviews,2025,2025,Magician/Transformer,4.52961270707049
all_rows_missing_visibility_equal,tiered_reviews,2025,2025,Rebel/Outlaw,3.615395743256686
all_rows_missing_visibility_equal,tiered_reviews,2025,2025,Ruler/Leader,4.066462614779186
all_rows_missing_visibility_equal,tiered_reviews,2025,2025,Sage/Investigator,6.787560691759824
matched_only,blend_equal_log,1980,1980–1984,Everyman/Orphan,8.195300958807806
matched_only,blend_equal_log,1980,1980–1984,Explorer/Seeker,47.16804497482989
matched_only,blend_equal_log,1980,1980–1984,Hero/Warrior,33.245394978258226
matched_only,blend_equal_log,1980,1980–1984,Jester/Trickster,15.18834545080544
matched_only,blend_equal_log,1980,1980–1984,Magician/Transformer,34.21052631578948
matched_only,blend_equal_log,1980,1980–1984,Rebel/Outlaw,31.57894736842105
matched_only,blend_equal_log,1980,1980–1984,Sage/Investigator,15.789473684210527
matched_only,blend_equal_log,1985,1985–1989,Caregiver/Guardian,3.0575931650541763
matched_only,blend_equal_log,1985,1985–1989,Everyman/Orphan,10.6229672500847
matched_only,blend_equal_log,1985,1985–1989,Explorer/Seeker,35.03656871976719
matched_only,blend_equal_log,1985,1985–1989,Hero/Warrior,21.829194169842985
matched_only,blend_equal_log,1985,1985–1989,Innocent,2.793898133871364
matched_only,blend_equal_log,1985,1985–1989,Jester/Trickster,10.89258245366341
matched_only,blend_equal_log,1985,1985–1989,Lover,8.857910708377764
matched_only,blend_equal_log,1985,1985–1989,Magician/Transformer,7.264358941184227
matched_only,blend_equal_log,1985,1985–1989,Rebel/Outlaw,9.325481631016483
matched_only,blend_equal_log,1985,1985–1989,Ruler/Leader,7.660996367136651
matched_only,blend_equal_log,1985,1985–1989,Sage/Investigator,8.64847426903461
matched_only,blend_equal_log,1990,1990–1994,Creator/Artist,0.8236458923328915
matched_only,blend_equal_log,1990,1990–1994,Everyman/Orphan,5.198221264200602
matched_only,blend_equal_log,1990,1990–1994,Explorer/Seeker,25.883343818212932
matched_only,blend_equal_log,1990,1990–1994,Hero/Warrior,24.008711709318714
matched_only,blend_equal_log,1990,1990–1994,Innocent,4.105972321235063
matched_only,blend_equal_log,1990,1990–1994,Jester/Trickster,7.594919451554588
matched_only,blend_equal_log,1990,1990–1994,Lover,4.203796779973829
matched_only,blend_equal_log,1990,1990–1994,Magician/Transformer,5.4824894374960875
matched_only,blend_equal_log,1990,1990–1994,Rebel/Outlaw,7.119392492222164
matched_only,blend_equal_log,1990,1990–1994,Ruler/Leader,7.416421280100543
matched_only,blend_equal_log,1990,1990–1994,Sage/Investigator,11.148392335131721
matched_only,blend_equal_log,1995,1995–1999,Caregiver/Guardian,1.0652710602717443
matched_only,blend_equal_log,1995,1995–1999,Creator/Artist,2.125406257380414
matched_only,blend_equal_log,1995,1995–1999,Everyman/Orphan,6.250821368825688
matched_only,blend_equal_log,1995,1995–1999,Explorer/Seeker,17.645205819980372
matched_only,blend_equal_log,1995,1995–1999,Hero/Warrior,26.63422462771259
matched_only,blend_equal_log,1995,1995–1999,Innocent,2.719512483300468
matched_only,blend_equal_log,1995,1995–1999,Jester/Trickster,5.700525663810623
matched_only,blend_equal_log,1995,1995–1999,Lover,1.6353498239448574
matched_only,blend_equal_log,1995,1995–1999,Magician/Transformer,5.088291004877033
matched_only,blend_equal_log,1995,1995–1999,Rebel/Outlaw,9.630603379717295
matched_only,blend_equal_log,1995,1995–1999,Ruler/Leader,7.6762239450024365
matched_only,blend_equal_log,1995,1995–1999,Sage/Investigator,10.39751826729552
matched_only,blend_equal_log,2000,2000–2004,Caregiver/Guardian,1.1864944727948978
matched_only,blend_equal_log,2000,2000–2004,Creator/Artist,1.6186368902535093
matched_only,blend_equal_log,2000,2000–2004,Everyman/Orphan,4.3109347806455744
matched_only,blend_equal_log,2000,2000–2004,Explorer/Seeker,17.088824799357266
matched_only,blend_equal_log,2000,2000–2004,Hero/Warrior,25.378805524882345
matched_only,blend_equal_log,2000,2000–2004,Innocent,1.9912489718815332
matched_only,blend_equal_log,2000,2000–2004,Jester/Trickster,4.271115930834275
matched_only,blend_equal_log,2000,2000–2004,Lover,1.1868120940544635
matched_only,blend_equal_log,2000,2000–2004,Magician/Transformer,5.062804354262985
matched_only,blend_equal_log,2000,2000–2004,Rebel/Outlaw,11.560188018232449
matched_only,blend_equal_log,2000,2000–2004,Ruler/Leader,10.884532382774877
matched_only,blend_equal_log,2000,2000–2004,Sage/Investigator,10.904084879894377
matched_only,blend_equal_log,2005,2005–2009,Caregiver/Guardian,1.4884896763585522
matched_only,blend_equal_log,2005,2005–2009,Creator/Artist,2.839629462966028
matched_only,blend_equal_log,2005,2005–2009,Everyman/Orphan,7.581180897407234
matched_only,blend_equal_log,2005,2005–2009,Explorer/Seeker,16.152306537405213
matched_only,blend_equal_log,2005,2005–2009,Hero/Warrior,25.264634245447432
matched_only,blend_equal_log,2005,2005–2009,Innocent,1.299811237019778
matched_only,blend_equal_log,2005,2005–2009,Jester/Trickster,5.361314713637261
matched_only,blend_equal_log,2005,2005–2009,Lover,0.6535073718196698
matched_only,blend_equal_log,2005,2005–2009,Magician/Transformer,4.411513280230392
matched_only,blend_equal_log,2005,2005–2009,Rebel/Outlaw,9.154837581891336
matched_only,blend_equal_log,2005,2005–2009,Ruler/Leader,9.23402731905292
matched_only,blend_equal_log,2005,2005–2009,Sage/Investigator,11.22418112531933
matched_only,blend_equal_log,2010,2010–2014,Caregiver/Guardian,1.957347690557512
matched_only,blend_equal_log,2010,2010–2014,Creator/Artist,4.447603112214182
matched_only,blend_equal_log,2010,2010–2014,Everyman/Orphan,9.173834297796406
matched_only,blend_equal_log,2010,2010–2014,Explorer/Seeker,16.828946447402636
matched_only,blend_equal_log,2010,2010–2014,Hero/Warrior,21.93028173906824
matched_only,blend_equal_log,2010,2010–2014,Innocent,2.4607583197412803
matched_only,blend_equal_log,2010,2010–2014,Jester/Trickster,6.74465497109388
matched_only,blend_equal_log,2010,2010–2014,Lover,1.9871739974068567
matched_only,blend_equal_log,2010,2010–2014,Magician/Transformer,5.100394227442864
matched_only,blend_equal_log,2010,2010–2014,Rebel/Outlaw,8.699939586421129
matched_only,blend_equal_log,2010,2010–2014,Ruler/Leader,6.319377582360666
matched_only,blend_equal_log,2010,2010–2014,Sage/Investigator,9.150011009538558
matched_only,blend_equal_log,2015,2015–2019,Caregiver/Guardian,2.2156459959332944
matched_only,blend_equal_log,2015,2015–2019,Creator/Artist,4.574913862122656
matched_only,blend_equal_log,2015,2015–2019,Everyman/Orphan,11.392245561390297
matched_only,blend_equal_log,2015,2015–2019,Explorer/Seeker,17.07451688872513
matched_only,blend_equal_log,2015,2015–2019,Hero/Warrior,18.60174103225715
matched_only,blend_equal_log,2015,2015–2019,Innocent,2.655437206162228
matched_only,blend_equal_log,2015,2015–2019,Jester/Trickster,6.7592426253272295
matched_only,blend_equal_log,2015,2015–2019,Lover,3.086622700536645
matched_only,blend_equal_log,2015,2015–2019,Magician/Transformer,6.046320226627457
matched_only,blend_equal_log,2015,2015–2019,Rebel/Outlaw,8.670435691583382
matched_only,blend_equal_log,2015,2015–2019,Ruler/Leader,5.57372034883569
matched_only,blend_equal_log,2015,2015–2019,Sage/Investigator,7.519823873894532
matched_only,blend_equal_log,2020,2020–2024,Caregiver/Guardian,2.9085730322025825
matched_only,blend_equal_log,2020,2020–2024,Creator/Artist,5.559234219006772
matched_only,blend_equal_log,2020,2020–2024,Everyman/Orphan,12.433262121613453
matched_only,blend_equal_log,2020,2020–2024,Explorer/Seeker,16.077370654809474
matched_only,blend_equal_log,2020,2020–2024,Hero/Warrior,17.310343158140558
matched_only,blend_equal_log,2020,2020–2024,Innocent,2.9144741820106947
matched_only,blend_equal_log,2020,2020–2024,Jester/Trickster,6.0487597785904335
matched_only,blend_equal_log,2020,2020–2024,Lover,3.40937759754771
matched_only,blend_equal_log,2020,2020–2024,Magician/Transformer,6.259884000926879
matched_only,blend_equal_log,2020,2020–2024,Rebel/Outlaw,8.335187748012954
matched_only,blend_equal_log,2020,2020–2024,Ruler/Leader,5.597502643442662
matched_only,blend_equal_log,2020,2020–2024,Sage/Investigator,7.05095275211986
matched_only,blend_equal_log,2025,2025,Caregiver/Guardian,3.615526765652296
matched_only,blend_equal_log,2025,2025,Creator/Artist,7.17769715643555
matched_only,blend_equal_log,2025,2025,Everyman/Orphan,13.054757665835869
matched_only,blend_equal_log,2025,2025,Explorer/Seeker,15.786760022429714
matched_only,blend_equal_log,2025,2025,Hero/Warrior,15.433224382439148
matched_only,blend_equal_log,2025,2025,Innocent,2.7088520404821046
matched_only,blend_equal_log,2025,2025,Jester/Trickster,5.735603366475928
matched_only,blend_equal_log,2025,2025,Lover,2.3956840095804286
matched_only,blend_equal_log,2025,2025,Magician/Transformer,6.897120452786108
matched_only,blend_equal_log,2025,2025,Rebel/Outlaw,7.661587586759838
matched_only,blend_equal_log,2025,2025,Ruler/Leader,6.383132487549351
matched_only,blend_equal_log,2025,2025,Sage/Investigator,6.946843637505404
matched_only,equal,1980,1980–1984,Everyman/Orphan,9.454774661203908
matched_only,equal,1980,1980–1984,Explorer/Seeker,46.328395839899144
matched_only,equal,1980,1980–1984,Hero/Warrior,34.71478096438702
matched_only,equal,1980,1980–1984,Jester/Trickster,12.669398046013235
matched_only,equal,1980,1980–1984,Magician/Transformer,34.21052631578947
matched_only,equal,1980,1980–1984,Rebel/Outlaw,31.57894736842105
matched_only,equal,1980,1980–1984,Sage/Investigator,15.789473684210526
matched_only,equal,1985,1985–1989,Caregiver/Guardian,3.5204483755144933
matched_only,equal,1985,1985–1989,Everyman/Orphan,10.460178410171206
matched_only,equal,1985,1985–1989,Explorer/Seeker,34.58198660733203
matched_only,equal,1985,1985–1989,Hero/Warrior,22.51761354166372
matched_only,equal,1985,1985–1989,Innocent,2.883216104778074
matched_only,equal,1985,1985–1989,Jester/Trickster,10.167631654951881
matched_only,equal,1985,1985–1989,Lover,8.158613752996628
matched_only,equal,1985,1985–1989,Magician/Transformer,7.797720106718408
matched_only,equal,1985,1985–1989,Rebel/Outlaw,8.98095400865967
matched_only,equal,1985,1985–1989,Ruler/Leader,8.729784312641407
matched_only,equal,1985,1985–1989,Sage/Investigator,8.511459664673465
matched_only,equal,1990,1990–1994,Creator/Artist,0.7827524397082353
matched_only,equal,1990,1990–1994,Everyman/Orphan,5.174972372027495
matched_only,equal,1990,1990–1994,Explorer/Seeker,25.59244692536273
matched_only,equal,1990,1990–1994,Hero/Warrior,24.610059029745724
matched_only,equal,1990,1990–1994,Innocent,4.0043944883710045
matched_only,equal,1990,1990–1994,Jester/Trickster,7.427341587082905
matched_only,equal,1990,1990–1994,Lover,4.054400169572734
matched_only,equal,1990,1990–1994,Magician/Transformer,5.501902455450734
matched_only,equal,1990,1990–1994,Rebel/Outlaw,7.423839582681472
matched_only,equal,1990,1990–1994,Ruler/Leader,7.836044010084704
matched_only,equal,1990,1990–1994,Sage/Investigator,10.458354361115855
matched_only,equal,1995,1995–1999,Caregiver/Guardian,1.1478166571332442
matched_only,equal,1995,1995–1999,Creator/Artist,2.1016203431412603
matched_only,equal,1995,1995–1999,Everyman/Orphan,5.9455853572661805
matched_only,equal,1995,1995–1999,Explorer/Seeker,16.95193309977364
matched_only,equal,1995,1995–1999,Hero/Warrior,26.84685435085213
matched_only,equal,1995,1995–1999,Innocent,2.641051184290581
matched_only,equal,1995,1995–1999,Jester/Trickster,6.04445109742199
matched_only,equal,1995,1995–1999,Lover,1.5295157986363372
matched_only,equal,1995,1995–1999,Magician/Transformer,5.222155315597223
matched_only,equal,1995,1995–1999,Rebel/Outlaw,9.875887907175663
matched_only,equal,1995,1995–1999,Ruler/Leader,8.049653506453868
matched_only,equal,1995,1995–1999,Sage/Investigator,10.30496610990473
matched_only,equal,2000,2000–2004,Caregiver/Guardian,1.2523660659462907
matched_only,equal,2000,2000–2004,Creator/Artist,1.6447502196911308
matched_only,equal,2000,2000–2004,Everyman/Orphan,4.373547919733073
matched_only,equal,2000,2000–2004,Explorer/Seeker,16.910022185382694
matched_only,equal,2000,2000–2004,Hero/Warrior,25.59651184664183
matched_only,equal,2000,2000–2004,Innocent,2.1019185927687034
matched_only,equal,2000,2000–2004,Jester/Trickster,4.4138849721866995
matched_only,equal,2000,2000–2004,Lover,1.1240121747134615
matched_only,equal,2000,2000–2004,Magician/Transformer,5.219556517854078
matched_only,equal,2000,2000–2004,Rebel/Outlaw,10.87346308168755
matched_only,equal,2000,2000–2004,Ruler/Leader,11.180370418099113
matched_only,equal,2000,2000–2004,Sage/Investigator,11.080572509335822
matched_only,equal,2005,2005–2009,Caregiver/Guardian,1.5216981758004011
matched_only,equal,2005,2005–2009,Creator/Artist,2.907089439970947
matched_only,equal,2005,2005–2009,Everyman/Orphan,7.566711732237508
matched_only,equal,2005,2005–2009,Explorer/Seeker,16.35089532496818
matched_only,equal,2005,2005–2009,Hero/Warrior,24.668784201201632
matched_only,equal,2005,2005–2009,Innocent,1.3996749206639372
matched_only,equal,2005,2005–2009,Jester/Trickster,5.4355090147180904
matched_only,equal,2005,2005–2009,Lover,0.668754021188805
matched_only,equal,2005,2005–2009,Magician/Transformer,4.537234888865397
matched_only,equal,2005,2005–2009,Rebel/Outlaw,8.801589935552535
matched_only,equal,2005,2005–2009,Ruler/Leader,9.432723315747236
matched_only,equal,2005,2005–2009,Sage/Investigator,11.609180052378344
matched_only,equal,2010,2010–2014,Caregiver/Guardian,1.8447154994297148
matched_only,equal,2010,2010–2014,Creator/Artist,4.479202717535974
matched_only,equal,2010,2010–2014,Everyman/Orphan,8.952644188798036
matched_only,equal,2010,2010–2014,Explorer/Seeker,17.16702383058111
matched_only,equal,2010,2010–2014,Hero/Warrior,21.543057691962417
matched_only,equal,2010,2010–2014,Innocent,2.4021333016633912
matched_only,equal,2010,2010–2014,Jester/Trickster,6.791436555015432
matched_only,equal,2010,2010–2014,Lover,2.046645404400006
matched_only,equal,2010,2010–2014,Magician/Transformer,5.40270046759558
matched_only,equal,2010,2010–2014,Rebel/Outlaw,8.486076290062648
matched_only,equal,2010,2010–2014,Ruler/Leader,6.329207530844514
matched_only,equal,2010,2010–2014,Sage/Investigator,9.507189439279902
matched_only,equal,2015,2015–2019,Caregiver/Guardian,2.1410030261203743
matched_only,equal,2015,2015–2019,Creator/Artist,4.5855756694354595
matched_only,equal,2015,2015–2019,Everyman/Orphan,11.245928405041653
matched_only,equal,2015,2015–2019,Explorer/Seeker,17.079363766286782
matched_only,equal,2015,2015–2019,Hero/Warrior,18.626966128317036
matched_only,equal,2015,2015–2019,Innocent,2.6837629486425203
matched_only,equal,2015,2015–2019,Jester/Trickster,6.750214771558234
matched_only,equal,2015,2015–2019,Lover,2.9665362718852815
matched_only,equal,2015,2015–2019,Magician/Transformer,6.277829563508721
matched_only,equal,2015,2015–2019,Rebel/Outlaw,8.736763559897314
matched_only,equal,2015,2015–2019,Ruler/Leader,5.559575991679937
matched_only,equal,2015,2015–2019,Sage/Investigator,7.463184372926226
matched_only,equal,2020,2020–2024,Caregiver/Guardian,2.8208341473132914
matched_only,equal,2020,2020–2024,Creator/Artist,5.490974098780764
matched_only,equal,2020,2020–2024,Everyman/Orphan,12.476981693739896
matched_only,equal,2020,2020–2024,Explorer/Seeker,16.02656875761947
matched_only,equal,2020,2020–2024,Hero/Warrior,17.211046666127363
matched_only,equal,2020,2020–2024,Innocent,3.0125433016462653
matched_only,equal,2020,2020–2024,Jester/Trickster,6.096644795381274
matched_only,equal,2020,2020–2024,Lover,3.337954538728045
matched_only,equal,2020,2020–2024,Magician/Transformer,6.430957136914513
matched_only,equal,2020,2020–2024,Rebel/Outlaw,8.357931546086979
matched_only,equal,2020,2020–2024,Ruler/Leader,5.507353105556018
matched_only,equal,2020,2020–2024,Sage/Investigator,7.008297356990083
matched_only,equal,2025,2025,Caregiver/Guardian,3.5829036619124817
matched_only,equal,2025,2025,Creator/Artist,7.014617607066705
matched_only,equal,2025,2025,Everyman/Orphan,13.0021693285811
matched_only,equal,2025,2025,Explorer/Seeker,15.737874097007223
matched_only,equal,2025,2025,Hero/Warrior,15.119020446702214
matched_only,equal,2025,2025,Innocent,2.83085674823108
matched_only,equal,2025,2025,Jester/Trickster,5.960435114250655
matched_only,equal,2025,2025,Lover,2.370410904387623
matched_only,equal,2025,2025,Magician/Transformer,7.104258477841439
matched_only,equal,2025,2025,Rebel/Outlaw,7.588845905489845
matched_only,equal,2025,2025,Ruler/Leader,6.212385461596837
matched_only,equal,2025,2025,Sage/Investigator,7.069484842987041
matched_only,log_cap_p99,1980,1980–1984,Everyman/Orphan,6.760970843085591
matched_only,log_cap_p99,1980,1980–1984,Explorer/Seeker,48.12426505197803
matched_only,log_cap_p99,1980,1980–1984,Hero/Warrior,31.572009843248978
matched_only,log_cap_p99,1980,1980–1984,Jester/Trickster,18.057005682249876
matched_only,log_cap_p99,1980,1980–1984,Magician/Transformer,34.21052631578947
matched_only,log_cap_p99,1980,1980–1984,Rebel/Outlaw,31.578947368421044
matched_only,log_cap_p99,1980,1980–1984,Sage/Investigator,15.789473684210522
matched_only,log_cap_p99,1985,1985–1989,Caregiver/Guardian,2.5047805233929408
matched_only,log_cap_p99,1985,1985–1989,Everyman/Orphan,10.815912276687685
matched_only,log_cap_p99,1985,1985–1989,Explorer/Seeker,35.58012704131542
matched_only,log_cap_p99,1985,1985–1989,Hero/Warrior,21.009854114253656
matched_only,log_cap_p99,1985,1985–1989,Innocent,2.6889608488103414
matched_only,log_cap_p99,1985,1985–1989,Jester/Trickster,11.754461855759567
matched_only,log_cap_p99,1985,1985–1989,Lover,9.687513752410814
matched_only,log_cap_p99,1985,1985–1989,Magician/Transformer,6.626390380845223
matched_only,log_cap_p99,1985,1985–1989,Rebel/Outlaw,9.733716701622505
matched_only,log_cap_p99,1985,1985–1989,Ruler/Leader,6.392063223032591
matched_only,log_cap_p99,1985,1985–1989,Sage/Investigator,8.815965011520055
matched_only,log_cap_p99,1990,1990–1994,Creator/Artist,0.8664419567509243
matched_only,log_cap_p99,1990,1990–1994,Everyman/Orphan,5.229024336730563
matched_only,log_cap_p99,1990,1990–1994,Explorer/Seeker,26.20856146225497
matched_only,log_cap_p99,1990,1990–1994,Hero/Warrior,23.329605327561865
matched_only,log_cap_p99,1990,1990–1994,Innocent,4.193351092654216
matched_only,log_cap_p99,1990,1990–1994,Jester/Trickster,7.793509238621308
matched_only,log_cap_p99,1990,1990–1994,Lover,4.404415977514334
matched_only,log_cap_p99,1990,1990–1994,Magician/Transformer,5.479422711568249
matched_only,log_cap_p99,1990,1990–1994,Rebel/Outlaw,6.779062841353648
matched_only,log_cap_p99,1990,1990–1994,Ruler/Leader,6.928803636493544
matched_only,log_cap_p99,1990,1990–1994,Sage/Investigator,11.935131268697933
matched_only,log_cap_p99,1995,1995–1999,Caregiver/Guardian,0.9847451338741674
matched_only,log_cap_p99,1995,1995–1999,Creator/Artist,2.1503966499231613
matched_only,log_cap_p99,1995,1995–1999,Everyman/Orphan,6.53230305107967
matched_only,log_cap_p99,1995,1995–1999,Explorer/Seeker,18.310431299872256
matched_only,log_cap_p99,1995,1995–1999,Hero/Warrior,26.43804468946205
matched_only,log_cap_p99,1995,1995–1999,Innocent,2.804056326035973
matched_only,log_cap_p99,1995,1995–1999,Jester/Trickster,5.382090761609341
matched_only,log_cap_p99,1995,1995–1999,Lover,1.7388446111580902
matched_only,log_cap_p99,1995,1995–1999,Magician/Transformer,4.959224933815845
matched_only,log_cap_p99,1995,1995–1999,Rebel/Outlaw,9.416856466619183
matched_only,log_cap_p99,1995,1995–1999,Ruler/Leader,7.323740895358396
matched_only,log_cap_p99,1995,1995–1999,Sage/Investigator,10.428145934209658
matched_only,log_cap_p99,2000,2000–2004,Caregiver/Guardian,1.1369156840051933
matched_only,log_cap_p99,2000,2000–2004,Creator/Artist,1.6009098882785981
matched_only,log_cap_p99,2000,2000–2004,Everyman/Orphan,4.274628401784544
matched_only,log_cap_p99,2000,2000–2004,Explorer/Seeker,17.269152250835194
matched_only,log_cap_p99,2000,2000–2004,Hero/Warrior,25.19956155423889
matched_only,log_cap_p99,2000,2000–2004,Innocent,1.9032408899471864
matched_only,log_cap_p99,2000,2000–2004,Jester/Trickster,4.147414330423495
matched_only,log_cap_p99,2000,2000–2004,Lover,1.226666632340812
matched_only,log_cap_p99,2000,2000–2004,Magician/Transformer,4.9468298702614835
matched_only,log_cap_p99,2000,2000–2004,Rebel/Outlaw,12.040891991005958
matched_only,log_cap_p99,2000,2000–2004,Ruler/Leader,10.6643964404016
matched_only,log_cap_p99,2000,2000–2004,Sage/Investigator,10.77256455986306
matched_only,log_cap_p99,2005,2005–2009,Caregiver/Guardian,1.4528889101569964
matched_only,log_cap_p99,2005,2005–2009,Creator/Artist,2.7917354708150808
matched_only,log_cap_p99,2005,2005–2009,Everyman/Orphan,7.53009646500598
matched_only,log_cap_p99,2005,2005–2009,Explorer/Seeker,16.017679576537848
matched_only,log_cap_p99,2005,2005–2009,Hero/Warrior,25.76227379854393
matched_only,log_cap_p99,2005,2005–2009,Innocent,1.2215446164854105
matched_only,log_cap_p99,2005,2005–2009,Jester/Trickster,5.300471885132622
matched_only,log_cap_p99,2005,2005–2009,Lover,0.6417658804366027
matched_only,log_cap_p99,2005,2005–2009,Magician/Transformer,4.319023990694065
matched_only,log_cap_p99,2005,2005–2009,Rebel/Outlaw,9.4295857378284
matched_only,log_cap_p99,2005,2005–2009,Ruler/Leader,9.085647083833575
matched_only,log_cap_p99,2005,2005–2009,Sage/Investigator,10.917419694318955
matched_only,log_cap_p99,2010,2010–2014,Caregiver/Guardian,2.038256879188301
matched_only,log_cap_p99,2010,2010–2014,Creator/Artist,4.429153290700826
matched_only,log_cap_p99,2010,2010–2014,Everyman/Orphan,9.299823868875599
matched_only,log_cap_p99,2010,2010–2014,Explorer/Seeker,16.568733292263783
matched_only,log_cap_p99,2010,2010–2014,Hero/Warrior,22.2528595680349
matched_only,log_cap_p99,2010,2010–2014,Innocent,2.5140427211417786
matched_only,log_cap_p99,2010,2010–2014,Jester/Trickster,6.723781606811523
matched_only,log_cap_p99,2010,2010–2014,Lover,1.9499802214278996
matched_only,log_cap_p99,2010,2010–2014,Magician/Transformer,4.870973310673047
matched_only,log_cap_p99,2010,2010–2014,Rebel/Outlaw,8.821555563596416
matched_only,log_cap_p99,2010,2010–2014,Ruler/Leader,6.322482565520676
matched_only,log_cap_p99,2010,2010–2014,Sage/Investigator,8.894174027369786
matched_only,log_cap_p99,2015,2015–2019,Caregiver/Guardian,2.2766011573794325
matched_only,log_cap_p99,2015,2015–2019,Creator/Artist,4.569506906940051
matched_only,log_cap_p99,2015,2015–2019,Everyman/Orphan,11.53267203173456
matched_only,log_cap_p99,2015,2015–2019,Explorer/Seeker,17.074905125100607
matched_only,log_cap_p99,2015,2015–2019,Hero/Warrior,18.552232670808177
matched_only,log_cap_p99,2015,2015–2019,Innocent,2.620828507564165
matched_only,log_cap_p99,2015,2015–2019,Jester/Trickster,6.778452880348991
matched_only,log_cap_p99,2015,2015–2019,Lover,3.208779113403273
matched_only,log_cap_p99,2015,2015–2019,Magician/Transformer,5.818171572671025
matched_only,log_cap_p99,2015,2015–2019,Rebel/Outlaw,8.60651611044093
matched_only,log_cap_p99,2015,2015–2019,Ruler/Leader,5.599267618741537
matched_only,log_cap_p99,2015,2015–2019,Sage/Investigator,7.588785772105849
matched_only,log_cap_p99,2020,2020–2024,Caregiver/Guardian,2.9981122269096345
matched_only,log_cap_p99,2020,2020–2024,Creator/Artist,5.634124857747547
matched_only,log_cap_p99,2020,2020–2024,Everyman/Orphan,12.38677457403183
matched_only,log_cap_p99,2020,2020–2024,Explorer/Seeker,16.121808061243563
matched_only,log_cap_p99,2020,2020–2024,Hero/Warrior,17.402000285879804
matched_only,log_cap_p99,2020,2020–2024,Innocent,2.81108731605294
matched_only,log_cap_p99,2020,2020–2024,Jester/Trickster,6.003728439021432
matched_only,log_cap_p99,2020,2020–2024,Lover,3.4852213259531006
matched_only,log_cap_p99,2020,2020–2024,Magician/Transformer,6.081656274026394
matched_only,log_cap_p99,2020,2020–2024,Rebel/Outlaw,8.311081412799371
matched_only,log_cap_p99,2020,2020–2024,Ruler/Leader,5.697167818914786
matched_only,log_cap_p99,2020,2020–2024,Sage/Investigator,7.101924207191732
matched_only,log_cap_p99,2025,2025,Caregiver/Guardian,3.6502424965800695
matched_only,log_cap_p99,2025,2025,Creator/Artist,7.359418831646168
matched_only,log_cap_p99,2025,2025,Everyman/Orphan,13.101364216421077
matched_only,log_cap_p99,2025,2025,Explorer/Seeker,15.837155932439629
matched_only,log_cap_p99,2025,2025,Hero/Warrior,15.76334352734398
matched_only,log_cap_p99,2025,2025,Innocent,2.5797291827333724
matched_only,log_cap_p99,2025,2025,Jester/Trickster,5.498569876014659
matched_only,log_cap_p99,2025,2025,Lover,2.426072179954603
matched_only,log_cap_p99,2025,2025,Magician/Transformer,6.678465942954125
matched_only,log_cap_p99,2025,2025,Rebel/Outlaw,7.732746104234521
matched_only,log_cap_p99,2025,2025,Ruler/Leader,6.570105741036978
matched_only,log_cap_p99,2025,2025,Sage/Investigator,6.822247726615369
matched_only,log_reviews,1980,1980–1984,Everyman/Orphan,6.760970843085591
matched_only,log_reviews,1980,1980–1984,Explorer/Seeker,48.12426505197803
matched_only,log_reviews,1980,1980–1984,Hero/Warrior,31.572009843248978
matched_only,log_reviews,1980,1980–1984,Jester/Trickster,18.057005682249876
matched_only,log_reviews,1980,1980–1984,Magician/Transformer,34.21052631578947
matched_only,log_reviews,1980,1980–1984,Rebel/Outlaw,31.578947368421044
matched_only,log_reviews,1980,1980–1984,Sage/Investigator,15.789473684210522
matched_only,log_reviews,1985,1985–1989,Caregiver/Guardian,2.5047805233929408
matched_only,log_reviews,1985,1985–1989,Everyman/Orphan,10.815912276687685
matched_only,log_reviews,1985,1985–1989,Explorer/Seeker,35.58012704131542
matched_only,log_reviews,1985,1985–1989,Hero/Warrior,21.009854114253656
matched_only,log_reviews,1985,1985–1989,Innocent,2.6889608488103414
matched_only,log_reviews,1985,1985–1989,Jester/Trickster,11.754461855759567
matched_only,log_reviews,1985,1985–1989,Lover,9.687513752410814
matched_only,log_reviews,1985,1985–1989,Magician/Transformer,6.626390380845223
matched_only,log_reviews,1985,1985–1989,Rebel/Outlaw,9.733716701622505
matched_only,log_reviews,1985,1985–1989,Ruler/Leader,6.392063223032591
matched_only,log_reviews,1985,1985–1989,Sage/Investigator,8.815965011520055
matched_only,log_reviews,1990,1990–1994,Creator/Artist,0.8664419567509243
matched_only,log_reviews,1990,1990–1994,Everyman/Orphan,5.229024336730563
matched_only,log_reviews,1990,1990–1994,Explorer/Seeker,26.20856146225497
matched_only,log_reviews,1990,1990–1994,Hero/Warrior,23.329605327561865
matched_only,log_reviews,1990,1990–1994,Innocent,4.193351092654216
matched_only,log_reviews,1990,1990–1994,Jester/Trickster,7.793509238621308
matched_only,log_reviews,1990,1990–1994,Lover,4.404415977514334
matched_only,log_reviews,1990,1990–1994,Magician/Transformer,5.479422711568249
matched_only,log_reviews,1990,1990–1994,Rebel/Outlaw,6.779062841353648
matched_only,log_reviews,1990,1990–1994,Ruler/Leader,6.928803636493544
matched_only,log_reviews,1990,1990–1994,Sage/Investigator,11.935131268697933
matched_only,log_reviews,1995,1995–1999,Caregiver/Guardian,0.983186968006715
matched_only,log_reviews,1995,1995–1999,Creator/Artist,2.149402307467525
matched_only,log_reviews,1995,1995–1999,Everyman/Orphan,6.541842374903338
matched_only,log_reviews,1995,1995–1999,Explorer/Seeker,18.29329410679472
matched_only,log_reviews,1995,1995–1999,Hero/Warrior,26.439852231317854
matched_only,log_reviews,1995,1995–1999,Innocent,2.8023762149893785
matched_only,log_reviews,1995,1995–1999,Jester/Trickster,5.37641010180087
matched_only,log_reviews,1995,1995–1999,Lover,1.7366069626131762
matched_only,log_reviews,1995,1995–1999,Magician/Transformer,4.958905140834599
matched_only,log_reviews,1995,1995–1999,Rebel/Outlaw,9.402940117625201
matched_only,log_reviews,1995,1995–1999,Ruler/Leader,7.311891556519512
matched_only,log_reviews,1995,1995–1999,Sage/Investigator,10.475232638721677
matched_only,log_reviews,2000,2000–2004,Caregiver/Guardian,1.1336559557623442
matched_only,log_reviews,2000,2000–2004,Creator/Artist,1.5968303176425487
matched_only,log_reviews,2000,2000–2004,Everyman/Orphan,4.262248280446572
matched_only,log_reviews,2000,2000–2004,Explorer/Seeker,17.23155730258257
matched_only,log_reviews,2000,2000–2004,Hero/Warrior,25.206615047447563
matched_only,log_reviews,2000,2000–2004,Innocent,1.899017499077597
matched_only,log_reviews,2000,2000–2004,Jester/Trickster,4.159046801413718
matched_only,log_reviews,2000,2000–2004,Lover,1.2349941866453837
matched_only,log_reviews,2000,2000–2004,Magician/Transformer,4.939388110274686
matched_only,log_reviews,2000,2000–2004,Rebel/Outlaw,12.101279292866053
matched_only,log_reviews,2000,2000–2004,Ruler/Leader,10.648921099096151
matched_only,log_reviews,2000,2000–2004,Sage/Investigator,10.767303924885844
matched_only,log_reviews,2005,2005–2009,Caregiver/Guardian,1.4626565043081217
matched_only,log_reviews,2005,2005–2009,Creator/Artist,2.7850976884368768
matched_only,log_reviews,2005,2005–2009,Everyman/Orphan,7.594664468864586
matched_only,log_reviews,2005,2005–2009,Explorer/Seeker,15.987423148071752
matched_only,log_reviews,2005,2005–2009,Hero/Warrior,25.754925624123974
matched_only,log_reviews,2005,2005–2009,Innocent,1.2190161019003078
matched_only,log_reviews,2005,2005–2009,Jester/Trickster,5.2981408021279295
matched_only,log_reviews,2005,2005–2009,Lover,0.641183990893404
matched_only,log_reviews,2005,2005–2009,Magician/Transformer,4.309975268195634
matched_only,log_reviews,2005,2005–2009,Rebel/Outlaw,9.443646964267591
matched_only,log_reviews,2005,2005–2009,Ruler/Leader,9.070171762571917
matched_only,log_reviews,2005,2005–2009,Sage/Investigator,10.905815038360185
matched_only,log_reviews,2010,2010–2014,Caregiver/Guardian,2.0450849604251027
matched_only,log_reviews,2010,2010–2014,Creator/Artist,4.422754549996069
matched_only,log_reviews,2010,2010–2014,Everyman/Orphan,9.347558839183833
matched_only,log_reviews,2010,2010–2014,Explorer/Seeker,16.557823035849943
matched_only,log_reviews,2010,2010–2014,Hero/Warrior,22.232666603463564
matched_only,log_reviews,2010,2010–2014,Innocent,2.508075352482531
matched_only,log_reviews,2010,2010–2014,Jester/Trickster,6.709624661240379
matched_only,log_reviews,2010,2010–2014,Lover,1.9424831418929513
matched_only,log_reviews,2010,2010–2014,Magician/Transformer,4.862473192652637
matched_only,log_reviews,2010,2010–2014,Rebel/Outlaw,8.86881129447047
matched_only,log_reviews,2010,2010–2014,Ruler/Leader,6.313723432744363
matched_only,log_reviews,2010,2010–2014,Sage/Investigator,8.869887995024204
matched_only,log_reviews,2015,2015–2019,Caregiver/Guardian,2.290387960864031
matched_only,log_reviews,2015,2015–2019,Creator/Artist,4.565900261205914
matched_only,log_reviews,2015,2015–2019,Everyman/Orphan,11.53957886448198
matched_only,log_reviews,2015,2015–2019,Explorer/Seeker,17.07343871569048
matched_only,log_reviews,2015,2015–2019,Hero/Warrior,18.57279618718848
matched_only,log_reviews,2015,2015–2019,Innocent,2.6249395486560783
matched_only,log_reviews,2015,2015–2019,Jester/Trickster,6.767390330937135
matched_only,log_reviews,2015,2015–2019,Lover,3.207638707985589
matched_only,log_reviews,2015,2015–2019,Magician/Transformer,5.812726083939555
matched_only,log_reviews,2015,2015–2019,Rebel/Outlaw,8.602690870920842
matched_only,log_reviews,2015,2015–2019,Ruler/Leader,5.589802562975989
matched_only,log_reviews,2015,2015–2019,Sage/Investigator,7.579112052632878
matched_only,log_reviews,2020,2020–2024,Caregiver/Guardian,3.0006053425010975
matched_only,log_reviews,2020,2020–2024,Creator/Artist,5.631556603557134
matched_only,log_reviews,2020,2020–2024,Everyman/Orphan,12.387500864062758
matched_only,log_reviews,2020,2020–2024,Explorer/Seeker,16.130527973351498
matched_only,log_reviews,2020,2020–2024,Hero/Warrior,17.415420339249476
matched_only,log_reviews,2020,2020–2024,Innocent,2.810810599628408
matched_only,log_reviews,2020,2020–2024,Jester/Trickster,5.998046349679885
matched_only,log_reviews,2020,2020–2024,Lover,3.484202162299347
matched_only,log_reviews,2020,2020–2024,Magician/Transformer,6.0800917326457
matched_only,log_reviews,2020,2020–2024,Rebel/Outlaw,8.311008515058868
matched_only,log_reviews,2020,2020–2024,Ruler/Leader,5.69274969423726
matched_only,log_reviews,2020,2020–2024,Sage/Investigator,7.095579811047649
matched_only,log_reviews,2025,2025,Caregiver/Guardian,3.6509014703642735
matched_only,log_reviews,2025,2025,Creator/Artist,7.35453167682623
matched_only,log_reviews,2025,2025,Everyman/Orphan,13.111781574919393
matched_only,log_reviews,2025,2025,Explorer/Seeker,15.839769239154911
matched_only,log_reviews,2025,2025,Hero/Warrior,15.773929900058883
matched_only,log_reviews,2025,2025,Innocent,2.576556825884728
matched_only,log_reviews,2025,2025,Jester/Trickster,5.491808148496639
matched_only,log_reviews,2025,2025,Lover,2.4230887789267355
matched_only,log_reviews,2025,2025,Magician/Transformer,6.672511337436606
matched_only,log_reviews,2025,2025,Rebel/Outlaw,7.740464676925803
matched_only,log_reviews,2025,2025,Ruler/Leader,6.568281199078818
matched_only,log_reviews,2025,2025,Sage/Investigator,6.813858239670949
matched_only,raw_cap_p99,1980,1980–1984,Everyman/Orphan,0.8448990627253063
matched_only,raw_cap_p99,1980,1980–1984,Explorer/Seeker,52.06831290555155
matched_only,raw_cap_p99,1980,1980–1984,Hero/Warrior,24.669926099495314
matched_only,raw_cap_p99,1980,1980–1984,Jester/Trickster,29.88914924297044
matched_only,raw_cap_p99,1980,1980–1984,Magician/Transformer,34.21052631578948
matched_only,raw_cap_p99,1980,1980–1984,Rebel/Outlaw,31.57894736842105
matched_only,raw_cap_p99,1980,1980–1984,Sage/Investigator,15.789473684210526
matched_only,raw_cap_p99,1985,1985–1989,Caregiver/Guardian,0.6090271941247128
matched_only,raw_cap_p99,1985,1985–1989,Everyman/Orphan,9.002647401893691
matched_only,raw_cap_p99,1985,1985–1989,Explorer/Seeker,40.76415053369527
matched_only,raw_cap_p99,1985,1985–1989,Hero/Warrior,20.004485267545494
matched_only,raw_cap_p99,1985,1985–1989,Innocent,1.5679328438277202
matched_only,raw_cap_p99,1985,1985–1989,Jester/Trickster,13.480338459079197
matched_only,raw_cap_p99,1985,1985–1989,Lover,12.652844711184363
matched_only,raw_cap_p99,1985,1985–1989,Magician/Transformer,2.5659221856318313
matched_only,raw_cap_p99,1985,1985–1989,Rebel/Outlaw,10.41756507542096
matched_only,raw_cap_p99,1985,1985–1989,Ruler/Leader,2.65775696449488
matched_only,raw_cap_p99,1985,1985–1989,Sage/Investigator,9.622061055524204
matched_only,raw_cap_p99,1990,1990–1994,Creator/Artist,0.4801311671243683
matched_only,raw_cap_p99,1990,1990–1994,Everyman/Orphan,5.418401702735801
matched_only,raw_cap_p99,1990,1990–1994,Explorer/Seeker,31.962805709037685
matched_only,raw_cap_p99,1990,1990–1994,Hero/Warrior,21.970052301444113
matched_only,raw_cap_p99,1990,1990–1994,Innocent,2.7739165309712304
matched_only,raw_cap_p99,1990,1990–1994,Jester/Trickster,6.149393172616419
matched_only,raw_cap_p99,1990,1990–1994,Lover,4.1042483057510895
matched_only,raw_cap_p99,1990,1990–1994,Magician/Transformer,7.322175631168726
matched_only,raw_cap_p99,1990,1990–1994,Rebel/Outlaw,4.987012856220813
matched_only,raw_cap_p99,1990,1990–1994,Ruler/Leader,3.5985836786496193
matched_only,raw_cap_p99,1990,1990–1994,Sage/Investigator,12.9582076945882
matched_only,raw_cap_p99,1995,1995–1999,Caregiver/Guardian,0.20597546989731527
matched_only,raw_cap_p99,1995,1995–1999,Creator/Artist,0.8117552183197222
matched_only,raw_cap_p99,1995,1995–1999,Everyman/Orphan,9.056787198064567
matched_only,raw_cap_p99,1995,1995–1999,Explorer/Seeker,22.285899758531475
matched_only,raw_cap_p99,1995,1995–1999,Hero/Warrior,26.94416652247142
matched_only,raw_cap_p99,1995,1995–1999,Innocent,1.4239711874603986
matched_only,raw_cap_p99,1995,1995–1999,Jester/Trickster,2.777408079029991
matched_only,raw_cap_p99,1995,1995–1999,Lover,2.425232618524669
matched_only,raw_cap_p99,1995,1995–1999,Magician/Transformer,4.164391002007262
matched_only,raw_cap_p99,1995,1995–1999,Rebel/Outlaw,7.858892576441472
matched_only,raw_cap_p99,1995,1995–1999,Ruler/Leader,2.9887825917835205
matched_only,raw_cap_p99,1995,1995–1999,Sage/Investigator,14.18705654893543
matched_only,raw_cap_p99,2000,2000–2004,Caregiver/Guardian,0.477801441281656
matched_only,raw_cap_p99,2000,2000–2004,Creator/Artist,1.0143698637968093
matched_only,raw_cap_p99,2000,2000–2004,Everyman/Orphan,4.208652962411523
matched_only,raw_cap_p99,2000,2000–2004,Explorer/Seeker,18.30382500237736
matched_only,raw_cap_p99,2000,2000–2004,Hero/Warrior,22.403914518915986
matched_only,raw_cap_p99,2000,2000–2004,Innocent,1.2744334563181159
matched_only,raw_cap_p99,2000,2000–2004,Jester/Trickster,3.7482149624752474
matched_only,raw_cap_p99,2000,2000–2004,Lover,2.074395068024892
matched_only,raw_cap_p99,2000,2000–2004,Magician/Transformer,2.7944838957202154
matched_only,raw_cap_p99,2000,2000–2004,Rebel/Outlaw,21.126952277719553
matched_only,raw_cap_p99,2000,2000–2004,Ruler/Leader,6.19672042645095
matched_only,raw_cap_p99,2000,2000–2004,Sage/Investigator,8.197543357139457
matched_only,raw_cap_p99,2005,2005–2009,Caregiver/Guardian,2.3508260278229476
matched_only,raw_cap_p99,2005,2005–2009,Creator/Artist,1.6916946965777235
matched_only,raw_cap_p99,2005,2005–2009,Everyman/Orphan,11.028223618687157
matched_only,raw_cap_p99,2005,2005–2009,Explorer/Seeker,15.853515871929599
matched_only,raw_cap_p99,2005,2005–2009,Hero/Warrior,28.48348310289065
matched_only,raw_cap_p99,2005,2005–2009,Innocent,0.2604593009077513
matched_only,raw_cap_p99,2005,2005–2009,Jester/Trickster,5.973085987440513
matched_only,raw_cap_p99,2005,2005–2009,Lover,0.6744242765931132
matched_only,raw_cap_p99,2005,2005–2009,Magician/Transformer,2.5990971505039564
matched_only,raw_cap_p99,2005,2005–2009,Rebel/Outlaw,10.281148224402319
matched_only,raw_cap_p99,2005,2005–2009,Ruler/Leader,5.543428326536396
matched_only,raw_cap_p99,2005,2005–2009,Sage/Investigator,8.873875337459527
matched_only,raw_cap_p99,2010,2010–2014,Caregiver/Guardian,4.197308230593954
matched_only,raw_cap_p99,2010,2010–2014,Creator/Artist,2.979576250914807
matched_only,raw_cap_p99,2010,2010–2014,Everyman/Orphan,12.68077099624567
matched_only,raw_cap_p99,2010,2010–2014,Explorer/Seeker,12.681256914846053
matched_only,raw_cap_p99,2010,2010–2014,Hero/Warrior,23.500077013459034
matched_only,raw_cap_p99,2010,2010–2014,Innocent,3.189510406631959
matched_only,raw_cap_p99,2010,2010–2014,Jester/Trickster,4.817536677880317
matched_only,raw_cap_p99,2010,2010–2014,Lover,1.6487446949891627
matched_only,raw_cap_p99,2010,2010–2014,Magician/Transformer,3.19687582887003
matched_only,raw_cap_p99,2010,2010–2014,Rebel/Outlaw,11.61159301127159
matched_only,raw_cap_p99,2010,2010–2014,Ruler/Leader,4.670724761362565
matched_only,raw_cap_p99,2010,2010–2014,Sage/Investigator,7.531216099356958
matched_only,raw_cap_p99,2015,2015–2019,Caregiver/Guardian,4.24902956948039
matched_only,raw_cap_p99,2015,2015–2019,Creator/Artist,3.5799768939788037
matched_only,raw_cap_p99,2015,2015–2019,Everyman/Orphan,12.026494830102644
matched_only,raw_cap_p99,2015,2015–2019,Explorer/Seeker,17.048852888122877
matched_only,raw_cap_p99,2015,2015–2019,Hero/Warrior,21.17176771937604
matched_only,raw_cap_p99,2015,2015–2019,Innocent,3.1527737692834337
matched_only,raw_cap_p99,2015,2015–2019,Jester/Trickster,4.832520894727171
matched_only,raw_cap_p99,2015,2015–2019,Lover,3.7998668948562853
matched_only,raw_cap_p99,2015,2015–2019,Magician/Transformer,3.2671300616287398
matched_only,raw_cap_p99,2015,2015–2019,Rebel/Outlaw,8.688903453357767
matched_only,raw_cap_p99,2015,2015–2019,Ruler/Leader,5.003632832189311
matched_only,raw_cap_p99,2015,2015–2019,Sage/Investigator,7.5080480107472
matched_only,raw_cap_p99,2020,2020–2024,Caregiver/Guardian,4.533930310170428
matched_only,raw_cap_p99,2020,2020–2024,Creator/Artist,5.1873201875600525
matched_only,raw_cap_p99,2020,2020–2024,Everyman/Orphan,11.976764499735458
matched_only,raw_cap_p99,2020,2020–2024,Explorer/Seeker,16.81110689464068
matched_only,raw_cap_p99,2020,2020–2024,Hero/Warrior,21.494965888450132
matched_only,raw_cap_p99,2020,2020–2024,Innocent,2.7492190375190475
matched_only,raw_cap_p99,2020,2020–2024,Jester/Trickster,4.449949036106879
matched_only,raw_cap_p99,2020,2020–2024,Lover,3.581116351708194
matched_only,raw_cap_p99,2020,2020–2024,Magician/Transformer,4.325955166013161
matched_only,raw_cap_p99,2020,2020–2024,Rebel/Outlaw,8.34907832247213
matched_only,raw_cap_p99,2020,2020–2024,Ruler/Leader,5.619067430447212
matched_only,raw_cap_p99,2020,2020–2024,Sage/Investigator,5.591862896603741
matched_only,raw_cap_p99,2025,2025,Caregiver/Guardian,3.982924492183736
matched_only,raw_cap_p99,2025,2025,Creator/Artist,7.461410822904453
matched_only,raw_cap_p99,2025,2025,Everyman/Orphan,15.097065329381046
matched_only,raw_cap_p99,2025,2025,Explorer/Seeker,18.97192701521552
matched_only,raw_cap_p99,2025,2025,Hero/Warrior,21.452536939877813
matched_only,raw_cap_p99,2025,2025,Innocent,1.5467260960844489
matched_only,raw_cap_p99,2025,2025,Jester/Trickster,3.0597417533662106
matched_only,raw_cap_p99,2025,2025,Lover,1.0491047887499023
matched_only,raw_cap_p99,2025,2025,Magician/Transformer,3.9206749754279007
matched_only,raw_cap_p99,2025,2025,Rebel/Outlaw,8.781983312171755
matched_only,raw_cap_p99,2025,2025,Ruler/Leader,5.533814005267311
matched_only,raw_cap_p99,2025,2025,Sage/Investigator,4.436342404071871
matched_only,raw_reviews,1980,1980–1984,Everyman/Orphan,0.8448990627253063
matched_only,raw_reviews,1980,1980–1984,Explorer/Seeker,52.06831290555155
matched_only,raw_reviews,1980,1980–1984,Hero/Warrior,24.669926099495314
matched_only,raw_reviews,1980,1980–1984,Jester/Trickster,29.88914924297044
matched_only,raw_reviews,1980,1980–1984,Magician/Transformer,34.21052631578948
matched_only,raw_reviews,1980,1980–1984,Rebel/Outlaw,31.57894736842105
matched_only,raw_reviews,1980,1980–1984,Sage/Investigator,15.789473684210526
matched_only,raw_reviews,1985,1985–1989,Caregiver/Guardian,0.6090271941247128
matched_only,raw_reviews,1985,1985–1989,Everyman/Orphan,9.002647401893691
matched_only,raw_reviews,1985,1985–1989,Explorer/Seeker,40.76415053369527
matched_only,raw_reviews,1985,1985–1989,Hero/Warrior,20.004485267545494
matched_only,raw_reviews,1985,1985–1989,Innocent,1.5679328438277202
matched_only,raw_reviews,1985,1985–1989,Jester/Trickster,13.480338459079197
matched_only,raw_reviews,1985,1985–1989,Lover,12.652844711184363
matched_only,raw_reviews,1985,1985–1989,Magician/Transformer,2.5659221856318313
matched_only,raw_reviews,1985,1985–1989,Rebel/Outlaw,10.41756507542096
matched_only,raw_reviews,1985,1985–1989,Ruler/Leader,2.65775696449488
matched_only,raw_reviews,1985,1985–1989,Sage/Investigator,9.622061055524204
matched_only,raw_reviews,1990,1990–1994,Creator/Artist,0.4801311671243683
matched_only,raw_reviews,1990,1990–1994,Everyman/Orphan,5.418401702735801
matched_only,raw_reviews,1990,1990–1994,Explorer/Seeker,31.962805709037685
matched_only,raw_reviews,1990,1990–1994,Hero/Warrior,21.970052301444113
matched_only,raw_reviews,1990,1990–1994,Innocent,2.7739165309712304
matched_only,raw_reviews,1990,1990–1994,Jester/Trickster,6.149393172616419
matched_only,raw_reviews,1990,1990–1994,Lover,4.1042483057510895
matched_only,raw_reviews,1990,1990–1994,Magician/Transformer,7.322175631168726
matched_only,raw_reviews,1990,1990–1994,Rebel/Outlaw,4.987012856220813
matched_only,raw_reviews,1990,1990–1994,Ruler/Leader,3.5985836786496193
matched_only,raw_reviews,1990,1990–1994,Sage/Investigator,12.9582076945882
matched_only,raw_reviews,1995,1995–1999,Caregiver/Guardian,0.138631398471308
matched_only,raw_reviews,1995,1995–1999,Creator/Artist,0.802709059390775
matched_only,raw_reviews,1995,1995–1999,Everyman/Orphan,8.915810205151526
matched_only,raw_reviews,1995,1995–1999,Explorer/Seeker,20.698148110501062
matched_only,raw_reviews,1995,1995–1999,Hero/Warrior,27.21497790623109
matched_only,raw_reviews,1995,1995–1999,Innocent,1.3972872955389257
matched_only,raw_reviews,1995,1995–1999,Jester/Trickster,2.693466706720719
matched_only,raw_reviews,1995,1995–1999,Lover,2.4009505764707235
matched_only,raw_reviews,1995,1995–1999,Magician/Transformer,4.163456266871091
matched_only,raw_reviews,1995,1995–1999,Rebel/Outlaw,7.5360233961916565
matched_only,raw_reviews,1995,1995–1999,Ruler/Leader,2.6564963944421836
matched_only,raw_reviews,1995,1995–1999,Sage/Investigator,16.559707767457585
matched_only,raw_reviews,2000,2000–2004,Caregiver/Guardian,0.3771436460656686
matched_only,raw_reviews,2000,2000–2004,Creator/Artist,0.6880174303660265
matched_only,raw_reviews,2000,2000–2004,Everyman/Orphan,3.727096401995837
matched_only,raw_reviews,2000,2000–2004,Explorer/Seeker,15.48148124932168
matched_only,raw_reviews,2000,2000–2004,Hero/Warrior,23.366905737680042
matched_only,raw_reviews,2000,2000–2004,Innocent,0.9493580788713611
matched_only,raw_reviews,2000,2000–2004,Jester/Trickster,4.882324067091974
matched_only,raw_reviews,2000,2000–2004,Lover,1.6761892264200782
matched_only,raw_reviews,2000,2000–2004,Magician/Transformer,2.683630988573987
matched_only,raw_reviews,2000,2000–2004,Rebel/Outlaw,24.216661364608143
matched_only,raw_reviews,2000,2000–2004,Ruler/Leader,5.72286058310638
matched_only,raw_reviews,2000,2000–2004,Sage/Investigator,8.318365996019972
matched_only,raw_reviews,2005,2005–2009,Caregiver/Guardian,3.5061225568016567
matched_only,raw_reviews,2005,2005–2009,Creator/Artist,1.0197818067885032
matched_only,raw_reviews,2005,2005–2009,Everyman/Orphan,19.66167339540952
matched_only,raw_reviews,2005,2005–2009,Explorer/Seeker,12.461152761360855
matched_only,raw_reviews,2005,2005–2009,Hero/Warrior,26.68913731171267
matched_only,raw_reviews,2005,2005–2009,Innocent,0.17825564608554254
matched_only,raw_reviews,2005,2005–2009,Jester/Trickster,5.281770174167848
matched_only,raw_reviews,2005,2005–2009,Lover,0.41965204728634997
matched_only,raw_reviews,2005,2005–2009,Magician/Transformer,1.8252444026347958
matched_only,raw_reviews,2005,2005–2009,Rebel/Outlaw,10.87360405846798
matched_only,raw_reviews,2005,2005–2009,Ruler/Leader,4.469326913381945
matched_only,raw_reviews,2005,2005–2009,Sage/Investigator,8.04120996901031
matched_only,raw_reviews,2010,2010–2014,Caregiver/Guardian,3.0382801925617997
matched_only,raw_reviews,2010,2010–2014,Creator/Artist,4.0929782051061805
matched_only,raw_reviews,2010,2010–2014,Everyman/Orphan,15.348612734464831
matched_only,raw_reviews,2010,2010–2014,Explorer/Seeker,13.914077573784231
matched_only,raw_reviews,2010,2010–2014,Hero/Warrior,20.060394868479
matched_only,raw_reviews,2010,2010–2014,Innocent,2.1175040145637576
matched_only,raw_reviews,2010,2010–2014,Jester/Trickster,4.331620596986617
matched_only,raw_reviews,2010,2010–2014,Lover,1.29293614199026
matched_only,raw_reviews,2010,2010–2014,Magician/Transformer,2.8828230051271433
matched_only,raw_reviews,2010,2010–2014,Rebel/Outlaw,16.347494616463372
matched_only,raw_reviews,2010,2010–2014,Ruler/Leader,4.336572824748099
matched_only,raw_reviews,2010,2010–2014,Sage/Investigator,5.300847094307246
matched_only,raw_reviews,2015,2015–2019,Caregiver/Guardian,7.290569713940306
matched_only,raw_reviews,2015,2015–2019,Creator/Artist,4.491801097216341
matched_only,raw_reviews,2015,2015–2019,Everyman/Orphan,13.847419424265457
matched_only,raw_reviews,2015,2015–2019,Explorer/Seeker,16.7656090998499
matched_only,raw_reviews,2015,2015–2019,Hero/Warrior,24.780014811776027
matched_only,raw_reviews,2015,2015–2019,Innocent,3.1592207391498364
matched_only,raw_reviews,2015,2015–2019,Jester/Trickster,3.098185752646064
matched_only,raw_reviews,2015,2015–2019,Lover,2.7658627396945072
matched_only,raw_reviews,2015,2015–2019,Magician/Transformer,3.331898321337661
matched_only,raw_reviews,2015,2015–2019,Rebel/Outlaw,7.252829359493449
matched_only,raw_reviews,2015,2015–2019,Ruler/Leader,2.815922141318432
matched_only,raw_reviews,2015,2015–2019,Sage/Investigator,4.914779656718408
matched_only,raw_reviews,2020,2020–2024,Caregiver/Guardian,3.9486106342837877
matched_only,raw_reviews,2020,2020–2024,Creator/Artist,4.336416053427969
matched_only,raw_reviews,2020,2020–2024,Everyman/Orphan,11.040339407666812
matched_only,raw_reviews,2020,2020–2024,Explorer/Seeker,20.43280916859975
matched_only,raw_reviews,2020,2020–2024,Hero/Warrior,25.335600235931775
matched_only,raw_reviews,2020,2020–2024,Innocent,2.154927177868358
matched_only,raw_reviews,2020,2020–2024,Jester/Trickster,3.6394920950168954
matched_only,raw_reviews,2020,2020–2024,Lover,2.9200614342222284
matched_only,raw_reviews,2020,2020–2024,Magician/Transformer,5.425307039546093
matched_only,raw_reviews,2020,2020–2024,Rebel/Outlaw,7.991120751316058
matched_only,raw_reviews,2020,2020–2024,Ruler/Leader,4.061068474830537
matched_only,raw_reviews,2020,2020–2024,Sage/Investigator,4.562654112695234
matched_only,raw_reviews,2025,2025,Caregiver/Guardian,4.291384453902027
matched_only,raw_reviews,2025,2025,Creator/Artist,5.949294598746162
matched_only,raw_reviews,2025,2025,Everyman/Orphan,16.283399712691864
matched_only,raw_reviews,2025,2025,Explorer/Seeker,18.60088901583257
matched_only,raw_reviews,2025,2025,Hero/Warrior,22.383674605770462
matched_only,raw_reviews,2025,2025,Innocent,1.068853997582309
matched_only,raw_reviews,2025,2025,Jester/Trickster,2.114412637721746
matched_only,raw_reviews,2025,2025,Lover,0.7249763550099524
matched_only,raw_reviews,2025,2025,Magician/Transformer,3.0871489594363206
matched_only,raw_reviews,2025,2025,Rebel/Outlaw,10.953612432628372
matched_only,raw_reviews,2025,2025,Ruler/Leader,5.865722675635734
matched_only,raw_reviews,2025,2025,Sage/Investigator,3.0657026639946445
matched_only,sqrt_reviews,1980,1980–1984,Everyman/Orphan,3.55416866984302
matched_only,sqrt_reviews,1980,1980–1984,Explorer/Seeker,50.262133167473074
matched_only,sqrt_reviews,1980,1980–1984,Hero/Warrior,27.830740641132646
matched_only,sqrt_reviews,1980,1980–1984,Jester/Trickster,24.470610028735017
matched_only,sqrt_reviews,1980,1980–1984,Magician/Transformer,34.21052631578948
matched_only,sqrt_reviews,1980,1980–1984,Rebel/Outlaw,31.57894736842105
matched_only,sqrt_reviews,1980,1980–1984,Sage/Investigator,15.789473684210527
matched_only,sqrt_reviews,1985,1985–1989,Caregiver/Guardian,1.6373098332486882
matched_only,sqrt_reviews,1985,1985–1989,Everyman/Orphan,10.324098739448237
matched_only,sqrt_reviews,1985,1985–1989,Explorer/Seeker,37.28888443115303
matched_only,sqrt_reviews,1985,1985–1989,Hero/Warrior,20.244116682292198
matched_only,sqrt_reviews,1985,1985–1989,Innocent,2.251947361763586
matched_only,sqrt_reviews,1985,1985–1989,Jester/Trickster,12.853300121086932
matched_only,sqrt_reviews,1985,1985–1989,Lover,11.107049301092644
matched_only,sqrt_reviews,1985,1985–1989,Magician/Transformer,4.954484823628526
matched_only,sqrt_reviews,1985,1985–1989,Rebel/Outlaw,10.205008483366617
matched_only,sqrt_reviews,1985,1985–1989,Ruler/Leader,4.64398377286749
matched_only,sqrt_reviews,1985,1985–1989,Sage/Investigator,9.128228363509752
matched_only,sqrt_reviews,1990,1990–1994,Creator/Artist,0.8137575390973173
matched_only,sqrt_reviews,1990,1990–1994,Everyman/Orphan,5.250648443702393
matched_only,sqrt_reviews,1990,1990–1994,Explorer/Seeker,28.015372341683513
matched_only,sqrt_reviews,1990,1990–1994,Hero/Warrior,21.870493924009917
matched_only,sqrt_reviews,1990,1990–1994,Innocent,4.077457303202898
matched_only,sqrt_reviews,1990,1990–1994,Jester/Trickster,7.6701770741022335
matched_only,sqrt_reviews,1990,1990–1994,Lover,4.359374218196061
matched_only,sqrt_reviews,1990,1990–1994,Magician/Transformer,5.966208319666847
matched_only,sqrt_reviews,1990,1990–1994,Rebel/Outlaw,5.847462350851513
matched_only,sqrt_reviews,1990,1990–1994,Ruler/Leader,5.779916565946241
matched_only,sqrt_reviews,1990,1990–1994,Sage/Investigator,13.20510971343025
matched_only,sqrt_reviews,1995,1995–1999,Caregiver/Guardian,0.612111008024115
matched_only,sqrt_reviews,1995,1995–1999,Creator/Artist,1.7099616870069216
matched_only,sqrt_reviews,1995,1995–1999,Everyman/Orphan,7.925313088194846
matched_only,sqrt_reviews,1995,1995–1999,Explorer/Seeker,20.0907592268134
matched_only,sqrt_reviews,1995,1995–1999,Hero/Warrior,26.55748974654271
matched_only,sqrt_reviews,1995,1995–1999,Innocent,2.406338005847627
matched_only,sqrt_reviews,1995,1995–1999,Jester/Trickster,4.146824512180876
matched_only,sqrt_reviews,1995,1995–1999,Lover,1.969102444992041
matched_only,sqrt_reviews,1995,1995–1999,Magician/Transformer,4.403243412925827
matched_only,sqrt_reviews,1995,1995–1999,Rebel/Outlaw,8.756702398673804
matched_only,sqrt_reviews,1995,1995–1999,Ruler/Leader,5.258912697956962
matched_only,sqrt_reviews,1995,1995–1999,Sage/Investigator,12.195886662755616
matched_only,sqrt_reviews,2000,2000–2004,Caregiver/Guardian,0.7936977092030131
matched_only,sqrt_reviews,2000,2000–2004,Creator/Artist,1.343059443578449
matched_only,sqrt_reviews,2000,2000–2004,Everyman/Orphan,4.071343606024236
matched_only,sqrt_reviews,2000,2000–2004,Explorer/Seeker,17.082373720447073
matched_only,sqrt_reviews,2000,2000–2004,Hero/Warrior,24.32983397715856
matched_only,sqrt_reviews,2000,2000–2004,Innocent,1.5301122709454635
matched_only,sqrt_reviews,2000,2000–2004,Jester/Trickster,4.025817803595951
matched_only,sqrt_reviews,2000,2000–2004,Lover,1.5808018611476524
matched_only,sqrt_reviews,2000,2000–2004,Magician/Transformer,3.8914130251487054
matched_only,sqrt_reviews,2000,2000–2004,Rebel/Outlaw,16.911218702208505
matched_only,sqrt_reviews,2000,2000–2004,Ruler/Leader,8.540227369545333
matched_only,sqrt_reviews,2000,2000–2004,Sage/Investigator,9.481091039750776
matched_only,sqrt_reviews,2005,2005–2009,Caregiver/Guardian,1.9803625293516425
matched_only,sqrt_reviews,2005,2005–2009,Creator/Artist,2.272026038569369
matched_only,sqrt_reviews,2005,2005–2009,Everyman/Orphan,10.370503193948831
matched_only,sqrt_reviews,2005,2005–2009,Explorer/Seeker,14.881187057290628
matched_only,sqrt_reviews,2005,2005–2009,Hero/Warrior,27.255054394285082
matched_only,sqrt_reviews,2005,2005–2009,Innocent,0.7078742796783869
matched_only,sqrt_reviews,2005,2005–2009,Jester/Trickster,5.284009109879899
matched_only,sqrt_reviews,2005,2005–2009,Lover,0.617851032998934
matched_only,sqrt_reviews,2005,2005–2009,Magician/Transformer,3.3842819918658575
matched_only,sqrt_reviews,2005,2005–2009,Rebel/Outlaw,10.525390441592448
matched_only,sqrt_reviews,2005,2005–2009,Ruler/Leader,7.347017438343836
matched_only,sqrt_reviews,2005,2005–2009,Sage/Investigator,9.326533548765369
matched_only,sqrt_reviews,2010,2010–2014,Caregiver/Guardian,2.9064696495878395
matched_only,sqrt_reviews,2010,2010–2014,Creator/Artist,3.91452598708804
matched_only,sqrt_reviews,2010,2010–2014,Everyman/Orphan,11.554145929802816
matched_only,sqrt_reviews,2010,2010–2014,Explorer/Seeker,14.862683559358754
matched_only,sqrt_reviews,2010,2010–2014,Hero/Warrior,22.6155265730451
matched_only,sqrt_reviews,2010,2010–2014,Innocent,2.6473679612417294
matched_only,sqrt_reviews,2010,2010–2014,Jester/Trickster,5.749650336914394
matched_only,sqrt_reviews,2010,2010–2014,Lover,1.5944620761773056
matched_only,sqrt_reviews,2010,2010–2014,Magician/Transformer,3.8291269309512197
matched_only,sqrt_reviews,2010,2010–2014,Rebel/Outlaw,11.112779002574598
matched_only,sqrt_reviews,2010,2010–2014,Ruler/Leader,5.521454892800613
matched_only,sqrt_reviews,2010,2010–2014,Sage/Investigator,7.435592403531574
matched_only,sqrt_reviews,2015,2015–2019,Caregiver/Guardian,3.471369183608526
matched_only,sqrt_reviews,2015,2015–2019,Creator/Artist,4.2676226472137415
matched_only,sqrt_reviews,2015,2015–2019,Everyman/Orphan,12.181405923773104
matched_only,sqrt_reviews,2015,2015–2019,Explorer/Seeker,17.093083888288884
matched_only,sqrt_reviews,2015,2015–2019,Hero/Warrior,19.936865715905846
matched_only,sqrt_reviews,2015,2015–2019,Innocent,2.7734374464621188
matched_only,sqrt_reviews,2015,2015–2019,Jester/Trickster,5.932478890532668
matched_only,sqrt_reviews,2015,2015–2019,Lover,3.414578462744779
matched_only,sqrt_reviews,2015,2015–2019,Magician/Transformer,4.478895313873139
matched_only,sqrt_reviews,2015,2015–2019,Rebel/Outlaw,8.297049179839584
matched_only,sqrt_reviews,2015,2015–2019,Ruler/Leader,5.2246702011810155
matched_only,sqrt_reviews,2015,2015–2019,Sage/Investigator,7.317031861682392
matched_only,sqrt_reviews,2020,2020–2024,Caregiver/Guardian,3.5986505091932166
matched_only,sqrt_reviews,2020,2020–2024,Creator/Artist,5.634901769715575
matched_only,sqrt_reviews,2020,2020–2024,Everyman/Orphan,12.0868832403246
matched_only,sqrt_reviews,2020,2020–2024,Explorer/Seeker,16.819044411463796
matched_only,sqrt_reviews,2020,2020–2024,Hero/Warrior,19.190448329045218
matched_only,sqrt_reviews,2020,2020–2024,Innocent,2.5244364010157017
matched_only,sqrt_reviews,2020,2020–2024,Jester/Trickster,5.352209947752121
matched_only,sqrt_reviews,2020,2020–2024,Lover,3.529523555971731
matched_only,sqrt_reviews,2020,2020–2024,Magician/Transformer,5.193973590773984
matched_only,sqrt_reviews,2020,2020–2024,Rebel/Outlaw,8.265347511709527
matched_only,sqrt_reviews,2020,2020–2024,Ruler/Leader,5.735510805554124
matched_only,sqrt_reviews,2020,2020–2024,Sage/Investigator,6.638319806704016
matched_only,sqrt_reviews,2025,2025,Caregiver/Guardian,3.778387111467049
matched_only,sqrt_reviews,2025,2025,Creator/Artist,7.608325198949864
matched_only,sqrt_reviews,2025,2025,Everyman/Orphan,13.760302827598316
matched_only,sqrt_reviews,2025,2025,Explorer/Seeker,16.953853515087854
matched_only,sqrt_reviews,2025,2025,Hero/Warrior,18.07377898160941
matched_only,sqrt_reviews,2025,2025,Innocent,2.051088843851724
matched_only,sqrt_reviews,2025,2025,Jester/Trickster,4.435776818797295
matched_only,sqrt_reviews,2025,2025,Lover,1.973889483239808
matched_only,sqrt_reviews,2025,2025,Magician/Transformer,5.292836509713314
matched_only,sqrt_reviews,2025,2025,Rebel/Outlaw,8.434043758064805
matched_only,sqrt_reviews,2025,2025,Ruler/Leader,6.681678022291104
matched_only,sqrt_reviews,2025,2025,Sage/Investigator,5.698838099049819
matched_only,tiered_reviews,1980,1980–1984,Everyman/Orphan,7.875049219057619
matched_only,tiered_reviews,1980,1980–1984,Explorer/Seeker,47.38154613466334
matched_only,tiered_reviews,1980,1980–1984,Hero/Warrior,32.871767948549675
matched_only,tiered_reviews,1980,1980–1984,Jester/Trickster,15.828848930305814
matched_only,tiered_reviews,1980,1980–1984,Magician/Transformer,34.21052631578947
matched_only,tiered_reviews,1980,1980–1984,Rebel/Outlaw,31.57894736842105
matched_only,tiered_reviews,1980,1980–1984,Sage/Investigator,15.789473684210526
matched_only,tiered_reviews,1985,1985–1989,Caregiver/Guardian,2.880584715703486
matched_only,tiered_reviews,1985,1985–1989,Everyman/Orphan,10.550981715357647
matched_only,tiered_reviews,1985,1985–1989,Explorer/Seeker,35.721478987971885
matched_only,tiered_reviews,1985,1985–1989,Hero/Warrior,21.234109567975793
matched_only,tiered_reviews,1985,1985–1989,Innocent,2.761384239430328
matched_only,tiered_reviews,1985,1985–1989,Jester/Trickster,12.022141450144298
matched_only,tiered_reviews,1985,1985–1989,Lover,9.164606308503876
matched_only,tiered_reviews,1985,1985–1989,Magician/Transformer,6.494994350579393
matched_only,tiered_reviews,1985,1985–1989,Rebel/Outlaw,9.233068234701438
matched_only,tiered_reviews,1985,1985–1989,Ruler/Leader,7.483931328950944
matched_only,tiered_reviews,1985,1985–1989,Sage/Investigator,8.352758860467256
matched_only,tiered_reviews,1990,1990–1994,Creator/Artist,0.8581906510567667
matched_only,tiered_reviews,1990,1990–1994,Everyman/Orphan,5.184776921452018
matched_only,tiered_reviews,1990,1990–1994,Explorer/Seeker,26.558977990481452
matched_only,tiered_reviews,1990,1990–1994,Hero/Warrior,23.670955231504482
matched_only,tiered_reviews,1990,1990–1994,Innocent,4.106744269724525
matched_only,tiered_reviews,1990,1990–1994,Jester/Trickster,7.336952209522564
matched_only,tiered_reviews,1990,1990–1994,Lover,3.597357175602708
matched_only,tiered_reviews,1990,1990–1994,Magician/Transformer,5.443724232629309
matched_only,tiered_reviews,1990,1990–1994,Rebel/Outlaw,6.795619556152369
matched_only,tiered_reviews,1990,1990–1994,Ruler/Leader,7.40609151664715
matched_only,tiered_reviews,1990,1990–1994,Sage/Investigator,11.651890961099449
matched_only,tiered_reviews,1995,1995–1999,Caregiver/Guardian,1.0499664299552383
matched_only,tiered_reviews,1995,1995–1999,Creator/Artist,2.159420224531356
matched_only,tiered_reviews,1995,1995–1999,Everyman/Orphan,6.35007715067413
matched_only,tiered_reviews,1995,1995–1999,Explorer/Seeker,18.24336971290946
matched_only,tiered_reviews,1995,1995–1999,Hero/Warrior,26.814372771780803
matched_only,tiered_reviews,1995,1995–1999,Innocent,2.652200662212901
matched_only,tiered_reviews,1995,1995–1999,Jester/Trickster,5.413586884764024
matched_only,tiered_reviews,1995,1995–1999,Lover,1.766579340448575
matched_only,tiered_reviews,1995,1995–1999,Magician/Transformer,4.971932535812562
matched_only,tiered_reviews,1995,1995–1999,Rebel/Outlaw,9.345368566013102
matched_only,tiered_reviews,1995,1995–1999,Ruler/Leader,7.467995369563914
matched_only,tiered_reviews,1995,1995–1999,Sage/Investigator,10.325033612110145
matched_only,tiered_reviews,2000,2000–2004,Caregiver/Guardian,1.188501809628281
matched_only,tiered_reviews,2000,2000–2004,Creator/Artist,1.5904659640861485
matched_only,tiered_reviews,2000,2000–2004,Everyman/Orphan,4.394330801973412
matched_only,tiered_reviews,2000,2000–2004,Explorer/Seeker,17.19123501413039
matched_only,tiered_reviews,2000,2000–2004,Hero/Warrior,25.09027858879895
matched_only,tiered_reviews,2000,2000–2004,Innocent,2.073864628734899
matched_only,tiered_reviews,2000,2000–2004,Jester/Trickster,4.284640596084097
matched_only,tiered_reviews,2000,2000–2004,Lover,1.2375842962733086
matched_only,tiered_reviews,2000,2000–2004,Magician/Transformer,4.942639861782439
matched_only,tiered_reviews,2000,2000–2004,Rebel/Outlaw,11.924031881880719
matched_only,tiered_reviews,2000,2000–2004,Ruler/Leader,10.445419299622547
matched_only,tiered_reviews,2000,2000–2004,Sage/Investigator,10.956392642696246
matched_only,tiered_reviews,2005,2005–2009,Caregiver/Guardian,1.4678858592266188
matched_only,tiered_reviews,2005,2005–2009,Creator/Artist,2.718501585485634
matched_only,tiered_reviews,2005,2005–2009,Everyman/Orphan,7.507291330720852
matched_only,tiered_reviews,2005,2005–2009,Explorer/Seeker,16.00415865764689
matched_only,tiered_reviews,2005,2005–2009,Hero/Warrior,25.649533749859472
matched_only,tiered_reviews,2005,2005–2009,Innocent,1.2451281509263559
matched_only,tiered_reviews,2005,2005–2009,Jester/Trickster,5.339988933007369
matched_only,tiered_reviews,2005,2005–2009,Lover,0.6503701589228493
matched_only,tiered_reviews,2005,2005–2009,Magician/Transformer,4.313365952669504
matched_only,tiered_reviews,2005,2005–2009,Rebel/Outlaw,9.320782125131139
matched_only,tiered_reviews,2005,2005–2009,Ruler/Leader,9.25495589721036
matched_only,tiered_reviews,2005,2005–2009,Sage/Investigator,11.02035167311561
matched_only,tiered_reviews,2010,2010–2014,Caregiver/Guardian,2.0380967611155674
matched_only,tiered_reviews,2010,2010–2014,Creator/Artist,4.4417252584796465
matched_only,tiered_reviews,2010,2010–2014,Everyman/Orphan,9.314229380535128
matched_only,tiered_reviews,2010,2010–2014,Explorer/Seeker,16.588354435304534
matched_only,tiered_reviews,2010,2010–2014,Hero/Warrior,22.106298227418588
matched_only,tiered_reviews,2010,2010–2014,Innocent,2.4839928648662015
matched_only,tiered_reviews,2010,2010–2014,Jester/Trickster,6.724106499759652
matched_only,tiered_reviews,2010,2010–2014,Lover,1.9380942518508248
matched_only,tiered_reviews,2010,2010–2014,Magician/Transformer,4.95261968656315
matched_only,tiered_reviews,2010,2010–2014,Rebel/Outlaw,8.81331690207648
matched_only,tiered_reviews,2010,2010–2014,Ruler/Leader,6.367042200965902
matched_only,tiered_reviews,2010,2010–2014,Sage/Investigator,8.956790529911988
matched_only,tiered_reviews,2015,2015–2019,Caregiver/Guardian,2.26176922323542
matched_only,tiered_reviews,2015,2015–2019,Creator/Artist,4.576752838615485
matched_only,tiered_reviews,2015,2015–2019,Everyman/Orphan,11.462171534041158
matched_only,tiered_reviews,2015,2015–2019,Explorer/Seeker,17.094388861266033
matched_only,tiered_reviews,2015,2015–2019,Hero/Warrior,18.57514540884143
matched_only,tiered_reviews,2015,2015–2019,Innocent,2.6341672836315206
matched_only,tiered_reviews,2015,2015–2019,Jester/Trickster,6.786247986619612
matched_only,tiered_reviews,2015,2015–2019,Lover,3.166472157284425
matched_only,tiered_reviews,2015,2015–2019,Magician/Transformer,5.877326582729712
matched_only,tiered_reviews,2015,2015–2019,Rebel/Outlaw,8.614687148742245
matched_only,tiered_reviews,2015,2015–2019,Ruler/Leader,5.617300890062266
matched_only,tiered_reviews,2015,2015–2019,Sage/Investigator,7.561125731445356
matched_only,tiered_reviews,2020,2020–2024,Caregiver/Guardian,2.9949185516917285
matched_only,tiered_reviews,2020,2020–2024,Creator/Artist,5.610213104544155
matched_only,tiered_reviews,2020,2020–2024,Everyman/Orphan,12.428047705409604
matched_only,tiered_reviews,2020,2020–2024,Explorer/Seeker,16.09748843285259
matched_only,tiered_reviews,2020,2020–2024,Hero/Warrior,17.360894071657988
matched_only,tiered_reviews,2020,2020–2024,Innocent,2.8495752657155013
matched_only,tiered_reviews,2020,2020–2024,Jester/Trickster,6.015571761008646
matched_only,tiered_reviews,2020,2020–2024,Lover,3.46827987636156
matched_only,tiered_reviews,2020,2020–2024,Magician/Transformer,6.132895661359268
matched_only,tiered_reviews,2020,2020–2024,Rebel/Outlaw,8.312987871522797
matched_only,tiered_reviews,2020,2020–2024,Ruler/Leader,5.65762187444904
matched_only,tiered_reviews,2020,2020–2024,Sage/Investigator,7.059124238305048
matched_only,tiered_reviews,2025,2025,Caregiver/Guardian,3.6422906724805135
matched_only,tiered_reviews,2025,2025,Creator/Artist,7.227302705500495
matched_only,tiered_reviews,2025,2025,Everyman/Orphan,13.013609262055503
matched_only,tiered_reviews,2025,2025,Explorer/Seeker,15.843542016444658
matched_only,tiered_reviews,2025,2025,Hero/Warrior,15.664102738842637
matched_only,tiered_reviews,2025,2025,Innocent,2.6408625551079274
matched_only,tiered_reviews,2025,2025,Jester/Trickster,5.629301882084853
matched_only,tiered_reviews,2025,2025,Lover,2.4170797355833264
matched_only,tiered_reviews,2025,2025,Magician/Transformer,6.770575487933845
matched_only,tiered_reviews,2025,2025,Rebel/Outlaw,7.7117774907900785
matched_only,tiered_reviews,2025,2025,Ruler/Leader,6.493418964054509
matched_only,tiered_reviews,2025,2025,Sage/Investigator,6.830388580467853
