appid,name_from_app_list,absolute_index,details_from_cache,steamspy_from_cache,forced_include,bucket,matched_terms,relevance_score,steamspy_tags,steam_type,steam_name,is_free,required_age,release_date_coming_soon,steam_release_date,developers,publishers,steam_genres,steam_categories,platform_windows,platform_mac,platform_linux,metacritic_score,recommendations_total,short_description,header_image,website,support_url,support_email,steamspy_owners,steamspy_median_forever,steamspy_average_forever,total_reviews,total_positive,total_negative,total_ratings_pos_neg,positive_ratio,review_score,review_score_desc,reviews_from_cache,include_in_corpus,exclusion_reason,original_release_year,original_release_decade,game_series,protagonist,protagonist_type,protagonist_gender,primary_archetype,secondary_archetype,shadow_load_0_3,player_projection_0_3,narrative_complexity_0_3,corpus_notes,coding_source,review_error,run_id,run_start_index,run_scan_limit,scanned_at_utc,player_shaped_arc,ensemble_archetypes,llm_primary_archetype_suggestion,llm_secondary_archetype_suggestion,llm_shadow_load_suggestion,human_validation_primary_mode,human_validation_secondary_mode,human_validation_agreement_score,human_validation_votes_json
730,Counter-Strike 2,21,True,True,False,systemic/player-role,"Action, FPS, First-Person, Shooter, Strategy, Tactical, e-sports",6,"FPS, Shooter, Multiplayer, Competitive, Action, Team-Based, e-sports, Tactical, First-Person, PvP, Online Co-Op, Co-op, Strategy, Military, War, Difficult, Trading, Realistic, Fast-Paced, Moddable",game,Counter-Strike 2,True,0,False,"Aug 21, 2012",Valve,Valve,"Action, Free To Play","Multi-player, Cross-Platform Multiplayer, Steam Trading Cards, Steam Workshop, In-App Purchases, Adjustable Text Size, Camera Comfort, Color Alternatives, Custom Volume Controls, Playable without Timed Input, Stereo Sound, Surround Sound, Valve Anti-Cheat enabled, Stats, Remote Play on Phone, Remote Play on Tablet, Remote Play on TV, Steam Timeline",True,False,True,,5125847,"For over two decades, Counter-Strike has offered an elite competitive experience, one shaped by millions of players from across the globe. And now the next chapter in the CS story is about to begin. This is Counter-Strike 2.",https://shared.akamai.steamstatic.com/store_item_assets/steam/apps/730/162664aa5da85f418105350c5d67ca565f6c3713/header.jpg?t=1780435263,http://counter-strike.net/,,,"100,000,000 .. 200,000,000",0,0,9658920,8318080,1340840,9658920,0.8611811672526535,8,Very Positive,True,,,,,,,,,,,,,,,,,start0_limit5000_20260614T210511Z,0,5000,2026-06-14T21:05:16.344712+00:00,,,,,,,,,
570,Dota 2,18,True,True,False,RPG/character progression,"Action, Action RPG, Character Customization, RPG, RTS, Simulation, Strategy, e-sports",14,"Free to Play, MOBA, Multiplayer, Strategy, e-sports, Team-Based, Competitive, Action, Online Co-Op, PvP, Difficult, Co-op, RTS, RPG, Tower Defense, Fantasy, Character Customization, Replay Value, Action RPG, Simulation",game,Dota 2,True,0,False,"Jul 9, 2013",Valve,Valve,"Action, Strategy, Free To Play","Multi-player, Co-op, Steam Trading Cards, Steam Workshop, SteamVR Collectibles, In-App Purchases, Camera Comfort, Color Alternatives, Custom Volume Controls, Valve Anti-Cheat enabled, Steam Timeline",True,True,True,90,14375,"Every day, millions of players worldwide enter battle as one of over a hundred Dota heroes. And no matter if it's their 10th hour of play or 1,000th, there's always something new to discover. With regular updates that ensure a constant evolution of gameplay, features, and heroes, Dota 2 has taken on a life of its own.",https://shared.akamai.steamstatic.com/store_item_assets/steam/apps/570/header.jpg?t=1769535998,http://www.dota2.com/,,,"100,000,000 .. 200,000,000",0,0,2722890,2198889,524001,2722890,0.8075570441699812,8,Very Positive,True,,,,,,,,,,,,,,,,,start0_limit5000_20260614T210511Z,0,5000,2026-06-14T21:05:16.273711+00:00,,,,,,,,,
578080,PUBG: BATTLEGROUNDS,12556,False,False,False,action/adventure protagonist,"Action, Adventure",2,,game,PUBG: BATTLEGROUNDS,True,13,False,"Dec 21, 2017",PUBG Corporation,"KRAFTON, Inc.","Action, Adventure, Massively Multiplayer, Free To Play","Multi-player, PvP, Online PvP, Custom Volume Controls, Stereo Sound, Surround Sound, Stats, Remote Play on Phone, Remote Play on Tablet",True,False,False,,1760609,"PUBG: BATTLEGROUNDS, the high-stakes winner-take-all shooter that started the Battle Royale craze, is free-to-play! Drop into diverse maps, loot unique weapons and supplies, and survive in an ever-shrinking zone where every turn could be your last.",https://shared.akamai.steamstatic.com/store_item_assets/steam/apps/578080/841ea38bc58cabb70aef65365cf50bc2d79329d9/header.jpg?t=1778634253,https://www.pubg.com,https://support.pubg.com/hc/en-us,,,,,2720949,1642602,1078347,2720949,0.6036871694397801,5,Mixed,False,,,,,,,,,,,,,,,,,start10000_limit20000_20260615T073020Z,10000,20000,2026-06-15T09:24:46.544239+00:00,,,,,,,,,
105600,Terraria,1111,True,True,False,RPG/character progression,"Action, Adventure, Building, Open World, Open World Survival Craft, Platformer, RPG, Sandbox, Singleplayer, Survival",14,"Open World Survival Craft, Sandbox, Survival, 2D, Multiplayer, Adventure, Pixel Graphics, Crafting, Building, Exploration, Co-op, Open World, Online Co-Op, Indie, Action, RPG, Singleplayer, Replay Value, Platformer, Atmospheric",game,Terraria,False,0,False,"May 16, 2011",Re-Logic,Re-Logic,"Action, Adventure, Indie, RPG","Single-player, Multi-player, PvP, Online PvP, Co-op, Online Co-op, Steam Achievements, Full controller support, Steam Trading Cards, Steam Cloud, Remote Play on Phone, Remote Play on Tablet, Remote Play on TV, Family Sharing",True,True,True,83,1218302,"Dig, fight, explore, build! Nothing is impossible in this action-packed adventure game. Four Pack also available!",https://shared.akamai.steamstatic.com/store_item_assets/steam/apps/105600/header.jpg?t=1769844435,http://www.terraria.org/,https://forums.terraria.org/index.php?forums/pc-support.102/,support@re-logic.com,"20,000,000 .. 50,000,000",0,0,1528250,1488329,39921,1528250,0.9738779649926388,9,Overwhelmingly Positive,True,,,,,,,,,,,,,,,,,start0_limit5000_20260614T210511Z,0,5000,2026-06-14T21:06:07.928389+00:00,,,,,,,,,
359550,Tom Clancy's Rainbow Six Siege,5168,True,False,False,action/adventure protagonist,Action,1,,game,Tom Clancy's Rainbow Six Siege,True,17,False,"Dec 1, 2015",Ubisoft Montreal,Ubisoft,"Action, Free To Play","Single-player, Multi-player, PvP, Online PvP, Co-op, Online Co-op, Full controller support, Steam Trading Cards, In-App Purchases, Remote Play on Phone, Remote Play on Tablet",True,False,False,,1244360,"Tom Clancy's Rainbow Six Siege is an elite, tactical team-based shooter where superior planning and execution triumph.",https://shared.akamai.steamstatic.com/store_item_assets/steam/apps/359550/a874bf3975eb2c291a67cf66172f126d211150fd/header_alt_assets_23.jpg?t=1781286900,http://rainbow6.ubi.com/,http://support.ubi.com,,,,,1522491,1253998,268493,1522491,0.8236488754284919,8,Very Positive,True,,,,,,,,,,,,,,,,,start5000_limit5000_20260614T200239Z,5000,5000,2026-06-14T20:03:06.550104+00:00,,,,,,,,,
252490,Rust,2036,True,True,False,RPG/character progression,"Action, Adventure, Building, FPS, First-Person, Open World, Open World Survival Craft, RPG, Sandbox, Shooter, Simulation, Survival",15,"Survival, Crafting, Multiplayer, Open World, Open World Survival Craft, Building, PvP, Sandbox, Adventure, First-Person, Action, Nudity, FPS, Shooter, Co-op, Online Co-Op, Indie, Post-apocalyptic, Early Access, Simulation",game,Rust,False,0,False,"Feb 8, 2018",Facepunch Studios,Facepunch Studios,"Action, Adventure, Indie, Massively Multiplayer, RPG","Multi-player, MMO, PvP, Online PvP, Co-op, Online Co-op, Cross-Platform Multiplayer, Steam Achievements, Steam Trading Cards, Steam Workshop, In-App Purchases, Adjustable Text Size, Camera Comfort, Color Alternatives, Custom Volume Controls, Adjustable Difficulty, Stereo Sound, Subtitle Options, Surround Sound, Valve Anti-Cheat enabled, Stats, Remote Play on Tablet",True,True,False,69,1143004,"The only aim in Rust is to survive. Everything wants you to die - the island’s wildlife, other inhabitants, the environment, and other survivors. Do whatever it takes to last another night.",https://shared.akamai.steamstatic.com/store_item_assets/steam/apps/252490/header.jpg?t=1781218495,http://rust.facepunch.com/,http://support.facepunchstudios.com/,,"20,000,000 .. 50,000,000",0,0,1369573,1190280,179293,1369573,0.8690883947040428,8,Very Positive,True,,,,,,,,,,,,,,,,,start0_limit5000_20260614T210511Z,0,5000,2026-06-14T21:06:59.166387+00:00,,,,,,,,,
4000,Garry's Mod,125,True,True,False,systemic/player-role,"Action, Building, FPS, First-Person, Sandbox, Shooter, Simulation, Singleplayer",11,"Sandbox, Moddable, Multiplayer, Physics, Building, Casual, Funny, First-Person, Singleplayer, FPS, Simulation, Comedy, Online Co-Op, Co-op, Shooter, Action, Indie, PvP, Realistic, Exploration",game,Garry's Mod,False,0,False,"Nov 29, 2006",Facepunch Studios,Valve,"Casual, Indie, Simulation","Single-player, Multi-player, PvP, Online PvP, LAN PvP, Co-op, Online Co-op, LAN Co-op, Cross-Platform Multiplayer, Steam Achievements, Steam Trading Cards, Captions available, Steam Workshop, Color Alternatives, Custom Volume Controls, Adjustable Difficulty, Playable without Timed Input, Save Anytime, Stereo Sound, Steam Cloud, Valve Anti-Cheat enabled, Includes level editor, Includes Source SDK, Remote Play on Tablet, Family Sharing",True,True,True,,1072279,Garry's Mod is a physics sandbox. There aren't any predefined aims or goals. We give you the tools and leave you to play.,https://shared.akamai.steamstatic.com/store_item_assets/steam/apps/4000/header.jpg?t=1776868682,https://gmod.facepunch.com,https://support.facepunchstudios.com/,,"20,000,000 .. 50,000,000",0,0,1241884,1202903,38981,1241884,0.96861140009856,9,Overwhelmingly Positive,True,,,,,,,,,,,,,,,,,start0_limit5000_20260614T210511Z,0,5000,2026-06-14T21:05:19.555332+00:00,,,,,,,,,
440,Team Fortress 2,15,True,True,False,action/adventure protagonist,"Action, FPS, First-Person, Hero Shooter, Shooter, Tactical",4,"Free to Play, Hero Shooter, Multiplayer, FPS, Shooter, Action, Class-Based, Team-Based, Funny, First-Person, Online Co-Op, Competitive, Cartoony, Trading, Co-op, Comedy, Robots, Tactical, Cartoon, Crafting",game,Team Fortress 2,True,0,False,"Oct 10, 2007",Valve,Valve,"Action, Free To Play","Multi-player, Cross-Platform Multiplayer, Steam Achievements, Steam Trading Cards, Captions available, Steam Workshop, In-App Purchases, Camera Comfort, Color Alternatives, Custom Volume Controls, Stereo Sound, Surround Sound, Partial Controller Support, Valve Anti-Cheat enabled, Stats, Includes level editor, Commentary available, Remote Play on Phone, Remote Play on Tablet",True,False,True,92,47150,"Nine distinct classes provide a broad range of tactical abilities and personalities. Constantly updated with new game modes, maps, equipment and, most importantly, hats!",https://shared.akamai.steamstatic.com/store_item_assets/steam/apps/440/header.jpg?t=1757348372,http://www.teamfortress.com/,http://steamcommunity.com/app/440,,"50,000,000 .. 100,000,000",0,0,1236340,1124476,111864,1236340,0.9095200349418444,8,Very Positive,True,,,,,,,,,,,,,,,,,start0_limit5000_20260614T210511Z,0,5000,2026-06-14T21:05:16.209197+00:00,,,,,,,,,
553850,HELLDIVERS™ 2,11670,False,False,False,action/adventure protagonist,Action,1,,game,HELLDIVERS™ 2,False,17,False,"Feb 8, 2024",Arrowhead Game Studios,PlayStation Publishing LLC,Action,"Multi-player, Co-op, Online Co-op, Steam Achievements, In-App Purchases, Adjustable Text Size, Camera Comfort, Chat Speech-to-text, Chat Text-to-speech, Color Alternatives, Custom Volume Controls, Adjustable Difficulty, Narrated Game Menus, Playable without Timed Input, Stereo Sound, Subtitle Options, Surround Sound, Partial Controller Support, Family Sharing",True,False,False,,828178,"The Galaxy’s Last Line of Offence. Enlist in the Helldivers and join the fight for freedom across a hostile galaxy in a fast, frantic, and ferocious third-person shooter.",https://shared.akamai.steamstatic.com/store_item_assets/steam/apps/553850/f11c258b04a5e3e7771c1bab60f324ebf6c6c6fb/header.jpg?t=1779899567,https://www.playstation.com/games/helldivers-2/pc/,,support@arrowhead.zendesk.com,,,,1146116,860104,286012,1146116,0.7504510887205135,6,Mostly Positive,False,,,,,,,,,,,,,,,,,start10000_limit20000_20260615T073020Z,10000,20000,2026-06-15T08:44:58.101875+00:00,,,,,,,,,
550,Left 4 Dead 2,17,True,True,False,survival/sandbox or horror,"Action, Adventure, FPS, First-Person, Horror, Shooter, Singleplayer, Survival, Survival Horror, Tactical, Zombies",16,"Zombies, Co-op, FPS, Multiplayer, Shooter, Online Co-Op, Action, Survival, Horror, First-Person, Gore, Team-Based, Moddable, Survival Horror, Post-apocalyptic, Singleplayer, Adventure, Local Co-Op, Replay Value, Tactical",game,Left 4 Dead 2,False,0,False,"Nov 16, 2009",Valve,Valve,Action,"Single-player, Multi-player, PvP, Online PvP, Co-op, Online Co-op, Steam Achievements, Full controller support, Steam Trading Cards, Captions available, Steam Workshop, Camera Comfort, Color Alternatives, Custom Volume Controls, Adjustable Difficulty, Playable without Timed Input, Stereo Sound, Surround Sound, Steam Cloud, Valve Anti-Cheat enabled, Stats, Includes Source SDK, Commentary available, Remote Play on Phone, Remote Play on Tablet, Remote Play on TV, Remote Play Together, Family Sharing, Steam Timeline",True,False,True,89,798110,"Set in the zombie apocalypse, Left 4 Dead 2 is a co-operative action horror FPS takes you and your friends through the cities, swamps and cemeteries of the Deep South, from Savannah to New Orleans across five expansive campaigns.",https://shared.akamai.steamstatic.com/store_item_assets/steam/apps/550/header.jpg?t=1772742214,http://www.l4d.com,http://steamcommunity.com/app/550,,"50,000,000 .. 100,000,000",0,0,1037604,1011960,25644,1037604,0.9752853689846994,9,Overwhelmingly Positive,True,,,,,,,,,,,,,,,,,start0_limit5000_20260614T210511Z,0,5000,2026-06-14T21:05:16.248201+00:00,,,,,,,,,
413150,Stardew Valley,7038,True,False,False,RPG/character progression,"RPG, Simulation",4,,game,Stardew Valley,False,0,False,"Feb 26, 2016",ConcernedApe,ConcernedApe,"Indie, RPG, Simulation","Single-player, Multi-player, Co-op, Online Co-op, LAN Co-op, Shared/Split Screen Co-op, Shared/Split Screen, Steam Achievements, Full controller support, Steam Trading Cards, Steam Cloud, Remote Play on Phone, Remote Play on Tablet, Remote Play Together, Family Sharing",True,True,True,89,870934,"You've inherited your grandfather's old farm plot in Stardew Valley. Armed with hand-me-down tools and a few coins, you set out to begin your new life. Can you learn to live off the land and turn these overgrown fields into a thriving home?",https://shared.akamai.steamstatic.com/store_item_assets/steam/apps/413150/header.jpg?t=1754692865,http://www.stardewvalley.net,,support@stardewvalley.net,,,,1013081,997645,15436,1013081,0.9847633111271458,9,Overwhelmingly Positive,True,,,,,,,,,,,,,,,,,start5000_limit5000_20260614T200239Z,5000,5000,2026-06-14T20:08:39.952405+00:00,,,,,,,,,
227300,Euro Truck Simulator 2,1591,True,True,False,systemic/player-role,"Adventure, Immersive Sim, Management, Open World, Simulation, Third Person",9,"Driving, Transportation, Simulation, Open World, Automobile Sim, Realistic, Moddable, Relaxing, Exploration, Economy, Immersive Sim, Management, Atmospheric, Multiplayer, Controller, Family Friendly, Third Person, Adventure, Casual, Indie",game,Euro Truck Simulator 2,False,0,False,"Oct 12, 2012",SCS Software,SCS Software,"Indie, Simulation","Single-player, Multi-player, Co-op, Online Co-op, Steam Achievements, Steam Trading Cards, Steam Workshop, Camera Comfort, Custom Volume Controls, Adjustable Difficulty, Keyboard Only Option, Playable without Timed Input, Save Anytime, Stereo Sound, Surround Sound, Partial Controller Support, Steam Cloud, Includes level editor, Remote Play on Phone, Remote Play on Tablet, Remote Play Together, Family Sharing",True,True,True,79,767260,"Travel across Europe as king of the road, a trucker who delivers important cargo across impressive distances! With dozens of cities to explore, your endurance, skill and speed will all be pushed to their limits.",https://shared.akamai.steamstatic.com/store_item_assets/steam/apps/227300/9a81dc3126c56637297b654f9dcac057cfd79b77/header.jpg?t=1773641450,https://eurotrucksimulator2.com/,https://eurotrucksimulator2.com/support.php,support@eurotrucksimulator2.com,"10,000,000 .. 20,000,000",0,0,923186,899685,23501,923186,0.9745435914322792,9,Overwhelmingly Positive,True,,,,,,,,,,,,,,,,,start0_limit5000_20260614T210511Z,0,5000,2026-06-14T21:06:35.683434+00:00,,,,,,,,,
381210,Dead by Daylight,5955,True,False,False,action/adventure protagonist,Action,1,,game,Dead by Daylight,False,17,False,"Jun 14, 2016",Behaviour Interactive Inc.,Behaviour Interactive Inc.,Action,"Multi-player, PvP, Online PvP, Co-op, Online Co-op, Cross-Platform Multiplayer, Steam Achievements, Full controller support, Steam Trading Cards, Color Alternatives, Custom Volume Controls, Stereo Sound, Subtitle Options, Surround Sound, Steam Cloud, Remote Play on Phone, Remote Play on Tablet, Remote Play on TV, Family Sharing",True,False,False,,661905,"10 years of horror. 10 years of jump scares and close calls. 10 years of brutal sacrifices and thrilling escapes. Trapped forever in a realm of eldritch evil where even death is not an escape, four determined Survivors face a bloodthirsty Killer in a vicious game of nerve and wits.",https://shared.akamai.steamstatic.com/store_item_assets/steam/apps/381210/8512297f0f02ec3e592f45b21779f61624941964/header_alt_assets_6.jpg?t=1778880603,http://www.deadbydaylight.com,https://support.deadbydaylight.com,,,,,903589,709360,194229,903589,0.7850471840626656,6,Mostly Positive,True,,,,,,,,,,,,,,,,,start5000_limit5000_20260614T200239Z,5000,5000,2026-06-14T20:04:57.018628+00:00,,,,,,,,,
292030,The Witcher 3: Wild Hunt,2974,True,True,False,narrative/protagonist-heavy,"Action, Action RPG, Adventure, Choices Matter, Multiple Endings, Open World, RPG, Sandbox, Singleplayer, Story Rich, Third Person",26,"Open World, RPG, Story Rich, Atmospheric, Mature, Fantasy, Adventure, Singleplayer, Nudity, Choices Matter, Great Soundtrack, Third Person, Medieval, Action, Multiple Endings, Action RPG, Dark Fantasy, Magic, Dark, Sandbox",game,The Witcher 3: Wild Hunt,False,17,False,"May 18, 2015",CD PROJEKT RED,CD PROJEKT RED,RPG,"Single-player, Steam Achievements, Steam Trading Cards, Steam Workshop, Adjustable Text Size, Camera Comfort, Color Alternatives, Custom Volume Controls, Adjustable Difficulty, Playable without Timed Input, Save Anytime, Stereo Sound, Surround Sound, Partial Controller Support, Steam Cloud, Remote Play on Tablet, Remote Play on TV, HDR available, Family Sharing",True,False,False,93,817903,"You are Geralt of Rivia, mercenary monster slayer. Before you stands a war-torn, monster-infested continent you can explore at will. Your current contract? Tracking down Ciri — the Child of Prophecy, a living weapon that can alter the shape of the world.",https://shared.akamai.steamstatic.com/store_item_assets/steam/apps/292030/ad9240e088f953a84aee814034c50a6a92bf4516/header.jpg?t=1768303991,https://www.thewitcher.com/witcher3,http://en.cdprojektred.com/support,http://en.cdprojektred.com/contact-support/,"20,000,000 .. 50,000,000",0,0,871777,843708,28069,871777,0.9678025458345424,9,Overwhelmingly Positive,True,,,,,,,,,,,,,,,,,start0_limit5000_20260614T210511Z,0,5000,2026-06-14T21:09:08.810146+00:00,,,,,,,,,
739630,Phasmophobia,18371,False,False,False,action/adventure protagonist,Action,1,,game,Phasmophobia,False,0,False,"Sep 18, 2020",Kinetic Games,Kinetic Games,"Action, Indie, Early Access","Single-player, Multi-player, Co-op, Online Co-op, Steam Achievements, Full controller support, Tracked Controller Support, VR Supported, Steam Trading Cards, Camera Comfort, Adjustable Difficulty, Playable without Timed Input, Stereo Sound, Surround Sound, Steam Cloud, Remote Play on Phone, Remote Play on Tablet, Family Sharing",True,False,False,,677621,Phasmophobia is a 4 player online co-op psychological horror. Paranormal activity is on the rise and it’s up to you and your team to use all the ghost-hunting equipment at your disposal in order to gather as much evidence as you can.,https://shared.akamai.steamstatic.com/store_item_assets/steam/apps/739630/c227a2855aba60f3657bc0c3a46515b8c41fb2b6/header.jpg?t=1780397989,http://kineticgames.co.uk/,http://discord.gg/phasmophobia,contact@kineticgames.co.uk,,,,831653,785941,45712,831653,0.9450347681064097,8,Very Positive,False,,,,,,,,,,,,,,,,,start10000_limit20000_20260615T073020Z,10000,20000,2026-06-15T13:59:37.824850+00:00,,,,,,,,,
346110,ARK: Survival Evolved,4650,True,True,False,RPG/character progression,"Action, Adventure, Base-Building, Building, First-Person, Open World, Open World Survival Craft, RPG, Sandbox, Singleplayer, Survival",16,"Open World Survival Craft, Survival, Multiplayer, Open World, Dinosaurs, Crafting, Building, Adventure, Base-Building, Co-op, Action, Sandbox, First-Person, Massively Multiplayer, Singleplayer, Early Access, RPG, Dragons, Sci-fi, Indie",game,ARK: Survival Evolved,False,0,False,"Aug 27, 2017","Studio Wildcard, Instinct Games, Efecto Studios, Virtual Basement LLC","Studio Wildcard, Snail Games USA","Action, Adventure, Indie, Massively Multiplayer, RPG","Single-player, Multi-player, MMO, Co-op, Steam Achievements, Full controller support, Steam Workshop, Steam Cloud, Valve Anti-Cheat enabled, Includes level editor, Remote Play on Tablet, Family Sharing",True,True,False,70,579858,"Stranded on the shores of a mysterious island, you must learn to survive. Use your cunning to kill or tame the primeval creatures roaming the land, and encounter other players to survive, dominate... and escape!",https://shared.akamai.steamstatic.com/store_item_assets/steam/apps/346110/header.jpg?t=1765677889,http://www.playark.com,https://support.survivetheark.com/hc/en-us,support@studiowildcard.com,"20,000,000 .. 50,000,000",0,0,769566,641247,128319,769566,0.8332579661783395,8,Very Positive,True,,,,,,,,,,,,,,,,,start0_limit5000_20260614T210511Z,0,5000,2026-06-14T21:16:49.031392+00:00,,,,,,,,,
236390,War Thunder,1725,True,True,False,systemic/player-role,"Action, Shooter, Simulation, Third Person, Third-Person Shooter",6,"Free to Play, Simulation, Vehicular Combat, Combat, World War II, Flight, VR, War, Military, Tanks, Multiplayer, Naval Combat, Modern, Massively Multiplayer, Cold War, Realistic, Shooter, Action, Third Person, Third-Person Shooter",game,War Thunder,True,0,False,"Aug 15, 2013",Gaijin Entertainment,Gaijin Network Ltd,"Action, Massively Multiplayer, Simulation, Free To Play","Single-player, Multi-player, MMO, PvP, Online PvP, Co-op, Online Co-op, Cross-Platform Multiplayer, Steam Achievements, Full controller support, VR Supported, Steam Trading Cards, In-App Purchases, Adjustable Text Size, Camera Comfort, Color Alternatives, Custom Volume Controls, Playable without Timed Input, Stereo Sound, Surround Sound, Remote Play on Phone, Remote Play on Tablet",True,True,True,81,1976,"War Thunder is the most comprehensive free-to-play, cross-platform, MMO military game dedicated to aviation, armoured vehicles, and naval craft, from the early 20th century to the most advanced modern combat units. Join now and take part in major battles on land, in the air, and at sea.",https://shared.akamai.steamstatic.com/store_item_assets/steam/apps/236390/ceff9434460880755b42a90b8915e87dff4482ad/header.jpg?t=1780485515,http://warthunder.com/,https://support.gaijin.net/,https://support.gaijin.net/,"20,000,000 .. 50,000,000",0,0,754351,545505,208846,754351,0.7231447959901955,6,Mostly Positive,True,,,,,,,,,,,,,,,,,start0_limit5000_20260614T210511Z,0,5000,2026-06-14T21:06:41.048143+00:00,,,,,,,,,
242760,The Forest,1818,True,True,False,systemic/player-role,"Action, Adventure, Building, First-Person, Horror, Open World, Open World Survival Craft, Sandbox, Simulation, Singleplayer, Survival, Survival Horror, Zombies",20,"Open World Survival Craft, Survival, Open World, Horror, Crafting, Adventure, Building, Survival Horror, First-Person, Action, Exploration, Sandbox, Singleplayer, Atmospheric, Simulation, Gore, Realistic, Indie, Zombies, Early Access",game,The Forest,False,0,False,"Apr 30, 2018",Endnight Games Ltd,Endnight Games Ltd,"Action, Adventure, Indie, Simulation","Single-player, Multi-player, Co-op, Online Co-op, LAN Co-op, Tracked Controller Support, VR Supported, Partial Controller Support, Steam Cloud, Family Sharing",True,False,False,83,573080,"As the lone survivor of a passenger jet crash, you find yourself in a mysterious forest battling to stay alive against a society of cannibalistic mutants. Build, explore, survive in this terrifying first person survival horror simulator.",https://shared.akamai.steamstatic.com/store_item_assets/steam/apps/242760/header.jpg?t=1699381053,http://survivetheforest.com/,,support@endnightgame.com,"20,000,000 .. 50,000,000",0,0,673120,643082,30038,673120,0.955374970287616,9,Overwhelmingly Positive,True,,,,,,,,,,,,,,,,,start0_limit5000_20260614T210511Z,0,5000,2026-06-14T21:06:44.627589+00:00,,,,,,,,,
218620,PAYDAY 2,1460,True,True,False,RPG/character progression,"Action, FPS, First-Person, Looter Shooter, RPG, Shooter, Simulation, Singleplayer, Stealth, Strategy, Tactical",14,"Co-op, Action, FPS, Heist, Multiplayer, Looter Shooter, Online Co-Op, Stealth, Crime, Shooter, Team-Based, First-Person, Great Soundtrack, Gun Customization, Tactical, PvE, Strategy, Singleplayer, Funny, Simulation",game,PAYDAY 2,False,18,False,"Aug 13, 2013",OVERKILL - a Starbreeze Studio.,Starbreeze Entertainment,"Action, RPG","Single-player, Multi-player, Co-op, Online Co-op, Steam Achievements, Full controller support, Tracked Controller Support, VR Supported, Steam Trading Cards, In-App Purchases, Camera Comfort, Custom Volume Controls, Adjustable Difficulty, Playable without Timed Input, Stereo Sound, Steam Cloud, Remote Play on Phone, Remote Play on Tablet, Remote Play on TV, Family Sharing",True,False,True,79,443815,"PAYDAY 2 is an action-packed, four-player co-op shooter that once again lets gamers don the masks of the original PAYDAY crew - Dallas, Hoxton, Wolf and Chains - as they descend on Washington DC for an epic crime spree.",https://shared.akamai.steamstatic.com/store_item_assets/steam/apps/218620/header.jpg?t=1779319712,https://www.paydaythegame.com/payday2/,https://www.paydaythegame.com/payday2/support/,,"20,000,000 .. 50,000,000",0,0,672783,600910,71873,672783,0.8931706062727507,8,Very Positive,True,,,,,,,,,,,,,,,,,start0_limit5000_20260614T210511Z,0,5000,2026-06-14T21:06:25.291599+00:00,,,,,,,,,
230410,Warframe,1628,True,True,False,narrative/protagonist-heavy,"Action, Action RPG, Character Customization, Looter Shooter, Lore-Rich, RPG, Shooter, Singleplayer, Third Person, Third-Person Shooter",17,"Free to Play, Action RPG, Looter Shooter, Third-Person Shooter, Action, RPG, Third Person, Character Customization, Massively Multiplayer, Online Co-Op, Co-op, PvE, Sci-fi, Singleplayer, Space, Shooter, Lore-Rich, Hack and Slash, Parkour, Ninja",game,Warframe,True,17,False,"Mar 25, 2013",Digital Extremes,Digital Extremes,"Action, RPG, Free To Play","Single-player, Multi-player, Co-op, Online Co-op, Cross-Platform Multiplayer, Steam Achievements, Full controller support, Steam Trading Cards, Steam Workshop, In-App Purchases, Camera Comfort, Color Alternatives, Custom Volume Controls, Playable without Timed Input, Stereo Sound, Surround Sound, Remote Play on Phone, Remote Play on Tablet, Remote Play on TV, HDR available",True,False,False,69,2882,Awaken as an unstoppable warrior and battle alongside your friends in this story-driven free-to-play online action game,https://shared.akamai.steamstatic.com/store_item_assets/steam/apps/230410/60ce7425b864dd3c0dd855bfc66004c6f9ca4844/header.jpg?t=1778595605,http://www.warframe.com,http://support.warframe.com/,,"20,000,000 .. 50,000,000",0,0,665729,583999,81730,665729,0.8772323272683029,8,Very Positive,True,,,,,,,,,,,,,,,,,start0_limit5000_20260614T210511Z,0,5000,2026-06-14T21:06:36.963474+00:00,,,,,,,,,
322170,Geometry Dash,3839,True,True,False,systemic/player-role,"Action, Character Customization, Platformer, Precision Platformer, Psychological Horror, Singleplayer, Strategy",10,"Difficult, Music, Level Editor, Great Soundtrack, Precision Platformer, 2D, Rhythm, Singleplayer, Colorful, Platformer, Character Customization, Indie, Arcade, Side Scroller, Family Friendly, Action, Funny, Casual, Strategy, Psychological Horror",game,Geometry Dash,False,0,False,"Dec 22, 2014",RobTop Games,RobTop Games,"Action, Indie","Single-player, Steam Achievements, Steam Trading Cards, Partial Controller Support, Includes level editor, Remote Play on Phone, Remote Play on Tablet, Family Sharing",True,True,False,,561515,Jump and fly your way through danger in this rhythm-based action platformer!,https://shared.akamai.steamstatic.com/store_item_assets/steam/apps/322170/header.jpg?t=1775300400,https://geometrydash.com,http://www.robtopgames.com,support@robtopgames.com,"5,000,000 .. 10,000,000",0,0,606378,564306,42072,606378,0.930617535596608,8,Very Positive,True,,,,,,,,,,,,,,,,,start0_limit5000_20260614T210511Z,0,5000,2026-06-14T21:12:23.963308+00:00,,,,,,,,,
304930,Unturned,3359,True,True,False,survival/sandbox or horror,"Action, Adventure, FPS, First-Person, Looter Shooter, Open World, Sandbox, Shooter, Singleplayer, Survival, Zombies",16,"Free to Play, Survival, Zombies, Multiplayer, Open World, Co-op, Sandbox, Crafting, Shooter, Adventure, Post-apocalyptic, First-Person, Singleplayer, Looter Shooter, FPS, Action, Massively Multiplayer, Indie, Atmospheric, Casual",game,Unturned,True,0,False,"Jul 7, 2017",Smartly Dressed Games,Smartly Dressed Games,"Action, Adventure, Casual, Indie, Free To Play","Single-player, Multi-player, PvP, Online PvP, LAN PvP, Co-op, Online Co-op, LAN Co-op, Steam Achievements, Steam Trading Cards, Steam Workshop, In-App Purchases, Camera Comfort, Custom Volume Controls, Adjustable Difficulty, Playable without Timed Input, Stereo Sound, Steam Cloud, Valve Anti-Cheat enabled, Stats, Includes level editor, Remote Play on Tablet",True,True,True,,7517,"You're a survivor in the zombie infested ruins of society, and must work with your friends and forge alliances to remain among the living.",https://shared.akamai.steamstatic.com/store_item_assets/steam/apps/304930/header.jpg?t=1780340580,https://smartlydressedgames.com/unturned/,https://support.smartlydressedgames.com/hc/en-us,,"50,000,000 .. 100,000,000",0,0,563378,512839,50539,563378,0.9102929116862924,8,Very Positive,True,,,,,,,,,,,,,,,,,start0_limit5000_20260614T210511Z,0,5000,2026-06-14T21:10:32.056855+00:00,,,,,,,,,
367520,Hollow Knight,5474,True,False,False,action/adventure protagonist,"Action, Adventure",2,,game,Hollow Knight,False,0,False,"Feb 24, 2017",Team Cherry,Team Cherry,"Action, Adventure, Indie","Single-player, Steam Achievements, Full controller support, Steam Trading Cards, Steam Cloud, Remote Play on Phone, Remote Play on Tablet, Remote Play on TV, Family Sharing",True,True,True,87,488250,"Forge your own path in Hollow Knight! An epic action adventure through a vast ruined kingdom of insects and heroes. Explore twisting caverns, battle tainted creatures and befriend bizarre bugs, all in a classic, hand-drawn 2D style.",https://shared.akamai.steamstatic.com/store_item_assets/steam/apps/367520/3c3489495136b26b34f8a9543c7f5645b99d388c/header.jpg?t=1776125684,http://hollowknight.com,,info@teamcherry.com.au,,,,545330,528517,16813,545330,0.9691691269506536,9,Overwhelmingly Positive,True,,,,,,,,,,,,,,,,,start5000_limit5000_20260614T200239Z,5000,5000,2026-06-14T20:03:47.466175+00:00,,,,,,,,,
322330,Don't Starve Together,3843,True,True,False,RPG/character progression,"Action, Adventure, Horror, Open World, Open World Survival Craft, RPG, Sandbox, Simulation, Singleplayer, Strategy, Survival, Survival Horror",21,"Survival, Open World Survival Craft, Multiplayer, Co-op, Open World, Adventure, Crafting, Online Co-Op, Sandbox, Difficult, Indie, 2D, Atmospheric, Funny, Survival Horror, Strategy, Horror, Singleplayer, Action, Rogue-like",game,Don't Starve Together,False,0,False,"Apr 21, 2016",Klei Entertainment,Klei Entertainment,"Action, Adventure, Indie, RPG, Simulation, Strategy","Single-player, Multi-player, PvP, Online PvP, LAN PvP, Co-op, Online Co-op, LAN Co-op, Full controller support, Steam Trading Cards, Steam Workshop, In-App Purchases, Adjustable Text Size, Camera Comfort, Color Alternatives, Custom Volume Controls, Adjustable Difficulty, Keyboard Only Option, Mouse Only Option, Playable without Timed Input, Save Anytime, Stereo Sound, Remote Play on Phone, Remote Play on Tablet, Remote Play on TV, Family Sharing",True,True,True,83,367738,"Fight, Farm, Build and Explore Together in the standalone multiplayer expansion to the uncompromising wilderness survival game, Don't Starve.",https://shared.akamai.steamstatic.com/store_item_assets/steam/apps/322330/7026cb87b2bfc1e92e72a7875ccbdfd0acd5b3df/header_alt_assets_50.jpg?t=1781363712,http://www.dontstarvegame.com,http://support.kleientertainment.com,,"10,000,000 .. 20,000,000",0,0,532750,506199,26551,532750,0.9501623650868136,9,Overwhelmingly Positive,True,,,,,,,,,,,,,,,,,start0_limit5000_20260614T210511Z,0,5000,2026-06-14T21:12:26.994135+00:00,,,,,,,,,
582010,Monster Hunter: World,12677,False,False,False,action/adventure protagonist,Action,1,,game,Monster Hunter: World,False,0,False,"Aug 8, 2018","CAPCOM Co., Ltd.","CAPCOM Co., Ltd.",Action,"Single-player, Multi-player, Co-op, Steam Achievements, Steam Trading Cards, Adjustable Text Size, Camera Comfort, Custom Volume Controls, Keyboard Only Option, Stereo Sound, Surround Sound, Partial Controller Support, Steam Cloud, Stats, Steam Leaderboards, Remote Play on Tablet, HDR available, Family Sharing",True,False,False,88,316345,"Welcome to a new world! In Monster Hunter: World, the latest installment in the series, you can enjoy the ultimate hunting experience, using everything at your disposal to hunt monsters in a new world teeming with surprises and excitement.",https://shared.akamai.steamstatic.com/store_item_assets/steam/apps/582010/header.jpg?t=1773328926,http://www.monsterhunterworld.com/,http://www.capcom.com/mhwsupport/,,,,,509992,452671,57321,509992,0.8876041192803025,8,Very Positive,False,,,,,,,,,,,,,,,,,start10000_limit20000_20260615T073020Z,10000,20000,2026-06-15T09:30:51.078865+00:00,,,,,,,,,
239140,Dying Light,1775,True,True,False,narrative/protagonist-heavy,"Action, Action RPG, FPS, First-Person, Horror, Open World, Open World Survival Craft, RPG, Stealth, Story Rich, Survival, Survival Horror, Zombies",21,"Zombies, Survival Horror, Horror, Online Co-Op, Open World, Parkour, First-Person, Survival, Open World Survival Craft, Gore, FPS, Action, PvE, Stealth, PvP, Multiplayer, Post-apocalyptic, Story Rich, Action RPG, Hack and Slash",game,Dying Light,False,17,False,"Jan 26, 2015",Techland,Techland,"Action, RPG","Single-player, Multi-player, PvP, Online PvP, Co-op, Online Co-op, Steam Achievements, Full controller support, Steam Trading Cards, Steam Workshop, Steam Cloud, Valve Anti-Cheat enabled, Includes level editor, Remote Play on Tablet, Remote Play on TV, Family Sharing",True,True,True,87,372659,"First-person action survival game set in a post-apocalyptic open world overrun by flesh-hungry zombies. Roam a city devastated by a mysterious virus epidemic. Scavenge for supplies, craft weapons, and face hordes of the infected.",https://shared.akamai.steamstatic.com/store_item_assets/steam/apps/239140/9d1b810b85ae46a0acbdfddf583ccbb81271183e/header.jpg?t=1779191279,https://dyinglightgame.com/?utm_source=Steam&amp;utm_medium=Link&amp;utm_campaign=Dying_Light,http://support.techland.pl/,support@techland.pl,"10,000,000 .. 20,000,000",0,0,488422,465163,23259,488422,0.9523792949539538,9,Overwhelmingly Positive,True,,,,,,,,,,,,,,,,,start0_limit5000_20260614T210511Z,0,5000,2026-06-14T21:06:43.045311+00:00,,,,,,,,,
221100,DayZ,1497,True,True,False,narrative/protagonist-heavy,"Action, Adventure, Choose Your Own Adventure, FPS, First-Person, Horror, Open World, Sandbox, Shooter, Simulation, Survival, Survival Horror, Zombies",22,"Survival, Open World, Online Co-Op, Zombies, Multiplayer, Post-apocalyptic, Shooter, PvP, Massively Multiplayer, Action, FPS, Horror, Sandbox, Co-op, Survival Horror, Adventure, First-Person, Simulation, Atmospheric, Choose Your Own Adventure",game,DayZ,False,17,False,"Dec 13, 2018",Bohemia Interactive,Bohemia Interactive,"Action, Adventure, Massively Multiplayer","Multi-player, MMO, PvP, Online PvP, Co-op, Online Co-op, Steam Achievements, Steam Trading Cards, Steam Workshop, Steam Cloud, Valve Anti-Cheat enabled",True,False,False,,382211,"How long can you survive a post-apocalyptic world? A land overrun with an infected &quot;zombie&quot; population, where you compete with other survivors for limited resources. Will you team up with strangers and stay strong together? Or play as a lone wolf to avoid betrayal? This is DayZ – this is your story.",https://shared.akamai.steamstatic.com/store_item_assets/steam/apps/221100/header.jpg?t=1769695513,https://www.dayz.com,https://forums.dayz.com/,support@bohemia.net,"10,000,000 .. 20,000,000",0,0,462262,359162,103100,462262,0.7769663091493568,6,Mostly Positive,True,,,,,,,,,,,,,,,,,start0_limit5000_20260614T210511Z,0,5000,2026-06-14T21:06:26.876502+00:00,,,,,,,,,
620,Portal 2,19,True,True,False,narrative/protagonist-heavy,"3D Platformer, Action, Action-Adventure, Adventure, FPS, Female Protagonist, First-Person, Platformer, Puzzle-Platformer, Story Rich",12,"Platformer, Puzzle, First-Person, Dark Humor, Story Rich, Puzzle-Platformer, Funny, Female Protagonist, 3D Platformer, Action-Adventure, Action, FPS, Co-op, Physics, Sci-fi, Level Editor, Science, Comedy, Atmospheric, Adventure",game,Portal 2,False,0,False,"Apr 18, 2011",Valve,Valve,"Action, Adventure","Single-player, Multi-player, Co-op, Online Co-op, Shared/Split Screen Co-op, Shared/Split Screen, Steam Achievements, Full controller support, Steam Trading Cards, Captions available, Steam Workshop, Steam Workshop, Camera Comfort, Custom Volume Controls, Playable without Timed Input, Save Anytime, Stereo Sound, Surround Sound, Steam Cloud, Stats, Includes level editor, Commentary available, Remote Play on Phone, Remote Play on Tablet, Remote Play on TV, Remote Play Together, Family Sharing",True,False,True,95,384828,The &quot;Perpetual Testing Initiative&quot; has been expanded to allow you to design co-op puzzles for you and your friends!,https://shared.akamai.steamstatic.com/store_item_assets/steam/apps/620/header.jpg?t=1745363004,http://www.thinkwithportals.com/,http://steamcommunity.com/app/620,,"5,000,000 .. 10,000,000",0,0,460660,454692,5968,460660,0.9870446750314764,9,Overwhelmingly Positive,True,,,,,,,,,,,,,,,,,start0_limit5000_20260614T210511Z,0,5000,2026-06-14T21:05:16.296713+00:00,,,,,,,,,
108600,Project Zomboid,1123,True,True,False,RPG/character progression,"Adventure, Building, Open World, Open World Survival Craft, RPG, Sandbox, Simulation, Singleplayer, Survival, Survival Horror, Zombies",18,"Survival, Zombies, Open World, Multiplayer, Open World Survival Craft, Sandbox, Post-apocalyptic, Co-op, Crafting, Building, Indie, Simulation, RPG, Survival Horror, Realistic, Isometric, Singleplayer, 2D, Adventure, Early Access",game,Project Zomboid,False,0,False,"Nov 8, 2013",The Indie Stone,The Indie Stone,"Indie, RPG, Simulation, Early Access","Single-player, Multi-player, PvP, Online PvP, Co-op, Online Co-op, Shared/Split Screen Co-op, Shared/Split Screen, Cross-Platform Multiplayer, Steam Trading Cards, Steam Workshop, Partial Controller Support, Steam Cloud, Remote Play Together, Family Sharing",True,True,True,,344236,"Project Zomboid is the ultimate in zombie survival. Alone or in MP: you loot, build, craft, fight, farm and fish in a struggle to survive. A hardcore RPG skillset, a vast map, massively customisable sandbox and a cute tutorial raccoon await the unwary. So how will you die? All it takes is a bite..",https://shared.akamai.steamstatic.com/store_item_assets/steam/apps/108600/header.jpg?t=1777298596,http://www.projectzomboid.com,,support@theindiestone.com,"10,000,000 .. 20,000,000",0,0,453587,426534,27053,453587,0.9403576381157308,8,Very Positive,True,,,,,,,,,,,,,,,,,start0_limit5000_20260614T210511Z,0,5000,2026-06-14T21:06:08.250965+00:00,,,,,,,,,
374320,DARK SOULS™ III,5727,True,False,False,action/adventure protagonist,Action,1,,game,DARK SOULS™ III,False,17,False,"Apr 11, 2016","FromSoftware, Inc.","FromSoftware, Inc., Bandai Namco Entertainment",Action,"Single-player, Multi-player, Co-op, Steam Achievements, Full controller support, Steam Trading Cards, Camera Comfort, Custom Volume Controls, Playable without Timed Input, Save Anytime, Stereo Sound, Surround Sound, Remote Play on Phone, Remote Play on Tablet, Remote Play on TV, Family Sharing",True,False,False,89,276134,"Dark Souls continues to push the boundaries with the latest, ambitious chapter in the critically-acclaimed and genre-defining series. Prepare yourself and Embrace The Darkness!",https://shared.akamai.steamstatic.com/store_item_assets/steam/apps/374320/header.jpg?t=1748630784,,https://www.bandainamcoent.com/support,,,,,436395,411692,24703,436395,0.9433930269595208,8,Very Positive,True,,,,,,,,,,,,,,,,,start5000_limit5000_20260614T200239Z,5000,5000,2026-06-14T20:04:23.722698+00:00,,,,,,,,,
377160,Fallout 4,5824,True,False,False,RPG/character progression,RPG,2,,game,Fallout 4,False,17,False,"Nov 9, 2015",Bethesda Game Studios,Bethesda Softworks,RPG,"Single-player, Steam Achievements, Full controller support, Playable without Timed Input, Save Anytime, Stereo Sound, Surround Sound, Steam Cloud, Remote Play on Phone, Remote Play on Tablet, Remote Play on TV, Family Sharing",True,False,False,84,287474,"From Bethesda Game Studios, the award-winning creators of Starfield and The Elder Scrolls V: Skyrim, comes Fallout 4. A landmark in open-world RPG design and winner of over 200 ‘Best Of’ honors, including the DICE and BAFTA Game of the Year.",https://shared.akamai.steamstatic.com/store_item_assets/steam/apps/377160/header.jpg?t=1764687456,http://www.fallout4.com,http://help.bethsoft.com/,,,,,425246,345182,80064,425246,0.8117230967487055,8,Very Positive,True,,,,,,,,,,,,,,,,,start5000_limit5000_20260614T200239Z,5000,5000,2026-06-14T20:04:33.808427+00:00,,,,,,,,,
275850,No Man's Sky,2565,True,True,False,systemic/player-role,"Action, Adventure, FPS, First-Person, Open World, Open World Survival Craft, Sandbox, Simulation, Singleplayer, Survival",15,"Open World, Open World Survival Craft, Space, Exploration, Sci-fi, Survival, Procedural Generation, Adventure, First-Person, Multiplayer, Sandbox, Singleplayer, Atmospheric, Crafting, Space Sim, Indie, Action, Simulation, FPS, VR",game,No Man's Sky,False,0,False,"Aug 12, 2016",Hello Games,Hello Games,"Action, Adventure","Single-player, Multi-player, PvP, Online PvP, Co-op, Online Co-op, Cross-Platform Multiplayer, Steam Achievements, Full controller support, Tracked Controller Support, VR Supported, Steam Trading Cards, Adjustable Text Size, Camera Comfort, Chat Speech-to-text, Color Alternatives, Custom Volume Controls, Adjustable Difficulty, Playable without Timed Input, Save Anytime, Stereo Sound, Subtitle Options, Surround Sound, Steam Cloud, Remote Play on Tablet, Remote Play on TV, HDR available, Family Sharing",True,True,False,61,308284,No Man's Sky is a game about exploration and survival in an infinite procedurally generated universe.,https://shared.akamai.steamstatic.com/store_item_assets/steam/apps/275850/dd8237b8ab283a8225a6ba3fc0dee7e1b135cbee/header_alt_assets_25.jpg?t=1779908213,http://www.no-mans-sky.com,http://www.no-mans-sky.com,support@hellogames.co.uk,"5,000,000 .. 10,000,000",0,0,409608,347779,61829,409608,0.8490532411476338,8,Very Positive,True,,,,,,,,,,,,,,,,,start0_limit5000_20260614T210511Z,0,5000,2026-06-14T21:08:06.705898+00:00,,,,,,,,,
291550,Brawlhalla,2959,True,True,False,action/adventure protagonist,"2D Platformer, Action, Platformer, Singleplayer, e-sports",5,"Free to Play, Multiplayer, Fighting, 2D Fighter, 2D Platformer, Casual, Local Multiplayer, Co-op, Controller, Platformer, Action, Online Co-Op, Local Co-Op, Fantasy, 4 Player Local, Family Friendly, e-sports, Cartoony, Singleplayer, Indie",game,Brawlhalla,True,0,False,"Oct 17, 2017",Blue Mammoth Games,Ubisoft,"Action, Indie, Free To Play","Single-player, Multi-player, PvP, Online PvP, Shared/Split Screen PvP, Co-op, Online Co-op, Shared/Split Screen Co-op, Shared/Split Screen, Cross-Platform Multiplayer, Steam Achievements, Steam Trading Cards, Partial Controller Support, Remote Play on Phone, Remote Play on Tablet, Remote Play on TV, Remote Play Together",True,True,False,,2896,"An epic platform fighter for up to 8 players online or local. Try casual free-for-alls, ranked matches, or invite friends to a private room. And it's free! Play cross-platform with millions of players on PlayStation, Xbox, Nintendo Switch, iOS, Android &amp; Steam! Frequent updates. Over sixty Legends.",https://shared.akamai.steamstatic.com/store_item_assets/steam/apps/291550/d45da3073a879997599862c460b14d4f0f98c5ae/header_alt_assets_8.jpg?t=1779901078,http://www.brawlhalla.com,http://www.brawlhalla.com/support,support@brawlhalla.com,"20,000,000 .. 50,000,000",0,0,407226,326348,80878,407226,0.8013928383747599,8,Very Positive,True,,,,,,,,,,,,,,,,,start0_limit5000_20260614T210511Z,0,5000,2026-06-14T21:09:07.237727+00:00,,,,,,,,,
251570,7 Days to Die,2001,True,True,False,RPG/character progression,"Action, Adventure, Base-Building, Building, Character Customization, FPS, Horror, Open World, Open World Survival Craft, RPG, Sandbox, Simulation, Strategy, Survival, Zombies",24,"Survival, Zombies, Multiplayer, Open World, Open World Survival Craft, Base-Building, Post-apocalyptic, Voxel, Online Co-Op, Building, Exploration, Sandbox, FPS, Simulation, Tower Defense, Character Customization, Action, Horror, Strategy, Procedural Generation",game,7 Days to Die,False,0,False,"Jul 25, 2024",The Fun Pimps,The Fun Pimps Entertainment LLC,"Action, Adventure, Indie, RPG, Simulation, Strategy","Single-player, Multi-player, PvP, Online PvP, LAN PvP, Co-op, Online Co-op, LAN Co-op, Cross-Platform Multiplayer, Steam Achievements, Full controller support, Steam Trading Cards, Includes level editor, Remote Play on Tablet, Remote Play on TV, Family Sharing",True,True,True,,273148,"7 Days to Die is an open-world game that is a unique combination of first-person shooter, survival horror, tower defense, and role-playing games. Play the definitive zombie survival sandbox RPG that came first. Navezgane awaits!",https://shared.akamai.steamstatic.com/store_item_assets/steam/apps/251570/header.jpg?t=1776457619,http://www.7daystodie.com,http://7daystodie.com/support,support@7daystodie.com,"10,000,000 .. 20,000,000",0,0,400079,348499,51580,400079,0.8710754625961372,8,Very Positive,True,,,,,,,,,,,,,,,,,start0_limit5000_20260614T210511Z,0,5000,2026-06-14T21:06:57.957198+00:00,,,,,,,,,
284160,BeamNG.drive,2749,True,True,False,systemic/player-role,"Action, Adventure, First-Person, Open World, Sandbox, Simulation, Singleplayer, Third Person",13,"Simulation, Driving, Physics, Realistic, Destruction, Automobile Sim, Sandbox, Open World, Racing, Moddable, Multiplayer, Singleplayer, Early Access, First-Person, Third Person, Exploration, Funny, Adventure, Action, Flight",game,BeamNG.drive,False,0,False,"May 29, 2015",BeamNG,BeamNG,"Racing, Simulation, Early Access","Single-player, Steam Achievements, Steam Trading Cards, Camera Comfort, Custom Volume Controls, Keyboard Only Option, Playable without Timed Input, Stereo Sound, Surround Sound, Partial Controller Support, Steam Cloud, Includes level editor, Remote Play on Phone, Remote Play on Tablet, Remote Play Together, Family Sharing",True,False,False,,369230,A dynamic soft-body physics vehicle simulator capable of doing just about anything.,https://shared.akamai.steamstatic.com/store_item_assets/steam/apps/284160/17f8af1312bc48e6cd90e5fb639d4981682af260/header.jpg?t=1772048121,https://www.beamng.com,https://support.beamng.com,support@beamng.com,"5,000,000 .. 10,000,000",0,0,398573,388384,10189,398573,0.9744363015056212,9,Overwhelmingly Positive,True,,,,,,,,,,,,,,,,,start0_limit5000_20260614T210511Z,0,5000,2026-06-14T21:08:35.505018+00:00,,,,,,,,,
250900,The Binding of Isaac: Rebirth,1982,True,True,False,survival/sandbox or horror,"Action, Action Roguelike, Horror, Singleplayer",6,"Action Roguelike, Rogue-like, Indie, Replay Value, Difficult, Pixel Graphics, Dungeon Crawler, Great Soundtrack, Singleplayer, Dark, 2D, Local Co-Op, Remake, Gore, Procedural Generation, Rogue-lite, Atmospheric, Co-op, Action, Horror",game,The Binding of Isaac: Rebirth,False,0,False,"Nov 4, 2014","Nicalis, Inc., Edmund McMillen","Nicalis, Inc.",Action,"Single-player, Multi-player, Shared/Split Screen, Steam Achievements, Full controller support, Steam Trading Cards, Steam Cloud, Remote Play on TV, Remote Play Together, Family Sharing",True,True,True,,358906,"The Binding of Isaac: Rebirth is a randomly generated action RPG shooter with heavy Rogue-like elements. Following Isaac on his journey players will find bizarre treasures that change Isaac’s form giving him super human abilities and enabling him to fight off droves of mysterious creatures, discover secrets and fight his way to safety.",https://shared.akamai.steamstatic.com/store_item_assets/steam/apps/250900/header.jpg?t=1731977365,http://www.bindingofisaac.com,http://www.nicalis.com,isaac@nicalis.com,"5,000,000 .. 10,000,000",0,0,395047,383917,11130,395047,0.9718261371431752,9,Overwhelmingly Positive,True,,,,,,,,,,,,,,,,,start0_limit5000_20260614T210511Z,0,5000,2026-06-14T21:06:57.097307+00:00,,,,,,,,,
548430,Deep Rock Galactic,11459,False,False,False,action/adventure protagonist,Action,1,,game,Deep Rock Galactic,False,0,False,"May 13, 2020",Ghost Ship Games,Coffee Stain Publishing,Action,"Single-player, Multi-player, Co-op, Online Co-op, Steam Achievements, Full controller support, Steam Trading Cards, Captions available, Camera Comfort, Color Alternatives, Custom Volume Controls, Adjustable Difficulty, Playable without Timed Input, Stereo Sound, Subtitle Options, Steam Cloud, Remote Play on Tablet, Remote Play on TV, Family Sharing",True,False,False,85,300612,"Deep Rock Galactic is a 1-4 player co-op FPS featuring dwarven space miners, procedurally-generated destructible environments, and endless hordes of alien monsters. Explore cave systems, mine for minerals, and work together to survive!",https://shared.akamai.steamstatic.com/store_item_assets/steam/apps/548430/header.jpg?t=1775555380,http://deeprockgalactic.com,https://drg.pleasefix.gg/,,,,,376740,366028,10712,376740,0.9715665976535541,9,Overwhelmingly Positive,False,,,,,,,,,,,,,,,,,start10000_limit20000_20260615T073020Z,10000,20000,2026-06-15T08:35:59.302307+00:00,,,,,,,,,
289070,Sid Meier’s Civilization® VI,2879,True,True,False,systemic/player-role,"4X, Building, City Builder, Grand Strategy, Management, Simulation, Singleplayer, Strategy, Tactical, Turn-Based, Turn-Based Strategy",17,"Strategy, Turn-Based Strategy, Multiplayer, Historical, Grand Strategy, Singleplayer, Turn-Based, 4X, War, City Builder, Simulation, Tactical, Management, Building, Great Soundtrack, Online Co-Op, Moddable, Co-op, Hex Grid, Atmospheric",game,Sid Meier’s Civilization® VI,False,0,False,"Oct 20, 2016","Firaxis Games, Aspyr (Mac), Aspyr (Linux)","2K, Aspyr (Mac), Aspyr (Linux)",Strategy,"Single-player, Multi-player, PvP, Online PvP, LAN PvP, Shared/Split Screen PvP, Shared/Split Screen, Cross-Platform Multiplayer, Steam Achievements, Steam Trading Cards, Steam Workshop, In-App Purchases, Steam Turn Notifications, Remote Play on Tablet, Remote Play Together, Family Sharing",True,True,True,88,272762,"Expand your empire, advance your culture and go head-to-head against history’s greatest leaders. Will your civilization stand the test of time?",https://shared.akamai.steamstatic.com/store_item_assets/steam/apps/289070/header.jpg?t=1740607040,http://www.civilization.com/,support.2k.com,,"10,000,000 .. 20,000,000",0,0,374608,322324,52284,374608,0.8604301029342672,8,Very Positive,True,,,,,,,,,,,,,,,,,start0_limit5000_20260614T210511Z,0,5000,2026-06-14T21:09:00.388187+00:00,,,,,,,,,
648800,Raft,14758,False,False,False,systemic/player-role,"Adventure, Simulation",3,,game,Raft,False,0,False,"Jun 20, 2022",Redbeet Interactive,Axolot Games,"Adventure, Indie, Simulation","Single-player, Multi-player, Co-op, Online Co-op, Steam Achievements, Steam Cloud, Family Sharing",True,False,False,,318608,"Raft™ throws you and your friends into an epic oceanic adventure! Alone or together, players battle to survive a perilous voyage across a vast sea! Gather debris, scavenge reefs and build your own floating home, but be wary of the man-eating sharks!",https://shared.akamai.steamstatic.com/store_item_assets/steam/apps/648800/header.jpg?t=1727184011,http://www.raft-game.com,https://support.redbeetinteractive.com/hc/en-us,support@redbeetinteractive.com,,,,373115,347165,25950,373115,0.9304503973305818,8,Very Positive,False,,,,,,,,,,,,,,,,,start10000_limit20000_20260615T073020Z,10000,20000,2026-06-15T11:08:18.790364+00:00,,,,,,,,,
264710,Subnautica,2327,True,True,False,systemic/player-role,"Action, Adventure, Base-Building, First-Person, Horror, Open World, Open World Survival Craft, Sandbox, Singleplayer, Survival, Survival Horror",18,"Open World Survival Craft, Survival, Horror, Open World, Underwater, Exploration, Crafting, Base-Building, Singleplayer, Adventure, First-Person, Sci-fi, Multiplayer, Sandbox, Atmospheric, Aliens, Survival Horror, VR, Action, Indie",game,Subnautica,False,0,False,"Jan 23, 2018",Unknown Worlds Entertainment,Unknown Worlds Entertainment,"Adventure, Indie","Single-player, Steam Achievements, Full controller support, VR Supported, Steam Trading Cards, VR Support, Steam Cloud, Remote Play on TV, Family Sharing",True,True,False,87,333747,"Descend into the depths of an alien underwater world filled with wonder and peril. Craft equipment, pilot submarines and out-smart wildlife to explore lush coral reefs, volcanoes, cave systems, and more - all while trying to survive.",https://shared.akamai.steamstatic.com/store_item_assets/steam/apps/264710/header.jpg?t=1777456112,http://unknownworlds.com/subnautica,https://support.krafton.com,,"5,000,000 .. 10,000,000",0,0,371854,361006,10848,371854,0.970827260161246,9,Overwhelmingly Positive,True,,,,,,,,,,,,,,,,,start0_limit5000_20260614T210511Z,0,5000,2026-06-14T21:07:34.855722+00:00,,,,,,,,,
489830,The Elder Scrolls V: Skyrim Special Edition,9337,False,False,False,RPG/character progression,RPG,2,,game,The Elder Scrolls V: Skyrim Special Edition,False,17,False,"Oct 27, 2016",Bethesda Game Studios,Bethesda Softworks,RPG,"Single-player, Steam Achievements, Playable without Timed Input, Save Anytime, Stereo Sound, Surround Sound, Partial Controller Support, Steam Cloud, Remote Play on Phone, Remote Play on Tablet, Family Sharing",True,False,False,74,212393,"Winner of more than 200 Game of the Year Awards, The Elder Scrolls V: Skyrim Special Edition brings the epic fantasy to life in stunning detail. The Special Edition includes the critically acclaimed game and add-ons with all-new features.",https://shared.akamai.steamstatic.com/store_item_assets/steam/apps/489830/header.jpg?t=1753715778,,http://help.bethesda.net/,,,,,368163,340106,28057,368163,0.9237919073888468,8,Very Positive,False,,,,,,,,,,,,,,,,,start5000_limit5000_20260614T200239Z,5000,5000,2026-06-14T20:17:24.693433+00:00,,,,,,,,,
394360,Hearts of Iron IV,6415,True,False,False,systemic/player-role,"Simulation, Strategy",4,,game,Hearts of Iron IV,False,0,False,"Jun 6, 2016",Paradox Development Studio,Paradox Interactive,"Simulation, Strategy","Single-player, Multi-player, Co-op, Cross-Platform Multiplayer, Steam Achievements, Steam Trading Cards, Steam Workshop, Steam Cloud, Remote Play on Tablet, Family Sharing",True,True,True,83,276210,"Victory is at your fingertips! Your ability to lead your nation is your supreme weapon, the strategy game Hearts of Iron IV lets you take command of any nation in World War II; the most engaging conflict in world history.",https://shared.akamai.steamstatic.com/store_item_assets/steam/apps/394360/37b86aab7ead460ed036811a3d5a6a47b711d73c/header_alt_assets_9.jpg?t=1781197164,http://www.heartsofiron4.com/,http://support.paradoxplaza.com,support@paradoxplaza.com,,,,367694,331504,36190,367694,0.9015757668060942,8,Very Positive,True,,,,,,,,,,,,,,,,,start5000_limit5000_20260614T200239Z,5000,5000,2026-06-14T20:06:19.651752+00:00,,,,,,,,,
814380,Sekiro™: Shadows Die Twice - GOTY Edition,21327,False,False,False,action/adventure protagonist,"Action, Adventure",2,,game,Sekiro™: Shadows Die Twice - GOTY Edition,False,17,False,"Mar 21, 2019","FromSoftware, Inc.","Activision (Excluding Japan and Asia), FromSoftware, Inc. (Japan), 方块游戏 (Asia)","Action, Adventure","Single-player, Steam Achievements, Full controller support, Steam Trading Cards, Steam Cloud, Remote Play on Tablet, Remote Play on TV, Family Sharing",True,False,False,88,254553,"Game of the Year - The Game Awards 2019 Best Action Game of 2019 - IGN Carve your own clever path to vengeance in the award winning adventure from developer FromSoftware, creators of Bloodborne and the Dark Souls series. Take Revenge. Restore Your Honor. Kill Ingeniously.",https://shared.akamai.steamstatic.com/store_item_assets/steam/apps/814380/header.jpg?t=1762888662,http://www.sekirothegame.com/,https://support.activision.com/,,,,,349135,332606,16529,349135,0.952657281567302,9,Overwhelmingly Positive,False,,,,,,,,,,,,,,,,,start10000_limit20000_20260615T073020Z,10000,20000,2026-06-15T16:23:17.966184+00:00,,,,,,,,,
632360,Risk of Rain 2,14340,False,False,False,action/adventure protagonist,Action,1,,game,Risk of Rain 2,False,0,False,"Aug 11, 2020",Hopoo Games,Gearbox Publishing,"Action, Indie","Single-player, Multi-player, PvP, Online PvP, Co-op, Online Co-op, Full controller support, Steam Trading Cards, Adjustable Text Size, Camera Comfort, Custom Volume Controls, Adjustable Difficulty, Stereo Sound, Surround Sound, Steam Cloud, Steam Leaderboards, Remote Play on Phone, Remote Play on Tablet, Remote Play on TV, Family Sharing",True,False,False,85,237064,"Escape a chaotic alien planet by fighting through hordes of frenzied monsters – with your friends, or on your own. Combine loot in surprising ways and master each character until you become the havoc you feared upon your first crash landing.",https://shared.akamai.steamstatic.com/store_item_assets/steam/apps/632360/header.jpg?t=1775753930,https://www.riskofrain.com/,https://gearboxsoftware.zendesk.com/hc/en-us/categories/360001615171-Risk-of-Rain-2,,,,,348674,327026,21648,348674,0.9379133517268279,8,Very Positive,False,,,,,,,,,,,,,,,,,start10000_limit20000_20260615T073020Z,10000,20000,2026-06-15T10:49:05.651531+00:00,,,,,,,,,
444090,Paladins®,7980,True,False,False,systemic/player-role,"Action, Adventure, Strategy",4,,game,Paladins®,True,0,False,"May 8, 2018",Evil Mojo Games,Hi-Rez Studios,"Action, Adventure, Massively Multiplayer, Strategy, Free To Play","Multi-player, PvP, Online PvP, Cross-Platform Multiplayer, Steam Achievements, Full controller support, Steam Trading Cards, In-App Purchases, Remote Play on Phone, Remote Play on Tablet",True,False,False,83,8733,"Paladins is the ultimate fantasy team-based shooter experience, with over 50 customizable Champions fighting in 5v5 action across a diverse Realm of modes and maps!",https://shared.akamai.steamstatic.com/store_item_assets/steam/apps/444090/header.jpg?t=1713560419,http://www.paladins.com/,https://www.hirezstudios.com/support/,hirezsupport@hirezstudios.com ​,,,,345438,293711,51727,345438,0.8502567754560877,8,Very Positive,True,,,,,,,,,,,,,,,,,start5000_limit5000_20260614T200239Z,5000,5000,2026-06-14T20:11:39.049301+00:00,,,,,,,,,
391540,Undertale,6326,True,False,False,RPG/character progression,RPG,2,,game,Undertale,False,0,False,"Sep 15, 2015",tobyfox,tobyfox,"Indie, RPG","Single-player, Steam Trading Cards, Remote Play on Phone, Remote Play on Tablet, Family Sharing",True,True,True,92,292535,UNDERTALE! The RPG game where you don't have to destroy anyone.,https://shared.akamai.steamstatic.com/store_item_assets/steam/apps/391540/header.jpg?t=1757349115,http://undertale.com,http://undertale.com,undertalegame@gmail.com,,,,325310,313914,11396,325310,0.9649687989917308,9,Overwhelmingly Positive,True,,,,,,,,,,,,,,,,,start5000_limit5000_20260614T200239Z,5000,5000,2026-06-14T20:05:47.862530+00:00,,,,,,,,,
49520,Borderlands 2,900,True,True,False,RPG/character progression,"Action, Action RPG, Adventure, FPS, First-Person, Looter Shooter, Open World, RPG, Shooter, Singleplayer",14,"Loot, Shooter, Action, Multiplayer, Co-op, Looter Shooter, FPS, RPG, First-Person, Funny, Comedy, Open World, Combat, Online Co-Op, Adventure, Action RPG, Dark Humor, Singleplayer, Memes, Sci-fi",game,Borderlands 2,False,17,False,"Sep 17, 2012","Gearbox Software, Aspyr (Mac), Aspyr (Linux)","2K, Aspyr (Mac), Aspyr (Linux)","Action, RPG","Single-player, Multi-player, Co-op, Steam Achievements, Full controller support, Steam Trading Cards, Steam Cloud, Remote Play on Phone, Remote Play on Tablet, Remote Play on TV, Family Sharing",True,True,True,89,214809,The Ultimate Vault Hunter’s Upgrade lets you get the most out of the Borderlands 2 experience.,https://shared.akamai.steamstatic.com/store_item_assets/steam/apps/49520/header.jpg?t=1751931279,https://www.2k.com/en-US/game/borderlands-2/,http://support.2k.com,,"10,000,000 .. 20,000,000",0,0,310987,278325,32662,310987,0.8949731017695274,8,Very Positive,True,,,,,,,,,,,,,,,,,start0_limit5000_20260614T210511Z,0,5000,2026-06-14T21:05:56.114131+00:00,,,,,,,,,
107410,Arma 3,1119,True,True,False,systemic/player-role,"Action, FPS, First-Person, Open World, Sandbox, Shooter, Simulation, Singleplayer, Strategy, Tactical, Third-Person Shooter",16,"Military, Action, Multiplayer, Shooter, Simulation, Realistic, First-Person, Open World, Tactical, FPS, War, Co-op, Strategy, Sandbox, Singleplayer, Moddable, Combat, Online Co-Op, Team-Based, Third-Person Shooter",game,Arma 3,False,17,False,"Sep 12, 2013",Bohemia Interactive,Bohemia Interactive,"Action, Simulation, Strategy","Single-player, Multi-player, PvP, Online PvP, LAN PvP, Co-op, Online Co-op, LAN Co-op, Steam Achievements, Steam Trading Cards, Captions available, Steam Workshop, Stats, Steam Leaderboards, Includes level editor, Steam Timeline",True,True,False,74,229181,"Experience true combat gameplay in a massive military sandbox. Deploy with a wide variety of single- and multiplayer content, a massive arsenal of modern weapons and vehicles, and limitless opportunities for content creation. Authentic, diverse, open - Arma 3 sends you to war.",https://shared.akamai.steamstatic.com/store_item_assets/steam/apps/107410/header.jpg?t=1780940673,https://www.arma3.com,https://arma3.com/faq,support@bohemia.net,"10,000,000 .. 20,000,000",0,0,293132,265039,28093,293132,0.9041626298050024,8,Very Positive,True,,,,,,,,,,,,,,,,,start0_limit5000_20260614T210511Z,0,5000,2026-06-14T21:06:08.140429+00:00,,,,,,,,,
261550,Mount & Blade II: Bannerlord,2227,True,True,False,RPG/character progression,"Action, Adventure, Character Customization, First-Person, Open World, RPG, Sandbox, Simulation, Singleplayer, Strategy, Third Person",20,"Medieval, Strategy, Open World, RPG, War, Sandbox, Multiplayer, Singleplayer, Action, Character Customization, Simulation, Moddable, Adventure, Horses, Realistic, Third Person, Historical, First-Person, Great Soundtrack, Early Access",game,Mount & Blade II: Bannerlord,False,0,False,"Oct 25, 2022",TaleWorlds Entertainment,TaleWorlds Entertainment,"Action, Indie, RPG, Simulation, Strategy","Single-player, Multi-player, PvP, Online PvP, Steam Achievements, Steam Trading Cards, Steam Workshop, Partial Controller Support, Steam Cloud, Includes level editor, Remote Play on Tablet, Family Sharing",True,False,False,77,225542,"A strategy/action RPG. Create a character, engage in diplomacy, craft, trade and conquer new lands in a vast medieval sandbox. Raise armies to lead into battle and command and fight alongside your troops in massive real-time battles using a deep but intuitive skill-based combat system.",https://shared.akamai.steamstatic.com/store_item_assets/steam/apps/261550/header.jpg?t=1764252300,https://www.taleworlds.com/en/Games/Bannerlord,https://forums.taleworlds.com/index.php?forums/mount-blade-ii-bannerlord.528/,,"10,000,000 .. 20,000,000",0,0,291039,255234,35805,291039,0.8769752507395916,8,Very Positive,True,,,,,,,,,,,,,,,,,start0_limit5000_20260614T210511Z,0,5000,2026-06-14T21:07:26.903673+00:00,,,,,,,,,
255710,Cities: Skylines,2113,True,True,False,systemic/player-role,"Action, Building, City Builder, Management, Resource Management, Sandbox, Simulation, Singleplayer, Strategy",14,"City Builder, Simulation, Building, Management, Strategy, Sandbox, Singleplayer, Moddable, Economy, Resource Management, Mod, Realistic, Replay Value, Casual, Modern, Real-Time with Pause, Family Friendly, Great Soundtrack, Funny, Action",game,Cities: Skylines,False,0,False,"Mar 10, 2015",Colossal Order,Paradox Interactive,"Simulation, Strategy","Single-player, Steam Achievements, Steam Trading Cards, Steam Workshop, Steam Cloud, Includes level editor, Remote Play on Tablet, Family Sharing",True,True,True,85,217791,Cities: Skylines is a modern take on the classic city simulation. The game introduces new game play elements to realize the thrill and hardships of creating and maintaining a real city whilst expanding on some well-established tropes of the city building experience.,https://shared.akamai.steamstatic.com/store_item_assets/steam/apps/255710/header.jpg?t=1777568415,,https://paradox.zendesk.com/home,support@paradoxplaza.com,"10,000,000 .. 20,000,000",0,0,289208,268629,20579,289208,0.9288436004536528,8,Very Positive,True,,,,,,,,,,,,,,,,,start0_limit5000_20260614T210511Z,0,5000,2026-06-14T21:07:17.518587+00:00,,,,,,,,,
220,Half-Life 2,9,True,True,False,narrative/protagonist-heavy,"Action, Adventure, FPS, First-Person, Horror, Shooter, Singleplayer, Story Rich, Zombies",15,"FPS, Action, Sci-fi, Classic, Singleplayer, Story Rich, Shooter, First-Person, Adventure, Dystopian , Atmospheric, Zombies, Silent Protagonist, Physics, Aliens, Great Soundtrack, Horror, Multiplayer, Puzzle, Moddable",game,Half-Life 2,False,0,False,"Nov 16, 2004",Valve,Valve,Action,"Single-player, Steam Achievements, Full controller support, Steam Trading Cards, Captions available, Steam Workshop, Camera Comfort, Custom Volume Controls, Adjustable Difficulty, Playable without Timed Input, Save Anytime, Stereo Sound, Subtitle Options, Surround Sound, Steam Cloud, Includes Source SDK, Commentary available, Remote Play on Phone, Remote Play on Tablet, Remote Play Together, Family Sharing, Steam Timeline",True,False,True,96,198608,"Reawakened from stasis in the occupied metropolis of City 17, Gordon Freeman is joined by Alyx Vance as he leads a desperate human resistance. Experience the landmark first-person shooter packed with immersive world-building, boundary-pushing physics, and exhilarating combat.",https://shared.akamai.steamstatic.com/store_item_assets/steam/apps/220/header.jpg?t=1745368545,http://www.half-life.com/halflife2,http://steamcommunity.com/app/220,,"10,000,000 .. 20,000,000",0,0,273749,267197,6552,273749,0.9760656659933004,9,Overwhelmingly Positive,True,,,,,,,,,,,,,,,,,start0_limit5000_20260614T210511Z,0,5000,2026-06-14T21:05:16.050148+00:00,,,,,,,,,
594650,Hunt: Showdown 1896,13104,False,False,False,action/adventure protagonist,Action,1,,game,Hunt: Showdown 1896,False,17,False,"Aug 27, 2019",Crytek,Crytek,Action,"Multi-player, PvP, Online PvP, Co-op, Online Co-op, Steam Achievements, Full controller support, Steam Trading Cards, In-App Purchases, Steam Leaderboards, Remote Play on Tablet, Remote Play on TV",True,False,False,81,209501,"Hunt: Showdown 1896 is the brutally rewarding extraction shooter. Track twisted monsters and overcome ruthless PvP. Take bounties in corrupted backwaters lost to history. With a team, you might survive. Die with nothing or get out with everything.",https://shared.akamai.steamstatic.com/store_item_assets/steam/apps/594650/a99c5b7bf79b09a031e835692d32dc264437ef21/header_alt_assets_25.jpg?t=1781112961,https://www.huntshowdown.com/,https://huntshowdown.com,,,,,273478,201646,71832,273478,0.737339018129429,6,Mostly Positive,False,,,,,,,,,,,,,,,,,start10000_limit20000_20260615T073020Z,10000,20000,2026-06-15T09:50:02.537891+00:00,,,,,,,,,
526870,Satisfactory,10686,False,False,False,systemic/player-role,"Adventure, Simulation, Strategy",5,,game,Satisfactory,False,0,False,"Sep 10, 2024",Coffee Stain Studios,Coffee Stain Publishing,"Adventure, Indie, Simulation, Strategy","Single-player, Multi-player, Co-op, Online Co-op, Cross-Platform Multiplayer, Steam Achievements, Adjustable Text Size, Camera Comfort, Color Alternatives, Custom Volume Controls, Adjustable Difficulty, Playable without Timed Input, Save Anytime, Stereo Sound, Surround Sound, Partial Controller Support, Steam Cloud, Remote Play on Tablet, Family Sharing",True,False,False,91,229488,"Satisfactory is a first-person open-world factory building game with a dash of exploration and combat. Play alone or with friends, explore an alien planet, create multi-story factories, and enter conveyor belt heaven!",https://shared.akamai.steamstatic.com/store_item_assets/steam/apps/526870/header.jpg?t=1780413533,https://www.satisfactorygame.com/,http://www.coffeestainstudios.com,support@satisfactorygame.com,,,,272749,265253,7496,272749,0.9725168561571261,9,Overwhelmingly Positive,False,,,,,,,,,,,,,,,,,start10000_limit20000_20260615T073020Z,10000,20000,2026-06-15T08:01:38.663277+00:00,,,,,,,,,
203160,Tomb Raider Game of the Year,1216,True,True,False,narrative/protagonist-heavy,"Action, Action-Adventure, Adventure, Female Protagonist, Platformer, RPG, Shooter, Singleplayer, Stealth, Story Rich, Third Person, Third-Person Shooter",19,"Adventure, Action, Female Protagonist, Third Person, Singleplayer, Story Rich, Third-Person Shooter, Multiplayer, Exploration, Action-Adventure, Quick-Time Events, Atmospheric, Puzzle, Shooter, Stealth, Cinematic, Platformer, RPG, Reboot, 3D Vision",game,Tomb Raider Game of the Year,False,17,False,"Mar 4, 2013","Crystal Dynamics, Eidos-Montréal, Feral Interactive (Mac), Nixxes","Crystal Dynamics, Feral Interactive (Mac)","Action, Adventure","Single-player, Multi-player, Steam Achievements, Full controller support, Steam Trading Cards, Steam Cloud, Remote Play on Phone, Remote Play on Tablet, Remote Play on TV, Family Sharing",True,True,False,86,170108,Tomb Raider explores the intense origin story of Lara Croft and her ascent from a young woman to a hardened survivor.,https://shared.akamai.steamstatic.com/store_item_assets/steam/apps/203160/9e67774e97cdd155f287146e62611eb445514ac6/header.jpg?t=1765220424,http://www.tombraider.com,http://support.crystald.com/,,"5,000,000 .. 10,000,000",0,0,266200,255652,10548,266200,0.9603756574004508,9,Overwhelmingly Positive,True,,,,,,,,,,,,,,,,,start0_limit5000_20260614T210511Z,0,5000,2026-06-14T21:06:11.696278+00:00,,,,,,,,,
438100,VRChat,7828,True,False,False,systemic/player-role,"Adventure, Simulation, Sports",3,,game,VRChat,True,0,False,"Feb 1, 2017",VRChat Inc.,VRChat Inc.,"Adventure, Casual, Massively Multiplayer, Simulation, Sports, Free To Play, Early Access","Multi-player, MMO, PvP, Online PvP, Co-op, Online Co-op, Cross-Platform Multiplayer, Full controller support, Tracked Controller Support, VR Supported, In-App Purchases",True,False,False,,147,"Join our growing community as you explore, play, and help craft the future of social VR. Create worlds and custom avatars. Welcome to VRChat.",https://shared.akamai.steamstatic.com/store_item_assets/steam/apps/438100/header.jpg?t=1762366454,http://www.vrchat.com,https://help.vrchat.com/,,,,,263696,198411,65285,263696,0.7524232449487288,6,Mostly Positive,True,,,,,,,,,,,,,,,,,start5000_limit5000_20260614T200239Z,5000,5000,2026-06-14T20:11:15.351844+00:00,,,,,,,,,
10,Counter-Strike,0,True,True,False,systemic/player-role,"Action, FPS, First-Person, Shooter, Strategy, Survival, Tactical, e-sports",8,"Action, FPS, Multiplayer, Shooter, Classic, Team-Based, First-Person, Competitive, Tactical, 1990's, e-sports, PvP, Old School, Military, Strategy, Survival, Score Attack, 1980s, Assassin, Nostalgia",game,Counter-Strike,False,0,False,"Nov 1, 2000",Valve,Valve,Action,"Multi-player, PvP, Online PvP, Shared/Split Screen PvP, Color Alternatives, Custom Volume Controls, Keyboard Only Option, Stereo Sound, Valve Anti-Cheat enabled, Family Sharing",True,True,True,88,168288,Play the world's number 1 online action game. Engage in an incredibly realistic brand of terrorist warfare in this wildly popular team-based game. Ally with teammates to complete strategic missions. Take out enemy sites. Rescue hostages. Your role affects your team's success. Your team's success affects your role.,https://shared.akamai.steamstatic.com/store_item_assets/steam/apps/10/header.jpg?t=1745368572,,http://steamcommunity.com/app/10,,"10,000,000 .. 20,000,000",0,0,259979,253257,6722,259979,0.974144065482212,9,Overwhelmingly Positive,True,,,,,,,,,,,,,,,,,start0_limit5000_20260614T210511Z,0,5000,2026-06-14T21:05:15.819110+00:00,,,,,,,,,
22380,Fallout: New Vegas,474,True,True,False,narrative/protagonist-heavy,"Action, Action RPG, Adventure, Character Customization, FPS, First-Person, Open World, RPG, Sandbox, Shooter, Singleplayer, Story Rich, Survival, Third Person",25,"Open World, RPG, Post-apocalyptic, Singleplayer, Moddable, Story Rich, Exploration, First-Person, Action, Adventure, FPS, Sci-fi, Western, Atmospheric, Action RPG, Character Customization, Survival, Sandbox, Shooter, Third Person",game,Fallout: New Vegas,False,16,False,"Oct 19, 2010",Obsidian Entertainment,Bethesda Softworks,"Action, RPG","Single-player, Steam Achievements, Partial Controller Support, Steam Leaderboards, Remote Play on Phone, Remote Play on Tablet, Family Sharing",True,False,False,84,208585,Welcome to Vegas. New Vegas. Enjoy your stay!,https://shared.akamai.steamstatic.com/store_item_assets/steam/apps/22380/header.jpg?t=1765992876,http://fallout.bethsoft.com,http://support.bethsoft.com/,,"5,000,000 .. 10,000,000",0,0,258065,247731,10334,258065,0.959955825082828,9,Overwhelmingly Positive,True,,,,,,,,,,,,,,,,,start0_limit5000_20260614T210511Z,0,5000,2026-06-14T21:05:34.084055+00:00,,,,,,,,,
238960,Path of Exile,1770,True,True,False,RPG/character progression,"Action, Action RPG, Adventure, Character Customization, Horror, Inventory Management, MMORPG, RPG, Singleplayer",14,"Free to Play, Dark Fantasy, Action RPG, Hack and Slash, Loot, MMORPG, Multiplayer, Dungeon Crawler, Isometric, Character Customization, RPG, Online Co-Op, Singleplayer, Inventory Management, Action, PvP, Horror, Massively Multiplayer, Fantasy, Adventure",game,Path of Exile,True,0,False,"Oct 23, 2013",Grinding Gear Games,Grinding Gear Games,"Action, Adventure, Indie, Massively Multiplayer, RPG, Free To Play","Single-player, Multi-player, MMO, PvP, Online PvP, Co-op, Online Co-op, Steam Achievements, Full controller support, Steam Trading Cards, In-App Purchases, Remote Play on Tablet",True,True,False,86,1028,"You are an Exile, struggling to survive on the dark continent of Wraeclast, as you fight to earn power that will allow you to exact your revenge against those who wronged you. Path of Exile is an online Action RPG set in a dark fantasy world. The game is completely free and will never be pay-to-win.",https://shared.akamai.steamstatic.com/store_item_assets/steam/apps/238960/558fd9078de800b7528a8e96bee0108a8fac17aa/header.jpg?t=1773177577,http://www.pathofexile.com,https://www.pathofexile.com/support,support@grindinggear.com,"20,000,000 .. 50,000,000",0,0,247384,220303,27081,247384,0.8905305112699285,8,Very Positive,True,,,,,,,,,,,,,,,,,start0_limit5000_20260614T210511Z,0,5000,2026-06-14T21:06:42.578191+00:00,,,,,,,,,
294100,RimWorld,3043,True,True,False,RPG/character progression,"Base-Building, Building, City Builder, Colony Sim, Management, Open World, Sandbox, Simulation, Singleplayer, Strategy, Survival, Tactical RPG",23,"Colony Sim, Base-Building, Survival, Strategy, Sandbox, Management, Building, Simulation, Moddable, Singleplayer, City Builder, Open World, Procedural Generation, 2D, Sci-fi, Indie, Space, Tactical RPG, Cartoony, Western",game,RimWorld,False,0,False,"Oct 17, 2018",Ludeon Studios,Ludeon Studios,"Indie, Simulation, Strategy","Single-player, Steam Workshop, Adjustable Text Size, Camera Comfort, Custom Volume Controls, Adjustable Difficulty, Mouse Only Option, Playable without Timed Input, Save Anytime, Partial Controller Support, Steam Cloud, Remote Play on Tablet, Family Sharing",True,True,True,87,204003,"A sci-fi colony sim driven by an intelligent AI storyteller. Generates stories by simulating psychology, ecology, gunplay, melee combat, climate, biomes, diplomacy, interpersonal relationships, art, medicine, trade, and more.",https://shared.akamai.steamstatic.com/store_item_assets/steam/apps/294100/76e0613b8197327299d5dbabb0a7fd7828a689a2/header.jpg?t=1780420333,https://ludeon.com,https://ludeon.com/support,support@ludeon.com,"5,000,000 .. 10,000,000",0,0,240816,235722,5094,240816,0.9788469204704008,9,Overwhelmingly Positive,True,,,,,,,,,,,,,,,,,start0_limit5000_20260614T210511Z,0,5000,2026-06-14T21:09:15.054597+00:00,,,,,,,,,
393380,Squad,6383,True,False,False,systemic/player-role,"Action, Strategy",3,,game,Squad,False,0,False,"Sep 23, 2020",Offworld,Offworld,"Action, Indie, Massively Multiplayer, Strategy","Multi-player, PvP, Online PvP, Co-op, Online Co-op, Steam Trading Cards, Steam Workshop, Partial Controller Support, Valve Anti-Cheat enabled",True,False,False,,176820,"Squad is a tactical FPS that provides authentic combat experiences through teamwork, communication, and realistic combat. It bridges the gap between arcade shooter and military realism with 100-player battles, combined-arms warfare, and base building.",https://shared.akamai.steamstatic.com/store_item_assets/steam/apps/393380/0b19b50aabea356bd8f534fbe7d6db9bd227810a/header.jpg?t=1778698936,http://joinsquad.com,http://support.joinsquad.com,support@joinsquad.com,,,,238429,193565,44864,238429,0.8118349697394193,8,Very Positive,True,,,,,,,,,,,,,,,,,start5000_limit5000_20260614T200239Z,5000,5000,2026-06-14T20:06:14.885117+00:00,,,,,,,,,
700330,SCP: Secret Laboratory,16896,False,False,False,RPG/character progression,"Action, RPG",3,,game,SCP: Secret Laboratory,True,0,False,"Dec 29, 2017",Northwood Studios,Northwood Studios,"Action, Casual, Indie, RPG, Free To Play","Multi-player, PvP, Online PvP, Steam Achievements, Steam Cloud, Valve Anti-Cheat enabled",True,False,False,,,"Deep within a secure underground facility, a sudden containment breach allows many of the secured anomalies to escape from their chambers. Assist the Foundation in re-securing the facility, help the Insurgency in their goal to capture it, or wreak havoc as an SCP in a frantic bid to escape.",https://shared.akamai.steamstatic.com/store_item_assets/steam/apps/700330/19e84a7d25dc97d4ebf6358bbf8a5081330deaea/header.jpg?t=1780232910,https://scpslgame.com/,https://support.scpslgame.com/,,,,,231140,210599,20541,231140,0.9111317816042226,8,Very Positive,False,,,,,,,,,,,,,,,,,start10000_limit20000_20260615T073020Z,10000,20000,2026-06-15T12:49:59.605819+00:00,,,,,,,,,
427520,Factorio,7425,True,False,False,systemic/player-role,"Simulation, Strategy",4,,game,Factorio,False,0,False,"Aug 14, 2020",Wube Software LTD.,Wube Software LTD.,"Casual, Indie, Simulation, Strategy","Single-player, Multi-player, Co-op, Online Co-op, LAN Co-op, Cross-Platform Multiplayer, Steam Achievements, Adjustable Text Size, Camera Comfort, Custom Volume Controls, Adjustable Difficulty, Playable without Timed Input, Save Anytime, Subtitle Options, Partial Controller Support, Steam Cloud, Includes level editor, Remote Play on Tablet, Family Sharing",True,True,True,90,192037,"Factorio is a game about building and creating automated factories to produce items of increasing complexity, within an infinite 2D world. Use your imagination to design your factory, combine simple elements into ingenious structures, and finally protect it from the creatures who don't really like you.",https://shared.akamai.steamstatic.com/store_item_assets/steam/apps/427520/header.jpg?t=1763986204,https://www.factorio.com,http://www.factorio.com/support-overview,support@factorio.com,,,,230511,224772,5739,230511,0.9751031404141234,9,Overwhelmingly Positive,True,,,,,,,,,,,,,,,,,start5000_limit5000_20260614T200239Z,5000,5000,2026-06-14T20:09:47.487601+00:00,,,,,,,,,
311210,Call of Duty®: Black Ops III,3501,True,True,False,narrative/protagonist-heavy,"Action, Adventure, FPS, First-Person, Hero Shooter, Shooter, Singleplayer, Story Rich, Zombies",13,"Multiplayer, Zombies, FPS, Shooter, Action, First-Person, Singleplayer, Co-op, Futuristic, Illuminati, Hero Shooter, Robots, Sci-fi, Gore, Great Soundtrack, Story Rich, Atmospheric, Parkour, Quick-Time Events, Split Screen",game,Call of Duty®: Black Ops III,False,17,False,"Nov 5, 2015","Treyarch, Aspyr (Mac)","Activision, Aspyr (Mac)","Action, Adventure","Single-player, Multi-player, Co-op, Shared/Split Screen, Steam Achievements, Full controller support, Steam Trading Cards, Steam Workshop, Valve Anti-Cheat enabled, Steam Leaderboards, Remote Play on Phone, Remote Play on Tablet, Remote Play on TV, Remote Play Together, Family Sharing",True,True,False,73,153921,Call of Duty®: Black Ops III Zombies Chronicles Edition includes the full base game plus the Zombies Chronicles content expansion.,https://shared.akamai.steamstatic.com/store_item_assets/steam/apps/311210/header.jpg?t=1780963650,https://www.callofduty.com/,http://support.activision.com/,,"5,000,000 .. 10,000,000",0,0,229603,195136,34467,229603,0.8498843656224004,8,Very Positive,True,,,,,,,,,,,,,,,,,start0_limit5000_20260614T210511Z,0,5000,2026-06-14T21:11:14.039658+00:00,,,,,,,,,
477160,Human Fall Flat,9074,True,False,False,systemic/player-role,"Adventure, Simulation",3,,game,Human Fall Flat,False,0,False,"Jul 22, 2016",No Brakes Games,Curve Games,"Adventure, Casual, Indie, Simulation","Single-player, Multi-player, PvP, Online PvP, Co-op, Shared/Split Screen Co-op, Shared/Split Screen, Steam Achievements, Full controller support, Steam Trading Cards, Steam Workshop, Color Alternatives, Custom Volume Controls, Keyboard Only Option, Playable without Timed Input, Stereo Sound, Surround Sound, Steam Cloud, Stats, Remote Play on TV, Remote Play Together, Family Sharing",True,True,False,70,173037,"Human Fall Flat is a hilarious, light-hearted platformer set in floating dreamscapes that can be played solo or with up to 8 players online. Free new levels keep its vibrant community rewarded.",https://shared.akamai.steamstatic.com/store_item_assets/steam/apps/477160/61fc37ab66cdda1119ec6b56c2c06c9ad0179842/header.jpg?t=1781193705,http://www.nobrakesgames.com/,https://curvegames.com/contact/,support@curvegames.com,,,,224639,212576,12063,224639,0.9463005088163676,8,Very Positive,True,,,,,,,,,,,,,,,,,start5000_limit5000_20260614T200239Z,5000,5000,2026-06-14T20:15:15.256297+00:00,,,,,,,,,
379720,DOOM,5913,True,False,False,action/adventure protagonist,Action,1,,game,DOOM,False,17,False,"May 12, 2016",id Software,Bethesda Softworks,Action,"Single-player, Multi-player, Co-op, Steam Achievements, Steam Trading Cards, Color Alternatives, Stereo Sound, Surround Sound, Partial Controller Support, Steam Cloud, Remote Play on Phone, Remote Play on Tablet, Family Sharing",True,False,False,85,152898,"Now includes all three premium DLC packs (Unto the Evil, Hell Followed, and Bloodfall), maps, modes, and weapons, as well as all feature updates including Arcade Mode, Photo Mode, and the latest Update 6.66, which brings further multiplayer improvements as well as revamps multiplayer progression.",https://shared.akamai.steamstatic.com/store_item_assets/steam/apps/379720/header.jpg?t=1750784856,http://www.doom.com,http://help.bethesda.net/,,,,,218753,208949,9804,218753,0.9551823289280604,9,Overwhelmingly Positive,True,,,,,,,,,,,,,,,,,start5000_limit5000_20260614T200239Z,5000,5000,2026-06-14T20:04:52.958028+00:00,,,,,,,,,
782330,DOOM Eternal,20101,False,False,False,action/adventure protagonist,Action,1,,game,DOOM Eternal,False,17,False,"Mar 19, 2020",id Software,Bethesda Softworks,Action,"Single-player, Multi-player, PvP, Online PvP, Steam Achievements, Steam Trading Cards, Color Alternatives, Adjustable Difficulty, Stereo Sound, Surround Sound, Partial Controller Support, Steam Cloud, Remote Play on Phone, Remote Play on Tablet, HDR available, Family Sharing",True,False,False,88,188181,Hell’s armies have invaded Earth. Become the Slayer in an epic single-player campaign to conquer demons across dimensions and stop the final destruction of humanity. The only thing they fear... is you.,https://shared.akamai.steamstatic.com/store_item_assets/steam/apps/782330/feaf8293bcd2d078422faa547bc0d707c08f606e/header.jpg?t=1781283783,https://slayersclub.bethesda.net/en,http://help.bethesda.net/,,,,,215092,196553,18539,215092,0.9138089747642869,8,Very Positive,False,,,,,,,,,,,,,,,,,start10000_limit20000_20260615T073020Z,10000,20000,2026-06-15T15:23:52.116586+00:00,,,,,,,,,
534380,Dying Light 2 Stay Human: Reloaded Edition,10966,False,False,False,RPG/character progression,"Action, Adventure, RPG",4,,game,Dying Light 2 Stay Human: Reloaded Edition,False,18,False,"Feb 3, 2022",Techland,Techland,"Action, Adventure, RPG","Single-player, Multi-player, Co-op, Online Co-op, Steam Achievements, Full controller support, Steam Trading Cards, Steam Cloud, Remote Play on TV, Family Sharing",True,False,False,,160642,"Humanity is fighting a losing battle against the virus. Experience a post-apocalyptic open world overrun by hordes of zombies, where your parkour and combat skills are key to survival. Traverse the City freely during the day, but watch the monsters take over during the night.",https://shared.akamai.steamstatic.com/store_item_assets/steam/apps/534380/header.jpg?t=1781107577,https://pilgrimoutpost.techlandgg.com/?utm_source=steam&amp;utm_medium=store&amp;utm_campaign=dying_light_2,http://support.techland.pl/,support@techland.pl,,,,214176,169132,45044,214176,0.7896869864037054,6,Mostly Positive,False,,,,,,,,,,,,,,,,,start10000_limit20000_20260615T073020Z,10000,20000,2026-06-15T08:14:07.269364+00:00,,,,,,,,,
646570,Slay the Spire,14698,False,False,False,systemic/player-role,Strategy,2,,game,Slay the Spire,False,0,False,"Jan 23, 2019",Mega Crit,Mega Crit,"Indie, Strategy","Single-player, Steam Achievements, Full controller support, Steam Trading Cards, Steam Workshop, Adjustable Text Size, Custom Volume Controls, Mouse Only Option, Playable without Timed Input, Save Anytime, Touch Only Option, Steam Cloud, Stats, Steam Leaderboards, Remote Play on Phone, Remote Play on Tablet, Remote Play on TV, Family Sharing",True,True,True,89,189701,"We fused card games and roguelikes together to make the best single player deckbuilder we could. Craft a unique deck, encounter bizarre creatures, discover relics of immense power, and Slay the Spire!",https://shared.akamai.steamstatic.com/store_item_assets/steam/apps/646570/header.jpg?t=1774015376,https://www.megacrit.com/,https://www.megacrit.com/support/,support@megacrit.com,,,,213029,207866,5163,213029,0.9757638631360049,9,Overwhelmingly Positive,False,,,,,,,,,,,,,,,,,start10000_limit20000_20260615T073020Z,10000,20000,2026-06-15T11:05:43.700715+00:00,,,,,,,,,
268910,Cuphead,2408,True,True,False,action/adventure protagonist,"Action, Platformer, Singleplayer",5,"Difficult, Cartoon, Co-op, Platformer, Great Soundtrack, Local Co-Op, 2D, Multiplayer, Hand-drawn, Indie, Cartoony, Retro, Bullet Hell, Action, Shoot 'Em Up, Singleplayer, Side Scroller, Colorful, Souls-like, Funny",game,Cuphead,False,0,False,"Sep 29, 2017",Studio MDHR Entertainment Inc.,Studio MDHR Entertainment Inc.,"Action, Indie","Single-player, Multi-player, Co-op, Shared/Split Screen Co-op, Shared/Split Screen, Steam Achievements, Full controller support, Steam Trading Cards, Steam Cloud, Remote Play on Phone, Remote Play on Tablet, Remote Play on TV, Remote Play Together, Family Sharing",True,True,False,88,189985,"Cuphead is a classic run and gun action game heavily focused on boss battles. Inspired by cartoons of the 1930s, the visuals and audio are painstakingly created with the same techniques of the era, i.e. traditional hand drawn cel animation, watercolor backgrounds, and original jazz recordings.",https://shared.akamai.steamstatic.com/store_item_assets/steam/apps/268910/header.jpg?t=1709068852,http://www.cupheadgame.com,,support@studiomdhr.com,"5,000,000 .. 10,000,000",0,0,211813,203766,8047,211813,0.9620089418496504,9,Overwhelmingly Positive,True,,,,,,,,,,,,,,,,,start0_limit5000_20260614T210511Z,0,5000,2026-06-14T21:07:53.943419+00:00,,,,,,,,,
8930,Sid Meier's Civilization® V,225,True,True,False,systemic/player-role,"4X, Grand Strategy, Simulation, Singleplayer, Strategy, Tactical, Turn-Based, Turn-Based Strategy",13,"Turn-Based Strategy, Strategy, Turn-Based, Multiplayer, Historical, 4X, Addictive, Singleplayer, Hex Grid, Grand Strategy, Replay Value, Co-op, Economy, Tactical, Diplomacy, Moddable, Simulation, Classic, Great Soundtrack, Touch-Friendly",game,Sid Meier's Civilization® V,False,0,False,"Sep 21, 2010","Firaxis Games, Aspyr (Mac), Aspyr (Linux)","2K, Aspyr (Mac), Aspyr (Linux)",Strategy,"Single-player, Multi-player, Steam Achievements, Steam Trading Cards, Steam Cloud, Remote Play on Tablet, Family Sharing",True,True,True,90,127502,"Create, discover, and download new player-created maps, scenarios, interfaces, and more!",https://shared.akamai.steamstatic.com/store_item_assets/steam/apps/8930/header.jpg?t=1724341158,http://www.civilization.com,http://www.2kgames.com/civ5/support/,,"10,000,000 .. 20,000,000",0,0,209773,200527,9246,209773,0.9559237842811038,9,Overwhelmingly Positive,True,,,,,,,,,,,,,,,,,start0_limit5000_20260614T210511Z,0,5000,2026-06-14T21:05:22.757244+00:00,,,,,,,,,
435150,Divinity: Original Sin 2 - Definitive Edition,7737,True,False,False,RPG/character progression,"Adventure, RPG, Strategy",5,,game,Divinity: Original Sin 2 - Definitive Edition,False,0,False,"Sep 14, 2017",Larian Studios,Larian Studios,"Adventure, RPG, Strategy","Single-player, Multi-player, PvP, Online PvP, Shared/Split Screen PvP, Co-op, Online Co-op, Shared/Split Screen Co-op, Shared/Split Screen, Steam Achievements, Full controller support, Steam Trading Cards, Captions available, Steam Workshop, Steam Cloud, Includes level editor, Remote Play on Tablet, Remote Play on TV, Remote Play Together, Family Sharing",True,True,False,93,178357,"The critically acclaimed RPG that raised the bar, from the creators of Baldur's Gate 3. Gather your party. Master deep, tactical combat. Venture as a party of up to four - but know that only one of you will have the chance to become a God.",https://shared.akamai.steamstatic.com/store_item_assets/steam/apps/435150/3f6ee788cb01bd65097c52399d536eb424b4876f/header.jpg?t=1765811123,https://divinity.com/original-sin-ii,http://larian.com/support/,supportdos2@larian.com,,,,203384,194594,8790,203384,0.9567812610628172,9,Overwhelmingly Positive,True,,,,,,,,,,,,,,,,,start5000_limit5000_20260614T200239Z,5000,5000,2026-06-14T20:10:44.314714+00:00,,,,,,,,,
433850,Z1 Battle Royale,7661,True,False,False,action/adventure protagonist,"Action, Adventure",2,,game,Z1 Battle Royale,True,0,False,"Feb 28, 2018",Daybreak Game Company,Daybreak Game Company,"Action, Adventure, Free To Play, Massively Multiplayer","Multi-player, PvP, Online PvP, In-App Purchases",True,False,False,70,143070,"Z1 Battle Royale is a Free to Play, fast-paced, action arcade, competitive Battle Royale. Staying true to its &quot;King of the Kill&quot; roots, the game has been revamped and restored to the classic feel, look, and gameplay everyone fell in love with. Play solo, duos, or fives and be the last ones standing.",https://shared.akamai.steamstatic.com/store_item_assets/steam/apps/433850/header.jpg?t=1579626820,https://www.h1z1.com,https://help.daybreakgames.com/,,,,,202590,113106,89484,202590,0.5583000148082333,5,Mixed,True,,,,,,,,,,,,,,,,,start5000_limit5000_20260614T200239Z,5000,5000,2026-06-14T20:10:34.961085+00:00,,,,,,,,,
518790,theHunter: Call of the Wild™,10428,False,False,False,systemic/player-role,"Adventure, Simulation, Sports",3,,game,theHunter: Call of the Wild™,False,0,False,"Feb 16, 2017",Expansive Worlds,Avalanche Studios,"Adventure, Simulation, Sports","Single-player, Multi-player, Co-op, Online Co-op, Steam Achievements, Full controller support, In-App Purchases, Steam Cloud, Family Sharing",True,False,False,,165983,"Discover an atmospheric hunting game like no other in this realistic, stunning open world – regularly updated in collaboration with the community. Immerse yourself in the single player campaign, or share the ultimate hunting experience with friends.",https://shared.akamai.steamstatic.com/store_item_assets/steam/apps/518790/036e17409d690cc01b022d73a198aa51a320f803/header_alt_assets_28.jpg?t=1780409865,http://callofthewild.thehunter.com/,http://support.thehunter.com/hc/en-us,,,,,197889,176308,21581,197889,0.8909439130017333,8,Very Positive,False,,,,,,,,,,,,,,,,,start10000_limit20000_20260615T073020Z,10000,20000,2026-06-15T07:49:40.285481+00:00,,,,,,,,,
12210,Grand Theft Auto IV: The Complete Edition,291,True,True,False,survival/sandbox or horror,"Action, Adventure, Open World, Sandbox, Shooter, Singleplayer, Third Person, Third-Person Shooter",12,"Open World, Action, Automobile Sim, Multiplayer, Crime, Third Person, Adventure, Singleplayer, Third-Person Shooter, Moddable, Sandbox, Shooter, Physics, Atmospheric, Classic, Dark Humor, Funny, Gore, Satire, Co-op",game,Grand Theft Auto IV: The Complete Edition,False,17,False,"Mar 24, 2020","Rockstar North, Rockstar Toronto",Rockstar Games,"Action, Adventure","Single-player, Multi-player, Partial Controller Support, Remote Play on Phone, Remote Play on Tablet",True,False,False,90,173900,"Niko Bellic, Johnny Klebitz and Luis Lopez all have one thing in common - they live in the worst city in America. Liberty City worships money and status, and is heaven for those who have them and a living nightmare for those who don't.",https://shared.akamai.steamstatic.com/store_item_assets/steam/apps/12210/header.jpg?t=1721061564,http://www.rockstargames.com/iv,https://support.rockstargames.com/,,"5,000,000 .. 10,000,000",0,0,196617,163532,33085,196617,0.831728690804966,8,Very Positive,True,,,,,,,,,,,,,,,,,start0_limit5000_20260614T210511Z,0,5000,2026-06-14T21:05:28.249009+00:00,,,,,,,,,
400,Portal,14,True,True,False,narrative/protagonist-heavy,"3D Platformer, Action, Adventure, FPS, Female Protagonist, First-Person, Platformer, Puzzle-Platformer, Singleplayer, Story Rich",14,"Puzzle, Puzzle-Platformer, First-Person, 3D Platformer, Singleplayer, Sci-fi, Comedy, Female Protagonist, Physics, Funny, Action, Classic, Story Rich, Platformer, Science, Atmospheric, Dark Humor, Short, FPS, Adventure",game,Portal,False,0,False,"Oct 10, 2007",Valve,Valve,Action,"Single-player, Steam Achievements, Full controller support, Captions available, Camera Comfort, Custom Volume Controls, Save Anytime, Stereo Sound, Subtitle Options, Surround Sound, Includes level editor, Includes Source SDK, Commentary available, Remote Play on Phone, Remote Play on Tablet, Family Sharing",True,False,True,90,169608,"Portal™ is a new single player game from Valve. Set in the mysterious Aperture Science Laboratories, Portal has been called one of the most innovative new games on the horizon and will offer gamers hours of unique gameplay.",https://shared.akamai.steamstatic.com/store_item_assets/steam/apps/400/header.jpg?t=1745368554,http://www.whatistheorangebox.com/,http://steamcommunity.com/app/400,,"10,000,000 .. 20,000,000",0,0,194916,192040,2876,194916,0.9852449260194136,9,Overwhelmingly Positive,True,,,,,,,,,,,,,,,,,start0_limit5000_20260614T210511Z,0,5000,2026-06-14T21:05:16.190687+00:00,,,,,,,,,
281990,Stellaris,2687,True,True,False,systemic/player-role,"4X, Grand Strategy, Management, Sandbox, Simulation, Singleplayer, Strategy",15,"Space, Grand Strategy, Strategy, Sci-fi, 4X, Exploration, Sandbox, Simulation, Multiplayer, Singleplayer, Real-Time with Pause, Moddable, Management, Diplomacy, Military, Futuristic, Replay Value, Great Soundtrack, Procedural Generation, Atmospheric",game,Stellaris,False,0,False,"May 9, 2016",Paradox Development Studio,Paradox Interactive,"Simulation, Strategy","Single-player, Multi-player, Cross-Platform Multiplayer, Steam Achievements, Steam Trading Cards, Steam Workshop, Steam Cloud, Family Sharing",True,True,True,78,140949,"Explore a galaxy full of wonders in this sci-fi grand strategy game from Paradox Development Studios. Interact with diverse alien races, discover strange new worlds with unexpected events and expand the reach of your empire. Each new adventure holds almost limitless possibilities.",https://shared.akamai.steamstatic.com/store_item_assets/steam/apps/281990/header.jpg?t=1779090735,https://www.stellaris.com/,https://paradox.zendesk.com/home,support@paradoxplaza.com,"2,000,000 .. 5,000,000",0,0,194482,167120,27362,194482,0.8593083164508798,8,Very Positive,True,,,,,,,,,,,,,,,,,start0_limit5000_20260614T210511Z,0,5000,2026-06-14T21:08:30.706699+00:00,,,,,,,,,
270880,American Truck Simulator,2471,True,True,False,systemic/player-role,"Adventure, Immersive Sim, Management, Open World, Simulation, Singleplayer",11,"Automobile Sim, Driving, Open World, Transportation, Simulation, America, Realistic, Moddable, Relaxing, Exploration, Economy, Management, Atmospheric, Immersive Sim, Multiplayer, Singleplayer, Adventure, Casual, Family Friendly, Level Editor",game,American Truck Simulator,False,0,False,"Feb 2, 2016",SCS Software,SCS Software,"Indie, Simulation","Single-player, Multi-player, Co-op, Online Co-op, Steam Achievements, Steam Trading Cards, Steam Workshop, Camera Comfort, Custom Volume Controls, Adjustable Difficulty, Keyboard Only Option, Playable without Timed Input, Save Anytime, Stereo Sound, Surround Sound, Partial Controller Support, Steam Cloud, Includes level editor, Remote Play Together, Family Sharing",True,True,True,76,163947,"Experience legendary American trucks and deliver various cargoes across sunny California, sandy Nevada, and the Grand Canyon State of Arizona. American Truck Simulator takes you on a journey through the breathtaking landscapes and widely recognized landmarks around the States.",https://shared.akamai.steamstatic.com/store_item_assets/steam/apps/270880/a80e5a18363259677ca96c2a39503ea595d2a45f/header.jpg?t=1778774561,https://americantrucksimulator.com/,https://americantrucksimulator.com/support.php,support@americantrucksimulator.com,"2,000,000 .. 5,000,000",0,0,192260,186332,5928,192260,0.969166753354832,9,Overwhelmingly Positive,True,,,,,,,,,,,,,,,,,start0_limit5000_20260614T210511Z,0,5000,2026-06-14T21:07:58.558092+00:00,,,,,,,,,
240,Counter-Strike: Source,10,True,True,False,systemic/player-role,"Action, FPS, First-Person, Sandbox, Shooter, Simulation, Singleplayer, Strategy, Survival, Tactical, e-sports",15,"Shooter, FPS, Action, Multiplayer, Team-Based, First-Person, Competitive, Tactical, PvP, e-sports, Military, War, Strategy, Moddable, Singleplayer, Difficult, Atmospheric, Survival, Simulation, Sandbox",game,Counter-Strike: Source,False,0,False,"Nov 1, 2004",Valve,Valve,Action,"Multi-player, Cross-Platform Multiplayer, Steam Achievements, Camera Comfort, Color Alternatives, Custom Volume Controls, Stereo Sound, Subtitle Options, Surround Sound, Steam Cloud, Valve Anti-Cheat enabled, Stats, Includes Source SDK, Family Sharing",True,False,True,88,134040,Counter-Strike: Source blends Counter-Strike's award-winning teamplay action with the advanced technology of Source™ technology.,https://shared.akamai.steamstatic.com/store_item_assets/steam/apps/240/header.jpg?t=1745368575,,http://steamcommunity.com/app/240,,"10,000,000 .. 20,000,000",0,0,191568,184464,7104,191568,0.9629165622650964,9,Overwhelmingly Positive,True,,,,,,,,,,,,,,,,,start0_limit5000_20260614T210511Z,0,5000,2026-06-14T21:05:16.078660+00:00,,,,,,,,,
552520,Far Cry® 5,11608,False,False,False,action/adventure protagonist,"Action, Adventure",2,,game,Far Cry® 5,False,17,False,"Mar 26, 2018","Ubisoft Montreal, Red Storm, Ubisoft Shanghai, Ubisoft Toronto, Ubisoft Kiev",Ubisoft,"Action, Adventure","Single-player, Multi-player, Co-op, Online Co-op, Steam Achievements, Steam Trading Cards, Captions available, In-App Purchases, Partial Controller Support, Includes level editor, HDR available",True,False,False,,170426,"Discover the open world of Hope County, Montana, besieged by a fanatical doomsday cult. Dive into the action solo or two-player co-op in the story campaign, use a vast arsenal of weapons and allies, and free Hope County from Joseph Seed and his cult.",https://shared.akamai.steamstatic.com/store_item_assets/steam/apps/552520/header.jpg?t=1762190084,https://far-cry.ubisoft.com/,http://support.ubi.com,,,,,186390,151059,35331,186390,0.8104458393690649,8,Very Positive,False,,,,,,,,,,,,,,,,,start10000_limit20000_20260615T073020Z,10000,20000,2026-06-15T08:42:20.447397+00:00,,,,,,,,,
812140,Assassin's Creed® Odyssey,21253,False,False,False,RPG/character progression,"Action, Adventure, RPG",4,,game,Assassin's Creed® Odyssey,False,17,False,"Oct 5, 2018","Ubisoft Quebec, Ubisoft Montreal, Ubisoft Bucharest, Ubisoft Singapore, Ubisoft Montpellier, Ubisoft Kiev, Ubisoft Shanghai",Ubisoft,"Action, Adventure, RPG","Single-player, Steam Achievements, Steam Trading Cards, Captions available, In-App Purchases, Camera Comfort, Custom Volume Controls, Adjustable Difficulty, Keyboard Only Option, Mouse Only Option, Playable without Timed Input, Save Anytime, Stereo Sound, Surround Sound, Partial Controller Support, Remote Play on Phone, Remote Play on Tablet, HDR available",True,False,False,,168130,"In this action-adventure game, set sail for Ancient Greece to alter its fate. Fight in visceral battles on land and sea, shape your destiny from outcast to legend, and uncover secrets of your past.",https://shared.akamai.steamstatic.com/store_item_assets/steam/apps/812140/header.jpg?t=1777476997,http://www.assassinscreed.com,http://support.ubi.com,,,,,184310,163599,20711,184310,0.887629537192773,8,Very Positive,False,,,,,,,,,,,,,,,,,start10000_limit20000_20260615T073020Z,10000,20000,2026-06-15T16:19:56.992156+00:00,,,,,,,,,
379430,Kingdom Come: Deliverance,5906,True,False,False,RPG/character progression,"Action, Adventure, RPG",4,,game,Kingdom Come: Deliverance,False,17,False,"Feb 13, 2018",Warhorse Studios,"Warhorse Studios, Deep Silver","Action, Adventure, RPG","Single-player, Steam Achievements, Full controller support, Steam Trading Cards, Steam Cloud, Remote Play on TV, Family Sharing",True,False,False,76,140211,"Story-driven open-world RPG that immerses you in an epic adventure in the Holy Roman Empire. Avenge your parents' death as you battle invading forces, go on game-changing quests, and make influential choices. Explore castles, forests, villages and other realistic settings in medieval Bohemia!",https://shared.akamai.steamstatic.com/store_item_assets/steam/apps/379430/43b72106345687f4a2bf94d5f98335e52c1cd598/header.jpg?t=1770998376,https://www.kingdomcomerpg.com,https://warhorse.zendesk.com/hc/en-us,support@kingdomcomerpg.com,,,,182063,153614,28449,182063,0.8437409028742798,8,Very Positive,True,,,,,,,,,,,,,,,,,start5000_limit5000_20260614T200239Z,5000,5000,2026-06-14T20:04:51.887228+00:00,,,,,,,,,
588650,Dead Cells,12898,False,False,False,action/adventure protagonist,"Action, Adventure",2,,game,Dead Cells,False,0,False,"Aug 6, 2018",Motion Twin,Motion Twin,"Action, Adventure, Indie","Single-player, Steam Achievements, Full controller support, Steam Trading Cards, Steam Workshop, Steam Cloud, Remote Play on Phone, Remote Play on Tablet, Remote Play on TV, Family Sharing",True,True,True,89,153835,"Dead Cells is a roguelite, metroidvania inspired, action-platformer. You'll explore a sprawling, ever-changing castle... assuming you’re able to fight your way past its keepers in 2D souls-lite combat. No checkpoints. Kill, die, learn, repeat.",https://shared.akamai.steamstatic.com/store_item_assets/steam/apps/588650/header.jpg?t=1779086887,https://dead-cells.com/,,support@evilempirestudio.com,,,,180553,175220,5333,180553,0.9704629665527573,9,Overwhelmingly Positive,False,,,,,,,,,,,,,,,,,start10000_limit20000_20260615T073020Z,10000,20000,2026-06-15T09:41:00.752092+00:00,,,,,,,,,
813780,Age of Empires II: Definitive Edition,21310,False,False,False,systemic/player-role,Strategy,2,,game,Age of Empires II: Definitive Edition,False,0,False,"Nov 14, 2019","World's Edge, Forgotten Empires, CaptureAge, Tantalus Media, Wicked Witch, Feral Interactive",Xbox Game Studios,Strategy,"Single-player, Multi-player, PvP, Online PvP, LAN PvP, Co-op, Online Co-op, LAN Co-op, Cross-Platform Multiplayer, Steam Achievements, Steam Trading Cards, Adjustable Text Size, Color Alternatives, Custom Volume Controls, Adjustable Difficulty, Mouse Only Option, Narrated Game Menus, Playable without Timed Input, Save Anytime, Steam Cloud, Includes level editor, Family Sharing",True,True,False,84,156203,"42 Civilizations, 229 Campaign Missions, Singleplayer, Co-Op, Multiplayer, In-Game Editor, Mods, Cross-play...It is good to be the king.",https://shared.akamai.steamstatic.com/store_item_assets/steam/apps/813780/header.jpg?t=1780505425,https://www.ageofempires.com/games/aoeiide/,https://www.ageofempires.com/support/aoe2/,,,,,179157,170099,9058,179157,0.9494409930954414,8,Very Positive,False,,,,,,,,,,,,,,,,,start10000_limit20000_20260615T073020Z,10000,20000,2026-06-15T16:22:25.897669+00:00,,,,,,,,,
319630,Life is Strange - Episode 1,3769,True,True,False,narrative/protagonist-heavy,"Action, Adventure, Choices Matter, Female Protagonist, Multiple Endings, Mystery, Point & Click, Singleplayer, Story Rich, Third Person, Walking Simulator",26,"Story Rich, Choices Matter, Great Soundtrack, Female Protagonist, Time Travel, Atmospheric, Episodic, Singleplayer, Adventure, Time Manipulation, Multiple Endings, Mystery, Third Person, Point & Click, Indie, Walking Simulator, Casual, Action, LGBTQ+, Memes",game,Life is Strange - Episode 1,True,17,False,"Jan 29, 2015","DONTNOD Entertainment, Feral Interactive (Mac), Feral Interactive (Linux)","Square Enix, Feral interactive (Mac), Feral Interactive (Linux)","Action, Adventure","Single-player, Steam Achievements, Full controller support, Steam Trading Cards, Custom Volume Controls, Stereo Sound, Subtitle Options, Steam Cloud, Remote Play on Phone, Remote Play on Tablet, Remote Play on TV, Family Sharing",True,True,True,,123168,"Episode 1 now FREE! Life is Strange is an award-winning and critically acclaimed episodic adventure game that allows the player to rewind time and affect the past, present and future.",https://shared.akamai.steamstatic.com/store_item_assets/steam/apps/319630/header.jpg?t=1772725755,http://www.lifeisstrange.com,http://sqex.to/steamsupport,,"5,000,000 .. 10,000,000",0,0,173550,167028,6522,173550,0.962420051858254,9,Overwhelmingly Positive,True,,,,,,,,,,,,,,,,,start0_limit5000_20260614T210511Z,0,5000,2026-06-14T21:12:12.772904+00:00,,,,,,,,,
48700,Mount & Blade: Warband,891,True,True,False,RPG/character progression,"Action, Adventure, First-Person, Open World, RPG, Sandbox, Simulation, Singleplayer, Strategy, Third Person",17,"Medieval, RPG, Open World, Strategy, Sandbox, Multiplayer, Action, Moddable, Military, Adventure, Horses, Singleplayer, Realistic, First-Person, Historical, Third Person, Simulation, Hack and Slash, Fantasy, Indie",game,Mount & Blade: Warband,False,0,False,"Mar 31, 2010",TaleWorlds Entertainment,TaleWorlds Entertainment,"Action, RPG","Single-player, Multi-player, Steam Achievements, Steam Trading Cards, Steam Workshop, Family Sharing",True,True,True,78,134620,"In a land torn asunder by incessant warfare, it is time to assemble your own band of hardened warriors and enter the fray. Lead your men into battle, expand your realm, and claim the ultimate prize: the throne of Calradia!",https://shared.akamai.steamstatic.com/store_item_assets/steam/apps/48700/header.jpg?t=1750147149,https://www.taleworlds.com/en/Games/Warband,https://forums.taleworlds.com/index.php?forums/mount-blade-warband.164/,,"5,000,000 .. 10,000,000",0,0,171098,167200,3898,171098,0.9772177348653988,9,Overwhelmingly Positive,True,,,,,,,,,,,,,,,,,start0_limit5000_20260614T210511Z,0,5000,2026-06-14T21:05:55.617522+00:00,,,,,,,,,
244210,Assetto Corsa,1850,True,True,False,systemic/player-role,"Action, First-Person, Open World, Simulation, Singleplayer, Sports",9,"Racing, Automobile Sim, Simulation, Driving, Multiplayer, VR, Realistic, Sports, Open World, Moddable, Controller, Singleplayer, Physics, First-Person, Replay Value, Indie, Action, 3D Vision, TrackIR, Artificial Intelligence",game,Assetto Corsa,False,0,False,"Dec 19, 2014",Kunos Simulazioni,Kunos Simulazioni,"Indie, Racing, Simulation, Sports","Single-player, Multi-player, PvP, Online PvP, Steam Achievements, VR Supported, Partial Controller Support, Steam Leaderboards, Includes level editor, Family Sharing",True,False,False,85,133031,"Assetto Corsa v1.16 introduces the new &quot;Laguna Seca&quot; laser-scanned track, 7 new cars among which the eagerly awaited Alfa Romeo Giulia Quadrifoglio! Check the changelog for further info!",https://shared.akamai.steamstatic.com/store_item_assets/steam/apps/244210/header.jpg?t=1754985171,http://www.assettocorsa.gg,http://www.assettocorsa.net/forum,support@assettocorsa.net,"5,000,000 .. 10,000,000",0,0,170390,158155,12235,170390,0.9281941428487588,8,Very Positive,True,,,,,,,,,,,,,,,,,start0_limit5000_20260614T210511Z,0,5000,2026-06-14T21:06:51.518715+00:00,,,,,,,,,
601150,Devil May Cry 5,13336,False,False,False,action/adventure protagonist,Action,1,,game,Devil May Cry 5,False,17,False,"Mar 7, 2019","CAPCOM Co., Ltd.","CAPCOM Co., Ltd.",Action,"Single-player, Multi-player, Co-op, Online Co-op, Steam Achievements, Full controller support, Steam Trading Cards, Steam Cloud, Remote Play on TV, HDR available, Family Sharing",True,False,False,89,114992,"The ultimate Devil Hunter is back in style, in the game action fans have been waiting for.",https://shared.akamai.steamstatic.com/store_item_assets/steam/apps/601150/header.jpg?t=1768869803,http://www.capcom.co.jp/devil5/,http://www.capcom.co.jp/support/contact/,,,,,165679,159117,6562,165679,0.9603932906403346,9,Overwhelmingly Positive,False,,,,,,,,,,,,,,,,,start10000_limit20000_20260615T073020Z,10000,20000,2026-06-15T10:01:54.935919+00:00,,,,,,,,,
397540,Borderlands 3,6522,True,False,False,RPG/character progression,"Action, RPG",3,,game,Borderlands 3,False,17,False,"Mar 13, 2020",Gearbox Software,2K,"Action, RPG","Single-player, Multi-player, Co-op, Online Co-op, LAN Co-op, Cross-Platform Multiplayer, Steam Achievements, Full controller support, Steam Trading Cards, Steam Cloud, Remote Play on Phone, Remote Play on Tablet, Remote Play on TV, Family Sharing",True,False,False,81,126998,"The original shooter-looter returns, packing bazillions of guns and a mayhem-fueled adventure! Blast through new worlds and enemies as one of four new Vault Hunters.",https://shared.akamai.steamstatic.com/store_item_assets/steam/apps/397540/header.jpg?t=1750802377,https://www.borderlands.com,support.2k.com,,,,,162844,131871,30973,162844,0.8097995627717325,8,Very Positive,True,,,,,,,,,,,,,,,,,start5000_limit5000_20260614T200239Z,5000,5000,2026-06-14T20:06:35.697262+00:00,,,,,,,,,
304390,FOR HONOR™,3341,True,True,False,narrative/protagonist-heavy,"Action, RPG, Singleplayer, Story Rich, Strategy, Third Person",12,"Medieval, Swordplay, Action, Multiplayer, Fighting, PvP, Third Person, War, Gore, Co-op, Singleplayer, Online Co-Op, Hack and Slash, Realistic, Strategy, Atmospheric, RPG, Fantasy, MOBA, Story Rich",game,FOR HONOR™,False,17,False,"Feb 13, 2017","Ubisoft Montreal, Ubisoft Quebec, Ubisoft Toronto, Blue Byte",Ubisoft,Action,"Single-player, Multi-player, PvP, Online PvP, Co-op, Online Co-op, Steam Achievements, Steam Trading Cards, In-App Purchases, Partial Controller Support",True,False,False,76,106194,"Fight alone or with friends in For Honor, a third-person hero-based melee fighting game. Enter the chaos of war as a Knight, a Viking, a Samurai, a Wu Lin, or an Outlander. Fight in brutal PvP and team-oriented modes, or play the thrilling story campaign.",https://shared.akamai.steamstatic.com/store_item_assets/steam/apps/304390/70c0a279707d99a4651c441386f77d8394ac58b9/header_alt_assets_10.jpg?t=1781283400,http://forhonorgame.com/,https://support.ubi.com/,,"5,000,000 .. 10,000,000",0,0,162042,112037,50005,162042,0.6914071660433715,5,Mixed,True,,,,,,,,,,,,,,,,,start0_limit5000_20260614T210511Z,0,5000,2026-06-14T21:10:28.816437+00:00,,,,,,,,,
70,Half-Life,6,True,True,False,narrative/protagonist-heavy,"Action, Action-Adventure, Adventure, FPS, First-Person, Shooter, Singleplayer, Story Rich",12,"FPS, Classic, 1990's, Singleplayer, Sci-fi, Multiplayer, Shooter, Action, First-Person, Aliens, Story Rich, Silent Protagonist, Atmospheric, Gore, Retro, Moddable, Adventure, Action-Adventure, Difficult, PvP",game,Half-Life,False,0,False,"Nov 19, 1998",Valve,Valve,Action,"Single-player, Multi-player, PvP, Online PvP, Full controller support, Color Alternatives, Custom Volume Controls, Adjustable Difficulty, Keyboard Only Option, Playable without Timed Input, Save Anytime, Stereo Sound, Steam Cloud, Valve Anti-Cheat enabled, Remote Play on Phone, Remote Play on Tablet, Family Sharing",True,True,True,96,114921,"Named Game of the Year by over 50 publications, Valve's debut title blends action and adventure with award-winning technology to create a frighteningly realistic world where players must think to survive. Also includes an exciting multiplayer mode that allows you to play against friends and enemies around the world.",https://shared.akamai.steamstatic.com/store_item_assets/steam/apps/70/header.jpg?t=1745368462,http://www.half-life.com/,http://steamcommunity.com/app/70,,"10,000,000 .. 20,000,000",0,0,161289,155658,5631,161289,0.9650875137176124,9,Overwhelmingly Positive,True,,,,,,,,,,,,,,,,,start0_limit5000_20260614T210511Z,0,5000,2026-06-14T21:05:15.972148+00:00,,,,,,,,,
306130,The Elder Scrolls® Online,3390,True,True,False,narrative/protagonist-heavy,"Action, Action RPG, Adventure, Character Customization, Choose Your Own Adventure, Lore-Rich, MMORPG, Open World, RPG, Singleplayer, Story Rich",23,"RPG, MMORPG, Open World, Fantasy, Adventure, Multiplayer, Exploration, Singleplayer, Massively Multiplayer, Action, Character Customization, PvP, PvE, Lore-Rich, Story Rich, Choose Your Own Adventure, Class-Based, Magic, Action RPG, Atmospheric",game,The Elder Scrolls® Online,False,17,False,"May 22, 2017",ZeniMax Online Studios,Bethesda Softworks,"Action, Adventure, Massively Multiplayer, RPG","Multi-player, MMO, PvP, Online PvP, Co-op, Online Co-op, Steam Trading Cards, Captions available, In-App Purchases, Camera Comfort, Chat Text-to-speech, Custom Volume Controls, Playable without Timed Input, Stereo Sound, Surround Sound, Partial Controller Support, HDR available, Family Sharing",True,True,False,80,133328,"Every legend starts somewhere and in The Elder Scrolls Online, it starts with you. Join millions of players in an online, fantasy RPG set in a vast living Elder Scrolls world.",https://shared.akamai.steamstatic.com/store_item_assets/steam/apps/306130/ec07d0bdeb484c72a88f6c4427871736d091c3fc/header.jpg?t=1779374516,http://www.elderscrollsonline.com,https://help.elderscrollsonline.com/,,"5,000,000 .. 10,000,000",0,0,160343,129829,30514,160343,0.8096954653461642,8,Very Positive,True,,,,,,,,,,,,,,,,,start0_limit5000_20260614T210511Z,0,5000,2026-06-14T21:11:01.026911+00:00,,,,,,,,,
262060,Darkest Dungeon®,2239,True,True,False,RPG/character progression,"Horror, Lovecraftian, RPG, Singleplayer, Strategy, Turn-Based",11,"Turn-Based Combat, Dark Fantasy, Dungeon Crawler, Rogue-like, RPG, Lovecraftian, Difficult, Turn-Based, Singleplayer, Perma Death, Strategy, Atmospheric, Dark, Indie, 2D, Rogue-lite, Horror, Gothic, Fantasy, Kickstarter",game,Darkest Dungeon®,False,0,False,"Jan 19, 2016",Red Hook Studios,Red Hook Studios,"Indie, RPG, Strategy","Single-player, Steam Achievements, Steam Trading Cards, Partial Controller Support, Steam Cloud, Remote Play on Tablet, Family Sharing",True,True,True,84,138579,"Darkest Dungeon is a challenging gothic roguelike turn-based RPG about the psychological stresses of adventuring. Recruit, train, and lead a team of flawed heroes against unimaginable horrors, stress, disease, and the ever-encroaching dark. Can you keep your heroes together when all hope is lost?",https://shared.akamai.steamstatic.com/store_item_assets/steam/apps/262060/header.jpg?t=1769780578,http://www.darkestdungeon.com,http://www.darkestdungeon.com/forums/,support@redhookgames.com,"2,000,000 .. 5,000,000",0,0,159892,146587,13305,159892,0.916787581617592,8,Very Positive,True,,,,,,,,,,,,,,,,,start0_limit5000_20260614T210511Z,0,5000,2026-06-14T21:07:27.473490+00:00,,,,,,,,,
208650,Batman™: Arkham Knight,1317,True,True,False,narrative/protagonist-heavy,"Action, Adventure, Detective, Horror, Open World, Sandbox, Singleplayer, Stealth, Story Rich, Strategy, Third Person",21,"Action, Open World, Superhero, Stealth, Third Person, Singleplayer, Adventure, Detective, Story Rich, Fighting, Atmospheric, Dark, Comic Book, Beat 'em up, Mature, Puzzle, Horror, Sandbox, Strategy, Epic",game,Batman™: Arkham Knight,False,17,False,"Jun 23, 2015",Rocksteady Studios,WB Games,"Action, Adventure","Single-player, Steam Achievements, Full controller support, Steam Trading Cards, Steam Cloud, Steam Leaderboards, Remote Play on Phone, Remote Play on Tablet, Remote Play on TV, Family Sharing",True,False,False,,108125,"Batman™: Arkham Knight brings the award-winning Arkham trilogy from Rocksteady Studios to its epic conclusion. Developed exclusively for New-Gen platforms, Batman: Arkham Knight introduces Rocksteady's uniquely designed version of the Batmobile.",https://shared.akamai.steamstatic.com/store_item_assets/steam/apps/208650/header.jpg?t=1745534372,https://www.batmanarkhamknight.com/,support.wbgames.com,support@wbgames.com or Wbgames.intsupport@warnerbros.com,"2,000,000 .. 5,000,000",0,0,156045,139718,16327,156045,0.8953699253420487,8,Very Positive,True,,,,,,,,,,,,,,,,,start0_limit5000_20260614T210511Z,0,5000,2026-06-14T21:06:15.378656+00:00,,,,,,,,,
552990,World of Warships,11631,False,False,False,systemic/player-role,"Action, Simulation, Strategy",5,,game,World of Warships,True,0,False,"Nov 15, 2017",Wargaming Group Limited,Wargaming Group Limited,"Action, Massively Multiplayer, Simulation, Strategy, Free To Play","Multi-player, MMO, PvP, Online PvP, Co-op, Online Co-op, Steam Achievements, Steam Trading Cards, In-App Purchases, Adjustable Text Size, Camera Comfort, Color Alternatives, Custom Volume Controls, Playable without Timed Input, Steam Cloud",True,False,False,81,2024,"Immerse yourself in thrilling naval battles and assemble an armada of over 800 ships from the first half of the 20th century — from stealthy destroyers to gigantic battleships. Change the look of your ship, choose upgrades to suit your play style, and go into battle with other players!",https://shared.akamai.steamstatic.com/store_item_assets/steam/apps/552990/b8b2ac6afedffd6151db18061929c1da65e5f040/header_alt_assets_12.jpg?t=1780653803,https://steam.worldofwarships.com/,https://wargaming.net/support/products/wows/,,,,,155055,118669,36386,155055,0.7653348811711973,6,Mostly Positive,False,,,,,,,,,,,,,,,,,start10000_limit20000_20260615T073020Z,10000,20000,2026-06-15T08:43:19.306937+00:00,,,,,,,,,
433340,Slime Rancher,7637,True,False,False,systemic/player-role,"Action, Adventure, Simulation",4,,game,Slime Rancher,False,0,False,"Aug 1, 2017",Monomi Park,Monomi Park,"Action, Adventure, Indie, Simulation","Single-player, Steam Achievements, Full controller support, Steam Trading Cards, Steam Cloud, Remote Play on Phone, Remote Play on Tablet, Remote Play on TV, Family Sharing",True,True,True,81,136737,"Slime Rancher is the tale of Beatrix LeBeau, a plucky, young rancher who sets out for a life a thousand light years away from Earth on the ‘Far, Far Range’ where she tries her hand at making a living wrangling slimes.",https://shared.akamai.steamstatic.com/store_item_assets/steam/apps/433340/header.jpg?t=1758651509,http://slimerancher.com,https://support.slimerancher.com/hc/,,,,,154164,151070,3094,154164,0.979930463662074,9,Overwhelmingly Positive,True,,,,,,,,,,,,,,,,,start5000_limit5000_20260614T200239Z,5000,5000,2026-06-14T20:10:31.780623+00:00,,,,,,,,,
3590,Plants vs. Zombies GOTY Edition,107,True,True,False,systemic/player-role,"Adventure, Singleplayer, Strategy, Survival, Tactical, Zombies",10,"Tower Defense, Zombies, Strategy, Singleplayer, Casual, Classic, Great Soundtrack, 2D, Comedy, Family Friendly, Funny, Puzzle, Addictive, Cute, Survival, Indie, Tactical, Adventure, Touch-Friendly, Post-apocalyptic",game,Plants vs. Zombies GOTY Edition,False,0,False,"May 5, 2009","PopCap Games, Inc.","PopCap Games, Inc., Electronic Arts",Strategy,"Single-player, Steam Achievements, Remote Play on Phone, Remote Play on Tablet, Family Sharing",True,True,False,87,140738,"Zombies are invading your home, and the only defense is your arsenal of plants! Armed with an alien nursery-worth of zombie-zapping plants like peashooters and cherry bombs, you'll need to think fast and plant faster to stop dozens of types of zombies dead in their tracks.",https://shared.akamai.steamstatic.com/store_item_assets/steam/apps/3590/header.jpg?t=1777394124,,http://support.popcap.com/,,"2,000,000 .. 5,000,000",0,0,152980,149455,3525,152980,0.9769577722578114,9,Overwhelmingly Positive,True,,,,,,,,,,,,,,,,,start0_limit5000_20260614T210511Z,0,5000,2026-06-14T21:05:18.941198+00:00,,,,,,,,,
391220,Rise of the Tomb Raider™,6307,True,False,False,action/adventure protagonist,"Action, Adventure",2,,game,Rise of the Tomb Raider™,False,17,False,"Feb 9, 2016","Crystal Dynamics, Eidos-Montréal, Feral Interactive (Mac), Feral Interactive (Linux), Nixxes","Crystal Dynamics, Feral Interactive (Mac), Feral Interactive (Linux)","Action, Adventure","Single-player, Steam Achievements, Full controller support, Tracked Controller Support, VR Supported, Steam Trading Cards, Steam Cloud, Steam Leaderboards, Remote Play on Phone, Remote Play on Tablet, Remote Play on TV, Family Sharing",True,True,True,86,124458,"Rise of the Tomb Raider: 20 Year Celebration includes the base game and Season Pass featuring all-new content. Explore Croft Manor in the new “Blood Ties” story, then defend it against a zombie invasion in “Lara’s Nightmare”.",https://shared.akamai.steamstatic.com/store_item_assets/steam/apps/391220/header.jpg?t=1766187095,http://www.tombraider.com/us/,https://support.crystald.com/,,,,,152690,143779,8911,152690,0.9416399240290784,8,Very Positive,True,,,,,,,,,,,,,,,,,start5000_limit5000_20260614T200239Z,5000,5000,2026-06-14T20:05:45.574376+00:00,,,,,,,,,
444200,World of Tanks Blitz,7987,True,False,False,systemic/player-role,"Action, Simulation, Strategy",5,,game,World of Tanks Blitz,True,0,False,"Nov 9, 2016",Wargaming Group Limited,Wargaming Group Limited,"Action, Massively Multiplayer, Simulation, Strategy, Free To Play","Multi-player, MMO, PvP, Online PvP, Co-op, Online Co-op, Cross-Platform Multiplayer, Steam Trading Cards, In-App Purchases, Camera Comfort, Color Alternatives, Custom Volume Controls, Save Anytime, Stereo Sound, Touch Only Option",True,True,False,,929,"Blow off steam and tank turrets in a free-to-play online 7v7 tank shooter! Drive hundreds of tanks, from museum classics to &quot;did-that-ever-exist?&quot; specials, in quick 5 to 7-minute brawls packed with metal mayhem. Play solo or team up with a friend and enjoy smooth action even on modest hardware!",https://shared.akamai.steamstatic.com/store_item_assets/steam/apps/444200/bd64dd64069d31a55e803ca181f4e1b6df7c9ae5/header.jpg?t=1779384119,http://wotblitz.com/,https://wargaming.net/support/,,,,,152635,119104,33531,152635,0.7803190618141318,6,Mostly Positive,True,,,,,,,,,,,,,,,,,start5000_limit5000_20260614T200239Z,5000,5000,2026-06-14T20:11:39.877609+00:00,,,,,,,,,
570940,DARK SOULS™: REMASTERED,12267,False,False,False,action/adventure protagonist,Action,1,,game,DARK SOULS™: REMASTERED,False,17,False,"May 23, 2018","QLOC, FromSoftware, Inc.","FromSoftware, Inc., Bandai Namco Entertainment",Action,"Single-player, Multi-player, Steam Achievements, Full controller support, Remote Play on Phone, Remote Play on Tablet, Remote Play on TV, Family Sharing",True,False,False,84,97950,"Then, there was fire. Re-experience the critically acclaimed, genre-defining game that started it all. Beautifully remastered, return to Lordran in stunning high-definition detail running at 60fps.",https://shared.akamai.steamstatic.com/store_item_assets/steam/apps/570940/header.jpg?t=1778518110,,https://www.bandainamcoent.com,,,,,151653,140186,11467,151653,0.924386593077618,8,Very Positive,False,,,,,,,,,,,,,,,,,start10000_limit20000_20260615T073020Z,10000,20000,2026-06-15T09:11:50.225009+00:00,,,,,,,,,
524220,NieR:Automata™,10610,False,False,False,RPG/character progression,"Action, RPG",3,,game,NieR:Automata™,False,0,False,"Mar 17, 2017","Square Enix, PlatinumGames Inc.",Square Enix,"Action, RPG","Single-player, Steam Achievements, Steam Trading Cards, Custom Volume Controls, Adjustable Difficulty, Playable without Timed Input, Stereo Sound, Partial Controller Support, Steam Cloud, Remote Play on Phone, Remote Play on Tablet, Family Sharing",True,False,False,84,113386,"NieR: Automata tells the story of androids 2B, 9S and A2 and their battle to reclaim the machine-driven dystopia overrun by powerful machines.",https://shared.akamai.steamstatic.com/store_item_assets/steam/apps/524220/header.jpg?t=1773364834,http://www.niergame.com/,http://sqex.to/steamsupport,,,,,151292,132201,19091,151292,0.8738135526002697,8,Very Positive,False,,,,,,,,,,,,,,,,,start10000_limit20000_20260615T073020Z,10000,20000,2026-06-15T07:58:19.654544+00:00,,,,,,,,,
508440,Totally Accurate Battle Simulator,10005,False,False,False,systemic/player-role,"Simulation, Strategy",4,,game,Totally Accurate Battle Simulator,False,0,False,"Apr 1, 2021",Landfall,Landfall,"Indie, Simulation, Strategy","Single-player, Multi-player, PvP, Online PvP, Steam Achievements, Partial Controller Support, Remote Play on Phone, Remote Play on Tablet, Remote Play Together, Family Sharing",True,True,False,,140871,"Be the leader of wobblers from ancient lands, spooky places, and fantasy worlds. Watch them fight in simulations made with the wobbliest physics system ever created, make your own wobblers in the unit creator and send your army off to fight your friends in multiplayer.",https://shared.akamai.steamstatic.com/store_item_assets/steam/apps/508440/header.jpg?t=1730715415,http://landfall.se,,support@landfall.se,,,,150607,147320,3287,150607,0.9781749852264503,9,Overwhelmingly Positive,False,,,,,,,,,,,,,,,,,start10000_limit20000_20260615T073020Z,10000,20000,2026-06-15T07:30:58.654984+00:00,,,,,,,,,
686810,Hell Let Loose,16394,False,False,False,systemic/player-role,"Action, Simulation, Strategy",5,,game,Hell Let Loose,False,0,False,"Jul 27, 2021",Expression Games,Team17,"Action, Indie, Massively Multiplayer, Simulation, Strategy","Multi-player, PvP, Online PvP, Steam Achievements, Partial Controller Support, Family Sharing",True,False,False,79,98034,"Join the ever expanding experience of Hell Let Loose - a hardcore World War Two first person shooter with epic battles of 100 players with infantry, tanks, artillery, a dynamically shifting front line and a unique resource based RTS-inspired meta-game.",https://shared.akamai.steamstatic.com/store_item_assets/steam/apps/686810/ba5b238c5655447f425e607775ca92ac58c31f1d/header_alt_assets_5.jpg?t=1781272760,https://www.hellletloose.com/,https://www.team17.com/,help@team17support.com,,,,147737,120836,26901,147737,0.8179129128112795,8,Very Positive,False,,,,,,,,,,,,,,,,,start10000_limit20000_20260615T073020Z,10000,20000,2026-06-15T12:25:23.052210+00:00,,,,,,,,,
552500,Warhammer: Vermintide 2,11607,False,False,False,RPG/character progression,"Action, RPG",3,,game,Warhammer: Vermintide 2,False,0,False,"Mar 8, 2018",Fatshark,Fatshark,"Action, Indie, RPG","Single-player, Multi-player, Co-op, Online Co-op, Steam Achievements, Full controller support, Steam Trading Cards, Family Sharing",True,False,False,82,90449,The critically acclaimed Vermintide 2 is a visually stunning and groundbreaking melee action game pushing the boundaries of the first person co-op genre. Join the fight now!,https://shared.akamai.steamstatic.com/store_item_assets/steam/apps/552500/header.jpg?t=1764008361,http://www.vermintide.com,fatsharkgames.com/support,,,,,146510,124559,21951,146510,0.8501740495529315,8,Very Positive,False,,,,,,,,,,,,,,,,,start10000_limit20000_20260615T073020Z,10000,20000,2026-06-15T08:42:17.826413+00:00,,,,,,,,,
671860,BattleBit Remastered,15735,False,False,False,action/adventure protagonist,Action,1,,game,BattleBit Remastered,False,0,False,"Jun 15, 2023","SgtOkiDoki, Vilaskis, TheLiquidHorse",SgtOkiDoki,"Action, Massively Multiplayer, Early Access","Multi-player, MMO, PvP, Online PvP, Partial Controller Support",True,False,False,,127524,"BattleBit Remastered is a low-poly, massive multiplayer FPS, supporting 254 players per server. Battle on a near-fully destructible map with various vehicles!",https://shared.akamai.steamstatic.com/store_item_assets/steam/apps/671860/header.jpg?t=1730393449,http://joinbattlebit.com,https://joinbattlebit.com/support,support@joinbattlebit.com,,,,146232,119598,26634,146232,0.8178647628426062,8,Very Positive,False,,,,,,,,,,,,,,,,,start10000_limit20000_20260615T073020Z,10000,20000,2026-06-15T11:54:38.515722+00:00,,,,,,,,,
8870,BioShock Infinite,222,True,True,False,narrative/protagonist-heavy,"Action, Adventure, FPS, First-Person, Immersive, RPG, Shooter, Singleplayer, Story Rich",13,"FPS, Story Rich, Action, Singleplayer, Steampunk, Atmospheric, Shooter, First-Person, Beautiful, Alternate History, Adventure, Great Soundtrack, Dystopian , Sci-fi, Time Travel, Fantasy, Gore, Linear, RPG, Immersive",game,BioShock Infinite,False,17,False,"Mar 25, 2013","Irrational Games, Virtual Programming (Linux)",2K,Action,"Single-player, Steam Achievements, Full controller support, Steam Trading Cards, Steam Cloud, Remote Play on Tablet, Remote Play on TV, Family Sharing",True,True,True,94,108878,"Indebted to the wrong people, with his life on the line, veteran of the U.S. Cavalry and now hired gun, Booker DeWitt has only one opportunity to wipe his slate clean. He must rescue Elizabeth, a mysterious girl imprisoned since childhood and locked up in the flying city of Columbia.",https://shared.akamai.steamstatic.com/store_item_assets/steam/apps/8870/header.jpg?t=1728673518,http://www.bioshockinfinite.com/,http://support.2k.com/home,,"2,000,000 .. 5,000,000",0,0,144691,135256,9435,144691,0.9347920741442108,8,Very Positive,True,,,,,,,,,,,,,,,,,start0_limit5000_20260614T210511Z,0,5000,2026-06-14T21:05:22.694239+00:00,,,,,,,,,
362890,Black Mesa,5277,True,False,False,action/adventure protagonist,"Action, Adventure",2,,game,Black Mesa,False,0,False,"Mar 6, 2020",Crowbar Collective,Crowbar Collective,"Action, Adventure, Indie","Single-player, Multi-player, PvP, Online PvP, Cross-Platform Multiplayer, Steam Achievements, Steam Trading Cards, Captions available, Steam Workshop, Partial Controller Support, Steam Cloud, Includes level editor, Includes Source SDK, Remote Play on Phone, Remote Play on Tablet, Family Sharing",True,False,True,84,132905,Relive Half-Life.,https://shared.akamai.steamstatic.com/store_item_assets/steam/apps/362890/674b9a0e7b31996efd5032dc15e695dbf457d71d/header.jpg?t=1780943994,http://www.blackmesagame.com,http://steamcommunity.com/app/362890/discussions/,,,,,142790,135624,7166,142790,0.9498144127740038,8,Very Positive,True,,,,,,,,,,,,,,,,,start5000_limit5000_20260614T200239Z,5000,5000,2026-06-14T20:03:26.854363+00:00,,,,,,,,,
220200,Kerbal Space Program,1483,True,True,False,systemic/player-role,"Adventure, Building, Open World, Sandbox, Simulation, Singleplayer, Strategy",12,"Space, Simulation, Sandbox, Physics, Science, Space Sim, Building, Moddable, Indie, Education, Open World, Singleplayer, Exploration, Funny, Sci-fi, Difficult, Adventure, Replay Value, Strategy, Comedy",game,Kerbal Space Program,False,0,False,"Apr 27, 2015",Squad,Private Division,"Indie, Simulation","Single-player, Steam Trading Cards, Steam Workshop, Partial Controller Support, Steam Cloud, Family Sharing",True,True,True,88,116534,"In Kerbal Space Program, take charge of the space program for the alien race known as the Kerbals. You have access to an array of parts to assemble fully-functional spacecraft that flies (or doesn’t) based on realistic aerodynamic and orbital physics.",https://shared.akamai.steamstatic.com/store_item_assets/steam/apps/220200/header.jpg?t=1738037585,https://kerbalspaceprogram.com/,https://kerbalspaceprogram.com/en/?page_id=23,support@kerbalspaceprogram.com,"2,000,000 .. 5,000,000",0,0,142317,135923,6394,142317,0.95507212771489,9,Overwhelmingly Positive,True,,,,,,,,,,,,,,,,,start0_limit5000_20260614T210511Z,0,5000,2026-06-14T21:06:26.215109+00:00,,,,,,,,,
504230,Celeste,9900,False,False,False,action/adventure protagonist,"Action, Adventure",2,,game,Celeste,False,0,False,"Jan 25, 2018","Maddy Makes Games Inc., Extremely OK Games, Ltd.",Maddy Makes Games Inc.,"Action, Adventure, Indie","Single-player, Steam Achievements, Full controller support, Steam Trading Cards, Steam Cloud, Remote Play on Phone, Remote Play on Tablet, Remote Play on TV, Family Sharing",True,True,True,88,127440,"Help Madeline survive her inner demons on her journey to the top of Celeste Mountain, in this super-tight platformer from the creators of TowerFall. Brave hundreds of hand-crafted challenges, uncover devious secrets, and piece together the mystery of the mountain.",https://shared.akamai.steamstatic.com/store_item_assets/steam/apps/504230/header.jpg?t=1714089525,http://www.celestegame.com,http://www.celestegame.com,contact.celestegame@gmail.com,,,,142123,138456,3667,142123,0.9741984056064114,9,Overwhelmingly Positive,False,,,,,,,,,,,,,,,,,start5000_limit5000_20260614T200239Z,5000,5000,2026-06-14T20:40:37.134309+00:00,,,,,,,,,
457140,Oxygen Not Included,8465,True,False,False,systemic/player-role,Simulation,2,,game,Oxygen Not Included,False,0,False,"Jul 30, 2019",Klei Entertainment,Klei Entertainment,"Indie, Simulation","Single-player, Steam Trading Cards, Family Sharing",True,True,True,85,132619,"Oxygen Not Included is a space-colony simulation game. Deep inside an alien space rock your industrious crew will need to master science, overcome strange new lifeforms, and harness incredible space tech to survive, and possibly, thrive.",https://shared.akamai.steamstatic.com/store_item_assets/steam/apps/457140/header.jpg?t=1781198471,https://www.kleientertainment.com/games/oxygen-not-included,http://support.kleientertainment.com,livesupport@kleientertainment.com,,,,141057,136503,4554,141057,0.9677151789702036,9,Overwhelmingly Positive,True,,,,,,,,,,,,,,,,,start5000_limit5000_20260614T200239Z,5000,5000,2026-06-14T20:13:07.735817+00:00,,,,,,,,,
361420,ASTRONEER,5233,True,False,False,action/adventure protagonist,Adventure,1,,game,ASTRONEER,False,0,False,"Feb 5, 2019",System Era Softworks,System Era Softworks,"Adventure, Indie","Single-player, Multi-player, Co-op, Online Co-op, Steam Achievements, Full controller support, Steam Cloud, Remote Play on Tablet, Remote Play on TV, Family Sharing",True,False,False,,117934,"Interact with strange new worlds in a unique and tactile way, molding the environment itself as if it were clay in your hands. Build your base, master resource management, automate your production lines, and more as you unravel the mysteries of the universe, alone or with friends.",https://shared.akamai.steamstatic.com/store_item_assets/steam/apps/361420/1c44099d86c824a6fd1098a4215097878d68664e/header.jpg?t=1770767049,https://astroneer.space/,https://astroneer.space/support,support@systemera.net,,,,138204,127071,11133,138204,0.9194451680125032,8,Very Positive,True,,,,,,,,,,,,,,,,,start5000_limit5000_20260614T200239Z,5000,5000,2026-06-14T20:03:13.286792+00:00,,,,,,,,,
204360,Castle Crashers®,1236,True,True,False,RPG/character progression,"Action, Adventure, RPG, Singleplayer",7,"2D, Online Co-Op, Co-op, Beat 'em up, Hack and Slash, Funny, Adventure, 4 Player Local, Local Co-Op, Multiplayer, Local Multiplayer, Action, Singleplayer, Medieval, Cartoony, Cute, Comedy, RPG, Arcade, Casual",game,Castle Crashers®,False,0,False,"Sep 26, 2012",The Behemoth,The Behemoth,"Action, Adventure, Casual, Indie, RPG","Single-player, Multi-player, PvP, Online PvP, Shared/Split Screen PvP, Co-op, Online Co-op, Shared/Split Screen Co-op, Shared/Split Screen, Steam Achievements, Full controller support, Steam Trading Cards, Steam Workshop, Custom Volume Controls, Stereo Sound, Steam Cloud, Steam Leaderboards, Remote Play on Phone, Remote Play on Tablet, Remote Play on TV, Remote Play Together, Family Sharing",True,True,False,,106896,"Hack, slash, and smash your way to victory in this award winning 2D arcade adventure from The Behemoth!",https://shared.akamai.steamstatic.com/store_item_assets/steam/apps/204360/header.jpg?t=1764096331,https://www.thebehemoth.com,https://support.thebehemoth.com,support@thebehemoth.com,"5,000,000 .. 10,000,000",0,0,137603,132353,5250,137603,0.9618467620618736,9,Overwhelmingly Positive,True,,,,,,,,,,,,,,,,,start0_limit5000_20260614T210511Z,0,5000,2026-06-14T21:06:12.513650+00:00,,,,,,,,,
236850,Europa Universalis IV,1733,True,True,False,systemic/player-role,"4X, Grand Strategy, Management, Political, Sandbox, Simulation, Singleplayer, Strategy",15,"Grand Strategy, Strategy, Historical, Simulation, 4X, Alternate History, Military, Wargame, Diplomacy, Economy, Replay Value, Sandbox, Political, Real-Time with Pause, Moddable, Nonlinear, Co-op, Singleplayer, Management, Multiplayer",game,Europa Universalis IV,False,0,False,"Aug 13, 2013","Paradox Development Studio, Paradox Tinto",Paradox Interactive,"Simulation, Strategy","Single-player, Multi-player, PvP, Online PvP, Co-op, Online Co-op, Cross-Platform Multiplayer, Steam Achievements, Steam Trading Cards, Steam Workshop, Steam Cloud, Family Sharing",True,True,True,87,95199,"Rule your land and dominate the world with unparalleled freedom, depth and historical accuracy. Write a new history of the world and build an empire for the ages.",https://shared.akamai.steamstatic.com/store_item_assets/steam/apps/236850/header.jpg?t=1778249292,http://www.europauniversalis4.com,http://support.paradoxplaza.com,support@paradoxplaza.com,"5,000,000 .. 10,000,000",0,0,136581,119687,16894,136581,0.8763078319824866,8,Very Positive,True,,,,,,,,,,,,,,,,,start0_limit5000_20260614T210511Z,0,5000,2026-06-14T21:06:41.255562+00:00,,,,,,,,,
238320,Outlast,1759,True,True,False,survival/sandbox or horror,"Action, Adventure, First-Person, Horror, Psychological Horror, Singleplayer, Stealth, Survival, Survival Horror, Walking Simulator",14,"Horror, First-Person, Survival Horror, Atmospheric, Psychological Horror, Gore, Singleplayer, Survival, Dark, Adventure, Action, Multiplayer, Indie, Stealth, Nudity, Parkour, Difficult, Walking Simulator, 3D Vision, Sci-fi",game,Outlast,False,0,False,"Sep 4, 2013",Red Barrels,Red Barrels,"Action, Adventure, Indie","Single-player, Steam Achievements, Full controller support, Steam Trading Cards, Captions available, Steam Cloud, Remote Play on TV, Family Sharing",True,True,True,80,102007,"Hell is an experiment you can't survive in Outlast, a first-person survival horror game developed by veterans of some of the biggest game franchises in history. As investigative journalist Miles Upshur, explore Mount Massive Asylum and try to survive long enough to discover its terrible secret... if you dare.",https://shared.akamai.steamstatic.com/store_item_assets/steam/apps/238320/header.jpg?t=1666817106,http://redbarrelsgames.com/,,support@redbarrelsgames.com,"2,000,000 .. 5,000,000",0,0,136177,131354,4823,136177,0.964582859073118,9,Overwhelmingly Positive,True,,,,,,,,,,,,,,,,,start0_limit5000_20260614T210511Z,0,5000,2026-06-14T21:06:42.252765+00:00,,,,,,,,,
286690,Metro 2033 Redux,2814,True,True,False,narrative/protagonist-heavy,"Action, Adventure, FPS, First-Person, Horror, Open World, Shooter, Singleplayer, Stealth, Story Rich, Survival, Survival Horror",20,"Post-apocalyptic, FPS, Atmospheric, Story Rich, Horror, Action, Singleplayer, First-Person, Shooter, Stealth, Survival Horror, Based On A Novel, Survival, Adventure, Multiplayer, Remake, Gore, Mature, Classic, Open World",game,Metro 2033 Redux,False,0,False,"Aug 25, 2014",4A Games,Deep Silver,Action,"Single-player, Steam Achievements, Full controller support, Steam Trading Cards, Steam Cloud, Family Sharing",True,True,True,,90924,"In 2013 the world was devastated by an apocalyptic event, annihilating almost all mankind and turning the Earth's surface into a poisonous wasteland. A handful of survivors took refuge in the depths of the Moscow underground, and human civilization entered a new Dark Age. The year is 2033.",https://shared.akamai.steamstatic.com/store_item_assets/steam/apps/286690/header.jpg?t=1741110084,http://www.metrothegame.com/,https://support.deepsilver.com/games,,"5,000,000 .. 10,000,000",0,0,135430,124855,10575,135430,0.9219153806394448,8,Very Positive,True,,,,,,,,,,,,,,,,,start0_limit5000_20260614T210511Z,0,5000,2026-06-14T21:08:41.501566+00:00,,,,,,,,,
714010,Aimlabs,17434,False,False,False,systemic/player-role,"Action, Adventure, Simulation",4,,game,Aimlabs,True,0,False,"Jun 16, 2023",Statespace,Statespace,"Action, Adventure, Casual, Indie, Simulation, Free To Play","Single-player, Steam Achievements, Full controller support, Steam Workshop, In-App Purchases, Steam Cloud, Stats, Steam Leaderboards, Includes level editor",True,False,False,,262,"Aimlabs is the aim trainer of choice for over 45 Million players, from beginners to esports pros. Our unique aim analysis optimizes your gameplay, targets your weaknesses &amp; builds key skills for any FPS game! Time to warm up with our unlimited scenarios &amp; rank up in-game!",https://shared.akamai.steamstatic.com/store_item_assets/steam/apps/714010/a5712137e4f796f6047537dde05225deabbb744d/header_alt_assets_9.jpg?t=1778613667,https://www.aimlabs.com,https://support.aimlabs.com/hc/en-us/,info@statespacelabs.com,,,,135296,123456,11840,135296,0.9124881740775781,8,Very Positive,False,,,,,,,,,,,,,,,,,start10000_limit20000_20260615T073020Z,10000,20000,2026-06-15T13:15:34.566363+00:00,,,,,,,,,
323190,Frostpunk,3866,True,True,False,narrative/protagonist-heavy,"Base-Building, Building, Choices Matter, City Builder, Colony Sim, Management, RTS, Resource Management, Simulation, Singleplayer, Strategy, Survival",25,"City Builder, Survival, Resource Management, Strategy, Post-apocalyptic, Steampunk, Colony Sim, Building, Base-Building, Singleplayer, Simulation, Management, Choices Matter, Atmospheric, Economy, Dark, Difficult, RTS, Great Soundtrack, Real-Time with Pause",game,Frostpunk,False,17,False,"Apr 24, 2018",11 bit studios,11 bit studios,"Simulation, Strategy","Single-player, Steam Achievements, Steam Trading Cards, Steam Cloud, Remote Play on Phone, Remote Play on Tablet, Family Sharing",True,True,False,84,112575,"Frostpunk is the first society survival game. As the ruler of the last city on Earth, it is your duty to manage both its citizens and infrastructure. What decisions will you make to ensure your society's survival? What will you do when pushed to breaking point? Who will you become in the process?",https://shared.akamai.steamstatic.com/store_item_assets/steam/apps/323190/abcd2bf3c275092d637d7dd98e0061dbdd2fd2da/header.jpg?t=1780912774,http://www.frostpunkgame.com/,http://forum.11bitstudios.com/,techsupport@11bitstudios.com,"2,000,000 .. 5,000,000",0,0,135258,125410,9848,135258,0.9271909979446687,8,Very Positive,True,,,,,,,,,,,,,,,,,start0_limit5000_20260614T210511Z,0,5000,2026-06-14T21:12:28.177087+00:00,,,,,,,,,
223470,POSTAL 2,1531,True,True,False,survival/sandbox or horror,"Action, Adventure, FPS, First-Person, Open World, Sandbox, Shooter, Singleplayer, Third Person",13,"Violent, Dark Humor, Open World, Mature, First-Person, Funny, Comedy, Sandbox, Moddable, Third Person, Gore, FPS, Action, Dark Comedy, Singleplayer, Multiplayer, Shooter, Classic, Adventure, Satire",game,POSTAL 2,False,18,False,"Nov 2, 2012",Running With Scissors,Running With Scissors,"Action, Adventure, Indie","Single-player, Steam Achievements, Full controller support, Steam Trading Cards, Steam Workshop, Steam Cloud, Includes level editor, Family Sharing",True,False,True,59,114364,"Live a week in the life of &quot;The POSTAL Dude&quot;; a hapless everyman just trying to check off some chores. Buying milk, returning an overdue library book, getting Gary Coleman's autograph, what could possibly go wrong?",https://shared.akamai.steamstatic.com/store_item_assets/steam/apps/223470/header.jpg?t=1726251082,http://www.runningwithscissors.com,www.runningwithscissors.com,gamesupport@runningwithscissors.com,"5,000,000 .. 10,000,000",0,0,134096,130016,4080,134096,0.969574036511156,9,Overwhelmingly Positive,True,,,,,,,,,,,,,,,,,start0_limit5000_20260614T210511Z,0,5000,2026-06-14T21:06:28.009252+00:00,,,,,,,,,
244850,Space Engineers,1861,True,True,False,systemic/player-role,"Action, Adventure, Building, Open World, Open World Survival Craft, Sandbox, Simulation, Singleplayer, Strategy, Survival",15,"Space, Sandbox, Building, Open World Survival Craft, Multiplayer, Survival, Simulation, Open World, Physics, Crafting, Destruction, Co-op, Futuristic, Sci-fi, Indie, Singleplayer, Action, Strategy, Adventure, Early Access",game,Space Engineers,False,0,False,"Feb 28, 2019",Keen Software House,Keen Software House,"Action, Indie, Simulation, Strategy","Single-player, Multi-player, PvP, Online PvP, Co-op, Cross-Platform Multiplayer, Steam Achievements, Steam Workshop, Partial Controller Support, Steam Cloud, Includes level editor, Family Sharing",True,False,False,,102111,"Space Engineers is a sandbox engineering game where you design and build ships, stations, and planetary bases in a fully destructible environment. Explore planets and space, mine resources, survive hazards, and engage in combat alone or with friends in Creative or Survival modes.",https://shared.akamai.steamstatic.com/store_item_assets/steam/apps/244850/1ec501a4be57139dd10219dc6b8434cef26984c5/header.jpg?t=1777915333,http://www.SpaceEngineersGame.com,https://support.keenswh.com/spaceengineers,support@keenswh.com,"2,000,000 .. 5,000,000",0,0,133837,118964,14873,133837,0.8888722849436255,8,Very Positive,True,,,,,,,,,,,,,,,,,start0_limit5000_20260614T210511Z,0,5000,2026-06-14T21:06:51.818414+00:00,,,,,,,,,
412020,Metro Exodus,7000,True,False,False,action/adventure protagonist,Action,1,,game,Metro Exodus,False,0,False,"Feb 14, 2020",4A Games,Deep Silver,Action,"Single-player, Steam Achievements, Full controller support, Steam Trading Cards, Steam Cloud, Remote Play on Phone, Remote Play on Tablet, Remote Play on TV, Family Sharing",True,True,True,85,114645,"Flee the shattered ruins of the Moscow Metro and embark on an epic, continent-spanning journey across the post-apocalyptic Russian wilderness. Explore vast, non-linear levels, lose yourself in an immersive, sandbox survival experience, and follow a thrilling story-line that spans an entire year in the greatest Metro adventure yet.",https://shared.akamai.steamstatic.com/store_item_assets/steam/apps/412020/header.jpg?t=1750772804,http://metrothegame.com/,http://www.deepsilver.com/us/support/ - http://www.deepsilver.com/en/support/ - http://www.deepsilver.com/es/support/ - http://www.deepsilver.com/fr/support/ - http://www.deepsilver.com/it/support/ - http://www.deepsilver.com/de/support/,US: techsupport@deepsilver.com - UK: support@kochmedia.co.uk - ESP: soporte@kochmedia.com - ITA: assistenza@deepsilver.net - DE: kundenservice@kochmedia.com,,,,132672,119369,13303,132672,0.8997301616015436,8,Very Positive,True,,,,,,,,,,,,,,,,,start5000_limit5000_20260614T200239Z,5000,5000,2026-06-14T20:08:34.400244+00:00,,,,,,,,,
581320,Insurgency: Sandstorm,12655,False,False,False,action/adventure protagonist,Action,1,,game,Insurgency: Sandstorm,False,17,False,"Dec 12, 2018",New World Interactive,Focus Entertainment,Action,"Multi-player, PvP, Online PvP, Co-op, Online Co-op, Cross-Platform Multiplayer, Steam Achievements, Full controller support, Steam Trading Cards, Steam Cloud, Stats, Family Sharing",True,False,False,78,103390,"Insurgency: Sandstorm is a hardcore tactical FPS built on lethal close-quarters combat and ruthless intensity. Every bullet count, every step matters, and teamwork is your only path to survival in the brutality of modern warfare.",https://shared.akamai.steamstatic.com/store_item_assets/steam/apps/581320/header_alt_assets_3.jpg?t=1779984920,https://www.focus-entmt.com/games/insurgency-sandstorm,https://support.newworldinteractive.com/,support@newworldinteractive.com,,,,132362,112328,20034,132362,0.8486423595896103,8,Very Positive,False,,,,,,,,,,,,,,,,,start10000_limit20000_20260615T073020Z,10000,20000,2026-06-15T09:29:52.698539+00:00,,,,,,,,,
335300,DARK SOULS™ II: Scholar of the First Sin,4231,True,True,False,narrative/protagonist-heavy,"Action, Action RPG, Adventure, Character Customization, Lore-Rich, RPG, Singleplayer, Story Rich, Third Person",19,"Souls-like, Dark Fantasy, RPG, Difficult, Action, Third Person, Atmospheric, Action RPG, Character Customization, Co-op, Multiplayer, Adventure, Fantasy, Medieval, Dark, Singleplayer, Lore-Rich, Story Rich, PvP, Remake",game,DARK SOULS™ II: Scholar of the First Sin,False,13,False,"Apr 1, 2015","FromSoftware, Inc.","Bandai Namco Entertainment, FromSoftware, Inc.","Action, RPG","Single-player, Multi-player, Co-op, Steam Achievements, Full controller support, Remote Play on Phone, Remote Play on Tablet, Remote Play on TV, Family Sharing",True,False,False,79,82317,"DARK SOULS™ II: Scholar of the First Sin brings the franchise’s renowned obscurity &amp; gripping gameplay to a new level. Join the dark journey and experience overwhelming enemy encounters, diabolical hazards, and unrelenting challenge.",https://shared.akamai.steamstatic.com/store_item_assets/steam/apps/335300/header.jpg?t=1760721873,https://www.bandainamcoent.com/games/dark-souls-ii,http://www.bandainamcogames.com,,"2,000,000 .. 5,000,000",0,0,129548,108732,20816,129548,0.8393182449748355,8,Very Positive,True,,,,,,,,,,,,,,,,,start0_limit5000_20260614T210511Z,0,5000,2026-06-14T21:14:43.388970+00:00,,,,,,,,,
220240,Far Cry 3,1484,True,True,False,narrative/protagonist-heavy,"Action, Adventure, FPS, First-Person, Open World, RPG, Sandbox, Shooter, Singleplayer, Stealth, Story Rich, Survival",20,"Open World, FPS, Action, Adventure, Multiplayer, Shooter, Stealth, Co-op, First-Person, Hunting, Singleplayer, Sandbox, Story Rich, Survival, Online Co-Op, Nudity, Atmospheric, Crafting, Colorful, RPG",game,Far Cry 3,False,17,False,"Dec 4, 2012","Ubisoft Montreal, Massive Entertainment, and Ubisoft Shanghai",Ubisoft,"Action, Adventure","Single-player, Multi-player, Co-op, Steam Achievements, Partial Controller Support",True,False,False,88,118707,Discover the dark secrets of a lawless island ruled by violence and take the fight to the enemy as you try to escape. You’ll need more than luck to escape alive!,https://shared.akamai.steamstatic.com/store_item_assets/steam/apps/220240/header.jpg?t=1752169206,http://farcrygame.com,http://support.ubi.com,,"2,000,000 .. 5,000,000",0,0,129334,114236,15098,129334,0.8832634883325343,8,Very Positive,True,,,,,,,,,,,,,,,,,start0_limit5000_20260614T210511Z,0,5000,2026-06-14T21:06:26.234105+00:00,,,,,,,,,
232090,Killing Floor 2,1650,True,True,False,survival/sandbox or horror,"Action, Character Customization, FPS, First-Person, Horror, Shooter, Survival, Survival Horror, Zombies",15,"Zombies, Multiplayer, Online Co-Op, Gore, FPS, Post-apocalyptic, Hack and Slash, Horror, Shooter, Action, Moddable, First-Person, Survival, Co-op, Survival Horror, Team-Based, Atmospheric, PvE, Character Customization, Dark",game,Killing Floor 2,False,17,False,"Nov 18, 2016",Tripwire Interactive,Tripwire Interactive,Action,"Single-player, Multi-player, PvP, Online PvP, Co-op, Online Co-op, Steam Achievements, Full controller support, Steam Trading Cards, Steam Workshop, In-App Purchases, Valve Anti-Cheat enabled, Includes level editor, Remote Play on Tablet, Remote Play on TV, Family Sharing",True,False,False,75,87565,"In KILLING FLOOR 2, players descend into continental Europe after it has been overrun by horrific, murderous clones called Zeds that were created by rogue elements of the Horzine Corporation. 6-player Co-Op &amp; 12-player VS Zed-slaughtering mayhem.",https://shared.akamai.steamstatic.com/store_item_assets/steam/apps/232090/header.jpg?t=1774538987,http://www.killingfloor2.com,http://support.killingfloor2.com,,"2,000,000 .. 5,000,000",0,0,128899,113793,15106,128899,0.8828074694140373,8,Very Positive,True,,,,,,,,,,,,,,,,,start0_limit5000_20260614T210511Z,0,5000,2026-06-14T21:06:37.886220+00:00,,,,,,,,,
632470,Disco Elysium - The Final Cut,14342,True,True,False,narrative/protagonist-heavy,"Adventure, CRPG, Character Customization, Choices Matter, Detective, Open World, Point & Click, Political, RPG, Singleplayer, Story Rich, Visual Novel",29,"RPG, Story Rich, Choices Matter, Detective, Isometric, Atmospheric, Singleplayer, Point & Click, CRPG, Noir, Political, Surreal, Visual Novel, Exploration, Funny, Indie, Adventure, Open World, Character Customization, Sexual Content",game,Disco Elysium - The Final Cut,False,0,False,"Oct 15, 2019",ZA/UM,ZA/UM,RPG,"Single-player, Steam Achievements, Full controller support, Steam Trading Cards, Steam Cloud, Remote Play on Tablet, Family Sharing",True,True,False,97,115091,"Disco Elysium - The Final Cut is a groundbreaking role playing game. You’re a detective with a unique skill system at your disposal and a whole city to carve your path across. Interrogate unforgettable characters, crack murders or take bribes. Become a hero or an absolute disaster of a human being.",https://shared.akamai.steamstatic.com/store_item_assets/steam/apps/632470/816ea59d6d8ac525f79a07c3a7afa94eddb3437c/header.jpg?t=1780913406,http://www.zaumstudio.com,http://www.zaumstudio.com,,"2,000,000 .. 5,000,000",0,0,127503,118117,9386,127503,0.9263860458185298,8,Very Positive,True,,,,,,,,,,,,,,,,,start10000_limit20000_20260615T073020Z,10000,20000,2026-06-15T10:49:08.387478+00:00,,,,,,,,,
225540,Just Cause™ 3,1565,True,True,False,RPG/character progression,"Action, Adventure, Open World, RPG, Sandbox, Shooter, Singleplayer, Third Person, Third-Person Shooter",14,"Open World, Action, Destruction, Third-Person Shooter, Multiplayer, Singleplayer, Shooter, Adventure, Sandbox, Third Person, Exploration, Physics, Funny, Atmospheric, Co-op, Parkour, Comedy, Great Soundtrack, Moddable, RPG",game,Just Cause™ 3,False,17,False,"Nov 30, 2015",Avalanche Studios,Square Enix,"Action, Adventure","Single-player, Steam Achievements, Full controller support, Steam Trading Cards, Steam Cloud, Remote Play on Phone, Remote Play on Tablet, Remote Play on TV, Family Sharing",True,False,False,74,103292,"With over 1000 km² of complete freedom from sky to seabed, Rico Rodriguez returns to unleash chaos in the most creative and explosive ways imaginable.",https://shared.akamai.steamstatic.com/store_item_assets/steam/apps/225540/header.jpg?t=1766058472,https://justcause.com/,http://sqex.to/steamsupport,,"5,000,000 .. 10,000,000",0,0,126989,107085,19904,126989,0.8432620148201813,8,Very Positive,True,,,,,,,,,,,,,,,,,start0_limit5000_20260614T210511Z,0,5000,2026-06-14T21:06:29.250033+00:00,,,,,,,,,
582160,Assassin's Creed® Origins,12681,False,False,False,RPG/character progression,"Action, Adventure, RPG",4,,game,Assassin's Creed® Origins,False,17,False,"Oct 26, 2017",Ubisoft Montreal,Ubisoft,"Action, Adventure, RPG","Single-player, Steam Achievements, Steam Trading Cards, Captions available, In-App Purchases, Camera Comfort, Custom Volume Controls, Adjustable Difficulty, Keyboard Only Option, Mouse Only Option, Playable without Timed Input, Save Anytime, Stereo Sound, Surround Sound, Partial Controller Support, Remote Play on Tablet, HDR available",True,False,False,,117758,"Explore Ancient Egypt in this action-adventure game. Battle powerful enemies, unveil conspiracies, and discover the origin story of the Assassin’s Brotherhood.",https://shared.akamai.steamstatic.com/store_item_assets/steam/apps/582160/header.jpg?t=1777477123,http://assassinscreed.ubisoft.com,http://support.ubi.com,,,,,126839,108928,17911,126839,0.8587894890372835,8,Very Positive,False,,,,,,,,,,,,,,,,,start10000_limit20000_20260615T073020Z,10000,20000,2026-06-15T09:31:01.417463+00:00,,,,,,,,,
674940,Stick Fight: The Game,15886,False,False,False,action/adventure protagonist,Action,1,,game,Stick Fight: The Game,False,0,False,"Sep 28, 2017",Landfall West,Landfall,"Action, Casual, Indie","Multi-player, PvP, Online PvP, Shared/Split Screen PvP, Shared/Split Screen, Partial Controller Support, Remote Play on Phone, Remote Play on Tablet, Remote Play Together, Family Sharing",True,True,False,,99656,Stick Fight is a physics-based couch/online fighting game where you battle it out as the iconic stick figures from the golden age of the internet.,https://shared.akamai.steamstatic.com/store_item_assets/steam/apps/674940/header.jpg?t=1730715399,http://landfall.se/stickfightthegame/,landfall.se,Support@landfall.se,,,,124989,116849,8140,124989,0.9348742689356664,8,Very Positive,False,,,,,,,,,,,,,,,,,start10000_limit20000_20260615T073020Z,10000,20000,2026-06-15T12:01:08.127030+00:00,,,,,,,,,
513710,SCUM,10239,False,False,False,action/adventure protagonist,"Action, Adventure",2,,game,SCUM,False,0,False,"Jun 17, 2025",Gamepires,Gamepires,"Action, Adventure, Indie, Massively Multiplayer","Single-player, Multi-player, MMO, PvP, Online PvP, Co-op, Online Co-op, Steam Achievements, Steam Trading Cards, Camera Comfort, Custom Volume Controls, Adjustable Difficulty, Stereo Sound, Surround Sound, Stats",True,False,False,,97022,"Welcome to SCUM, a ruthless open-world survival game where deep character customization defines the prisoner you become. Loot, craft, hunt, build, and fight to outlast a hostile island where every choice can change your fate. Stay alive. Stay dangerous. Become harder to kill.",https://shared.akamai.steamstatic.com/store_item_assets/steam/apps/513710/d4ed90b822bbc7c3031ba691aa24e02a5d68a0bf/header_alt_assets_1.jpg?t=1779716240,http://scum.game,https://help.scum.game,scumgame@gamepires.com,,,,124766,92592,32174,124766,0.7421252584838818,6,Mostly Positive,False,,,,,,,,,,,,,,,,,start10000_limit20000_20260615T073020Z,10000,20000,2026-06-15T07:41:00.644133+00:00,,,,,,,,,
222880,Insurgency,1522,True,True,False,systemic/player-role,"Action, Adventure, FPS, First-Person, Shooter, Simulation, Singleplayer, Strategy, Tactical",12,"FPS, Realistic, Tactical, Multiplayer, Shooter, Action, Military, Team-Based, Co-op, First-Person, War, Strategy, Online Co-Op, Competitive, Indie, PvP, Simulation, Singleplayer, Atmospheric, Adventure",game,Insurgency,False,0,False,"Jan 22, 2014",New World Interactive,New World Interactive,"Action, Indie, Strategy","Multi-player, Co-op, Cross-Platform Multiplayer, Steam Achievements, Full controller support, Steam Trading Cards, Steam Workshop, Valve Anti-Cheat enabled, Includes level editor, Family Sharing",True,True,True,74,86406,"Take to the streets for intense close quarters combat, where a team's survival depends upon securing crucial strongholds and destroying enemy supply in this multiplayer and cooperative Source Engine based experience.",https://shared.akamai.steamstatic.com/store_item_assets/steam/apps/222880/header.jpg?t=1758742858,https://www.newworldinteractive.com,,support@newworldinteractive.com,"2,000,000 .. 5,000,000",0,0,124704,114348,10356,124704,0.916955350269438,8,Very Positive,True,,,,,,,,,,,,,,,,,start0_limit5000_20260614T210511Z,0,5000,2026-06-14T21:06:27.772694+00:00,,,,,,,,,
211820,Starbound,1366,True,True,False,RPG/character progression,"Action, Adventure, Building, Open World, Open World Survival Craft, RPG, Sandbox, Survival",10,"Open World Survival Craft, Sandbox, Survival, Space, Adventure, Crafting, Pixel Graphics, Online Co-Op, Multiplayer, Open World, Exploration, Relaxing, Indie, 2D, Action, Building, Co-op, RPG, Atmospheric, Sci-fi",game,Starbound,False,0,False,"Jul 22, 2016",Chucklefish,Chucklefish,"Action, Adventure, Casual, Indie, RPG","Single-player, Multi-player, PvP, Online PvP, Co-op, Online Co-op, Cross-Platform Multiplayer, Steam Achievements, Steam Trading Cards, Steam Workshop, Family Sharing",True,True,True,81,120582,"You’ve fled your home, only to find yourself lost in space with a damaged ship. Your only option is to beam down to the planet below, repair your ship and set off to explore the universe...",https://shared.akamai.steamstatic.com/store_item_assets/steam/apps/211820/3ec8855d056d8695de0256594f893a9e3cb826e3/header.jpg?t=1767622909,https://www.playstarbound.com,https://playstarbound.com/support,,"2,000,000 .. 5,000,000",0,0,123020,110840,12180,123020,0.9009917086652576,8,Very Positive,True,,,,,,,,,,,,,,,,,start0_limit5000_20260614T210511Z,0,5000,2026-06-14T21:06:22.017509+00:00,,,,,,,,,
219150,Hotline Miami,1468,True,True,False,action/adventure protagonist,"Action, Shooter, Singleplayer, Top-Down Shooter",5,"Great Soundtrack, Violent, Action, Indie, Pixel Graphics, Top-Down, Gore, 1980s, Fast-Paced, Retro, Psychedelic, Difficult, Singleplayer, Surreal, 2D, Shooter, Top-Down Shooter, Atmospheric, Addictive, Music",game,Hotline Miami,False,17,False,"Oct 23, 2012",Dennaton Games,Devolver Digital,"Action, Indie","Single-player, Steam Achievements, Full controller support, Steam Trading Cards, Steam Cloud, Steam Leaderboards, Family Sharing",True,True,True,85,104440,"Hotline Miami is a high-octane action game overflowing with raw brutality, hard-boiled gunplay and skull crushing close combat.",https://shared.akamai.steamstatic.com/store_item_assets/steam/apps/219150/header.jpg?t=1686261983,https://www.hotlinemiami.com/,http://www.dennaton.com,support@devolverdigital.com,"2,000,000 .. 5,000,000",0,0,122584,118873,3711,122584,0.969726881159042,9,Overwhelmingly Positive,True,,,,,,,,,,,,,,,,,start0_limit5000_20260614T210511Z,0,5000,2026-06-14T21:06:25.806465+00:00,,,,,,,,,
305620,The Long Dark,3370,True,True,False,systemic/player-role,"Action, Adventure, First-Person, Open World, Open World Survival Craft, Sandbox, Simulation, Singleplayer, Strategy, Survival, Survival Horror, Walking Simulator",19,"Survival, Open World Survival Craft, Open World, Exploration, Atmospheric, Singleplayer, First-Person, Adventure, Crafting, Sandbox, Simulation, Post-apocalyptic, Indie, Walking Simulator, Survival Horror, Strategy, Difficult, Co-op, Action, Early Access",game,The Long Dark,False,0,False,"Aug 1, 2017",Hinterland Studio Inc.,Hinterland Studio Inc.,"Adventure, Indie, Simulation, Strategy","Single-player, Steam Achievements, Full controller support, Steam Trading Cards, Steam Cloud, Remote Play on TV, Family Sharing",True,True,True,,110329,"THE LONG DARK is a thoughtful, exploration-survival experience that challenges solo players to think for themselves as they explore an expansive frozen wilderness in the aftermath of a geomagnetic disaster. There are no zombies -- only you, the cold, and all the threats Mother Nature can muster.",https://shared.akamai.steamstatic.com/store_item_assets/steam/apps/305620/3d41bec8760d9c7fc2b724317229630d644c8f46/header.jpg?t=1780689206,http://www.thelongdark.com,https://hinterlandgames.com/support,,"2,000,000 .. 5,000,000",0,0,122208,108769,13439,122208,0.8900317491489919,8,Very Positive,True,,,,,,,,,,,,,,,,,start0_limit5000_20260614T210511Z,0,5000,2026-06-14T21:10:32.577688+00:00,,,,,,,,,
418370,Resident Evil 7 Biohazard,7207,True,True,False,narrative/protagonist-heavy,"Action, Adventure, FPS, First-Person, Horror, Psychological Horror, Shooter, Singleplayer, Story Rich, Survival, Survival Horror, Zombies",19,"Horror, Survival Horror, First-Person, Singleplayer, Gore, Atmospheric, Zombies, VR, Psychological Horror, Action, Violent, Survival, Puzzle, Story Rich, Adventure, Multiplayer, FPS, Exploration, Shooter, Classic",game,Resident Evil 7 Biohazard,False,17,False,"Jan 23, 2017","CAPCOM Co., Ltd.","CAPCOM Co., Ltd.","Action, Adventure","Single-player, Steam Achievements, Full controller support, Steam Trading Cards, Steam Cloud, HDR available, Family Sharing",True,False,False,83,83871,Fear and isolation seep through the walls of an abandoned southern farmhouse. &quot;7&quot; marks a new beginning for survival horror with the “Isolated View” of the visceral new first-person perspective.,https://shared.akamai.steamstatic.com/store_item_assets/steam/apps/418370/header.jpg?t=1778464947,,http://www.capcom.co.jp/support/contact/,,"2,000,000 .. 5,000,000",0,0,121785,116066,5719,121785,0.9530401937841276,9,Overwhelmingly Positive,True,,,,,,,,,,,,,,,,,start5000_limit5000_20260614T200239Z,5000,5000,2026-06-14T20:09:00.604492+00:00,,,,,,,,,
594570,Total War: WARHAMMER II,13103,False,False,False,systemic/player-role,"Action, Strategy",3,,game,Total War: WARHAMMER II,False,0,False,"Sep 28, 2017","CREATIVE ASSEMBLY, Feral Interactive (Mac), Feral Interactive (Linux)","SEGA, Feral Interactive (Mac), Feral Interactive (Linux)","Action, Strategy","Single-player, Multi-player, PvP, Online PvP, LAN PvP, Co-op, Online Co-op, LAN Co-op, Steam Achievements, Steam Trading Cards, Steam Workshop, Camera Comfort, Color Alternatives, Custom Volume Controls, Adjustable Difficulty, Playable without Timed Input, Save Anytime, Stereo Sound, Surround Sound, Remote Play on Tablet, Family Sharing",True,True,True,87,87789,"The forces of Lustria await your command. Choose your Legendary Lord, expand your armies, forge alliances in a strategic turn-based campaign, and unleash the might of your monstrous forces in fast-paced real-time battles.",https://shared.akamai.steamstatic.com/store_item_assets/steam/apps/594570/header.jpg?t=1780389571,,http://support.sega.co.uk,,,,,121366,112866,8500,121366,0.9299639108152201,8,Very Positive,False,,,,,,,,,,,,,,,,,start10000_limit20000_20260615T073020Z,10000,20000,2026-06-15T09:50:00.013322+00:00,,,,,,,,,
774171,Muse Dash,19757,False,False,False,action/adventure protagonist,Action,1,,game,Muse Dash,False,0,False,"Jun 19, 2019",peropero,hasuhasu,"Action, Casual, Indie","Single-player, Partial Controller Support, Steam Cloud, Remote Play on Phone, Remote Play on Tablet, Remote Play on TV, Family Sharing",True,True,False,,115316,Paradise of parkour &amp; rhythm game ★★★ — Muse Dash!!,https://shared.akamai.steamstatic.com/store_item_assets/steam/apps/774171/header.jpg?t=1756199346,https://musedash.peropero.net/,https://service.peropero.net/#/new,md_player@hasuhasu.com,,,,120961,110658,10303,120961,0.9148237861790164,8,Very Positive,False,,,,,,,,,,,,,,,,,start10000_limit20000_20260615T073020Z,10000,20000,2026-06-15T15:07:26.877915+00:00,,,,,,,,,
386360,SMITE®,6139,True,False,False,RPG/character progression,"Action, Adventure, RPG, Simulation, Strategy",8,,game,SMITE®,True,0,False,"Sep 8, 2015",Titan Forge Games,Hi-Rez Studios,"Action, Adventure, Casual, Indie, Massively Multiplayer, RPG, Simulation, Strategy, Free To Play","Multi-player, PvP, Steam Achievements, Full controller support, Steam Trading Cards, In-App Purchases",True,False,False,83,1390,"Join 40+ million players in SMITE, the Battleground of the Gods! Wield Thor’s hammer, turn your foes to stone as Medusa, or flex your divine power as one of 100+ other mythological icons. Become a God and play FREE today!",https://shared.akamai.steamstatic.com/store_item_assets/steam/apps/386360/header.jpg?t=1764627618,https://www.smitegame.com,https://www.hirezstudios.com/support/,smitesupport@hirezstudios.com ​,,,,119896,94358,25538,119896,0.7869987322346034,6,Mostly Positive,True,,,,,,,,,,,,,,,,,start5000_limit5000_20260614T200239Z,5000,5000,2026-06-14T20:05:27.102627+00:00,,,,,,,,,
387990,Scrap Mechanic,6193,True,False,False,systemic/player-role,"Action, Adventure, Simulation",4,,game,Scrap Mechanic,False,0,False,"Jan 19, 2016",Axolot Games,Axolot Games,"Action, Adventure, Indie, Simulation, Early Access","Single-player, Multi-player, Co-op, Online Co-op, Steam Workshop, Steam Cloud, Includes level editor, Family Sharing",True,False,False,,104974,"Enter the creative paradise of Scrap Mechanic! Build fantastic machines, go on adventures with your friends and defend against waves of evil Farmbots in this imaginative multiplayer survival sandbox. With Scrap Mechanic’s powerful creation tools you can engineer your own adventures!",https://shared.akamai.steamstatic.com/store_item_assets/steam/apps/387990/header.jpg?t=1727183889,http://www.scrapmechanic.com,http://scrapmechanic.gamepedia.com/Scrap_Mechanic_Wiki,info@axolotgames.se,,,,117669,108069,9600,117669,0.9184152155622975,8,Very Positive,True,,,,,,,,,,,,,,,,,start5000_limit5000_20260614T200239Z,5000,5000,2026-06-14T20:05:32.831591+00:00,,,,,,,,,
424840,Little Nightmares,7369,True,False,False,action/adventure protagonist,Adventure,1,,game,Little Nightmares,False,0,False,"Apr 27, 2017",Tarsier Studios,BANDAI NAMCO Entertainment,Adventure,"Single-player, Steam Achievements, Full controller support, Steam Trading Cards, Steam Cloud, Remote Play on TV, Family Sharing",True,False,False,81,51731,"Take on the role of Six, a lone child lost in a massive metal vessel known as the Maw, surrounded by dangerous, distorted versions of adults. You’ll need to do your best to escape in one piece or your fate will be worse than you ever dared dream.",https://shared.akamai.steamstatic.com/store_item_assets/steam/apps/424840/facf9a7a675c6d7f210d96d6b111caffe0386cd5/header.jpg?t=1773135169,http://www.little-nightmares.com,https://www.bandainamcoent.com/,,,,,116035,109946,6089,116035,0.9475244538285862,8,Very Positive,True,,,,,,,,,,,,,,,,,start5000_limit5000_20260614T200239Z,5000,5000,2026-06-14T20:09:39.404999+00:00,,,,,,,,,
440900,Conan Exiles Enhanced,7914,True,False,False,RPG/character progression,"Action, Adventure, RPG, Simulation, Strategy",8,,game,Conan Exiles Enhanced,False,0,False,"May 8, 2018","Funcom, Inflexion Games",Funcom,"Action, Adventure, Massively Multiplayer, RPG, Simulation, Strategy","Single-player, Multi-player, PvP, Online PvP, Co-op, Online Co-op, Steam Achievements, Full controller support, Steam Trading Cards, Steam Workshop, Remote Play on Tablet, Remote Play on TV, Family Sharing",True,False,False,,78558,"Conan Exiles Enhanced is an open world survival game set in the mythical lands of Hyboria, now fully upgraded to Unreal Engine 5 with stunning visuals and improved performance. SURVIVE, BUILD, and DOMINATE alone or with friends in a world brimming with adventure!",https://shared.akamai.steamstatic.com/store_item_assets/steam/apps/440900/710f42dec831fa88bcf736d0715152822231505f/header.jpg?t=1781074539,http://www.conanexiles.com/,https://funcom.zendesk.com/hc/en-us,,,,,115886,91523,24363,115886,0.7897675301589493,6,Mostly Positive,True,,,,,,,,,,,,,,,,,start5000_limit5000_20260614T200239Z,5000,5000,2026-06-14T20:11:29.028789+00:00,,,,,,,,,
356190,Middle-earth™: Shadow of War™,5040,True,False,False,RPG/character progression,"Action, Adventure, RPG",4,,game,Middle-earth™: Shadow of War™,False,17,False,"Oct 9, 2017",Monolith Productions,WB Games,"Action, Adventure, RPG","Single-player, Steam Achievements, Full controller support, Steam Trading Cards, In-App Purchases, Steam Cloud, Family Sharing",True,False,False,,86567,"Experience an epic open-world brought to life by the award-winning Nemesis System. Forge a new Ring of Power, conquer Fortresses in massive battles and dominate Mordor with your personal orc army in Middle-earth™: Shadow of War™.",https://shared.akamai.steamstatic.com/store_item_assets/steam/apps/356190/header.jpg?t=1780594801,,http://support.wbgames.com,support@wbgames.com or Wbgames.intsupport@warnerbros.com,,,,115455,102626,12829,115455,0.888883114633407,8,Very Positive,True,,,,,,,,,,,,,,,,,start5000_limit5000_20260614T200239Z,5000,5000,2026-06-14T20:02:52.798313+00:00,,,,,,,,,
516750,My Summer Car,10353,False,False,False,systemic/player-role,Simulation,2,,game,My Summer Car,False,0,False,"Jan 8, 2025",Amistech Games,Amistech Games,"Indie, Racing, Simulation","Single-player, Steam Achievements, Steam Trading Cards, Partial Controller Support, Steam Cloud, Family Sharing",True,False,False,,105631,"My Summer Car is the ultimate car owning, building, fixing, tuning, maintenance AND permadeath life survival simulator. You start the game with hundreds of loose parts and assemble both car and engine.",https://shared.akamai.steamstatic.com/store_item_assets/steam/apps/516750/header.jpg?t=1736372299,http://www.amistech.com/msc,,support@amistech.com,,,,114503,108711,5792,114503,0.9494161725020305,8,Very Positive,False,,,,,,,,,,,,,,,,,start10000_limit20000_20260615T073020Z,10000,20000,2026-06-15T07:46:31.079398+00:00,,,,,,,,,
376210,The Isle,5797,True,False,False,systemic/player-role,"Action, Adventure, Simulation",4,,game,The Isle,False,0,False,"Dec 1, 2015",Afterthought LLC,Afterthought LLC,"Action, Adventure, Indie, Massively Multiplayer, Simulation, Early Access","Multi-player, MMO, PvP, Online PvP, Partial Controller Support, Valve Anti-Cheat enabled",True,False,False,,104862,Experience fierce open world survival gameplay as you attempt to stay alive on an unforgiving island inhabited by dinosaurs! Hunt. Grow. Survive.,https://shared.akamai.steamstatic.com/store_item_assets/steam/apps/376210/header.jpg?t=1653237914,https://survivetheisle.com,http://survivetheisle.com,support@findtheisle.com,,,,113725,91172,22553,113725,0.8016882831391514,8,Very Positive,True,,,,,,,,,,,,,,,,,start5000_limit5000_20260614T200239Z,5000,5000,2026-06-14T20:04:30.801902+00:00,,,,,,,,,
233860,Kenshi,1682,True,True,False,RPG/character progression,"Action, Adventure, Base-Building, Building, Character Customization, City Builder, Management, Open World, RPG, RTS, Sandbox, Simulation, Singleplayer, Strategy, Survival",28,"Open World, Sandbox, RPG, Survival, Strategy, Building, Base-Building, Singleplayer, Post-apocalyptic, Crafting, City Builder, Indie, Adventure, Simulation, Management, RTS, Character Customization, Ninja, Alternate History, Steampunk",game,Kenshi,False,0,False,"Dec 6, 2018",Lo-Fi Games,Lo-Fi Games,"Action, Indie, RPG, Simulation, Strategy","Single-player, Steam Trading Cards, Steam Workshop, Includes level editor, Family Sharing",True,False,False,75,95630,"A free-roaming squad based RPG. Focusing on open-ended sandbox gameplay features rather than a linear story. Be a trader, a thief, a rebel, a warlord, an adventurer, a farmer, a slave, or just food for the cannibals. Train your men up from puny victims to master warriors.",https://shared.akamai.steamstatic.com/store_item_assets/steam/apps/233860/fa72ac8a032fd876780cd5b554e4c03b4976ef74/header.jpg?t=1779293333,http://www.lofigames.com,http://www.lofigames.com/forum/,,"2,000,000 .. 5,000,000",0,0,113383,108360,5023,113383,0.9556988261026784,9,Overwhelmingly Positive,True,,,,,,,,,,,,,,,,,start0_limit5000_20260614T210511Z,0,5000,2026-06-14T21:06:39.184276+00:00,,,,,,,,,
629760,MORDHAU,14263,False,False,False,action/adventure protagonist,Action,1,,game,MORDHAU,False,0,False,"Apr 29, 2019",Triternion,Triternion,"Action, Indie","Multi-player, PvP, Online PvP, Co-op, Online Co-op, Cross-Platform Multiplayer, Steam Achievements, Steam Trading Cards, Partial Controller Support, Steam Cloud, Valve Anti-Cheat enabled, Stats, Remote Play on Phone, Remote Play on Tablet",True,False,False,81,91626,"MORDHAU is a multiplayer medieval slasher. Create your mercenary and fight in brutal battles where you will experience fast paced combat, castle sieges, cavalry charges, and more.",https://shared.akamai.steamstatic.com/store_item_assets/steam/apps/629760/header.jpg?t=1777933284,http://mordhau.com,https://mordhau.com/forum/,contact@mordhau.com,,,,113104,90450,22654,113104,0.799706464846513,6,Mostly Positive,False,,,,,,,,,,,,,,,,,start10000_limit20000_20260615T073020Z,10000,20000,2026-06-15T10:45:53.647823+00:00,,,,,,,,,
219740,Don't Starve,1474,True,True,False,systemic/player-role,"Adventure, Horror, Open World, Open World Survival Craft, Sandbox, Simulation, Singleplayer, Survival, Survival Horror",16,"Survival, Open World Survival Craft, Crafting, Adventure, Indie, Sandbox, Singleplayer, Perma Death, Multiplayer, Open World, Exploration, Rogue-like, Replay Value, Moddable, Difficult, Simulation, 2D, Top-Down, Survival Horror, Horror",game,Don't Starve,False,0,False,"Apr 23, 2013",Klei Entertainment,Klei Entertainment,"Adventure, Indie, Simulation","Single-player, Full controller support, Steam Trading Cards, Steam Workshop, Steam Cloud, Remote Play on Phone, Remote Play on Tablet, Remote Play on TV, Family Sharing",True,True,True,79,96243,"Don’t Starve is an uncompromising wilderness survival game full of science and magic. Enter a strange and unexplored world full of strange creatures, dangers, and surprises. Gather resources to craft items and structures that match your survival style.",https://shared.akamai.steamstatic.com/store_item_assets/steam/apps/219740/88641e235d75934ea9f7ed4e947edfd9da682732/header.jpg?t=1781206408,https://www.dontstarvegame.com,http://support.kleientertainment.com,livesupport@kleientertainment.com,"2,000,000 .. 5,000,000",0,0,112718,108850,3868,112718,0.9656842740289928,9,Overwhelmingly Positive,True,,,,,,,,,,,,,,,,,start0_limit5000_20260614T210511Z,0,5000,2026-06-14T21:06:25.959530+00:00,,,,,,,,,
231430,Company of Heroes 2,1645,True,True,False,systemic/player-role,"Action, Adventure, Base-Building, RTS, Simulation, Singleplayer, Strategy, Tactical",13,"Strategy, World War II, RTS, Multiplayer, Tactical, War, Historical, Military, Singleplayer, Co-op, Online Co-Op, Base-Building, Tanks, Real-Time, Action, Real-Time with Pause, Atmospheric, Simulation, Great Soundtrack, Adventure",game,Company of Heroes 2,False,17,False,"Jun 25, 2013","Relic Entertainment, Feral Interactive (Mac), Feral Interactive (Linux)","Relic Entertainment, Feral Interactive (Mac), Feral Interactive (Linux)",Strategy,"Single-player, Multi-player, PvP, Online PvP, Co-op, Online Co-op, Steam Achievements, Steam Trading Cards, Steam Workshop, Steam Cloud, Stats, Family Sharing",True,True,True,80,68505,"Experience the ultimate WWII RTS platform with COH2 and its standalone expansions. This package includes the base game, which you can then upgrade by purchasing The Western Front Armies, Ardennes Assault and/or The British Forces. More info in the &quot;About This Game&quot; section below.",https://shared.akamai.steamstatic.com/store_item_assets/steam/apps/231430/header.jpg?t=1750947634,http://www.companyofheroes.com/,help.relic.com,,"5,000,000 .. 10,000,000",0,0,112687,89071,23616,112687,0.790428354646055,6,Mostly Positive,True,,,,,,,,,,,,,,,,,start0_limit5000_20260614T210511Z,0,5000,2026-06-14T21:06:37.735688+00:00,,,,,,,,,
677620,Splitgate,16004,False,False,False,action/adventure protagonist,Action,1,,game,Splitgate,True,0,False,"May 24, 2019",1047 Games,1047 Games,"Action, Free To Play, Indie","Single-player, Multi-player, PvP, Online PvP, Cross-Platform Multiplayer, Steam Achievements, Full controller support, Captions available, In-App Purchases",True,False,True,,165,"Splitgate is a free-to-play, fast-paced multiplayer shooter that features player-controlled portals. This sci-fi shooter takes the FPS genre to a new dimension with its portal mechanics, delivering high-flying, multi-dimensional combat.",https://shared.akamai.steamstatic.com/store_item_assets/steam/apps/677620/header.jpg?t=1663343172,https://1047games.com,https://1047games.com,info@1047games.com,,,,110740,101222,9518,110740,0.9140509301065559,8,Very Positive,False,,,,,,,,,,,,,,,,,start10000_limit20000_20260615T073020Z,10000,20000,2026-06-15T12:07:25.225027+00:00,,,,,,,,,
613100,House Flipper,13739,False,False,False,systemic/player-role,"Action, Adventure, Simulation, Strategy",6,,game,House Flipper,False,0,False,"May 17, 2018",Empyrean,"Frozen District, PlayWay S.A.","Action, Adventure, Casual, Indie, Massively Multiplayer, Simulation, Strategy, Free To Play","Single-player, Steam Achievements, Full controller support, Steam Trading Cards, Steam Workshop, Steam Cloud, Remote Play on Tablet, Family Sharing",True,True,False,67,91783,"House Flipper is a unique chance to become a one-man renovation crew. Buy, repair and remodel devastated houses. Give them a second life and sell them at a profit!",https://shared.akamai.steamstatic.com/store_item_assets/steam/apps/613100/6cee40fe293f0bab47534e78bcda64487902efc1/header.jpg?t=1780684232,http://houseflippergame.com/,https://krej-net.atlassian.net/wiki/spaces/HFS/overview,,,,,109879,103310,6569,109879,0.9402160558432457,8,Very Positive,False,,,,,,,,,,,,,,,,,start10000_limit20000_20260615T073020Z,10000,20000,2026-06-15T10:21:02.720638+00:00,,,,,,,,,
268500,XCOM® 2,2399,True,True,False,RPG/character progression,"Action, Character Customization, RPG, Singleplayer, Strategy, Tactical, Turn-Based, Turn-Based Strategy",13,"Isometric, Turn-Based Combat, Post-apocalyptic, Turn-Based Tactics, Military, PvE, Top-Down, Turn-Based, Sci-fi, Character Customization, Logic, War, Turn-Based Strategy, RPG, Grid-Based Movement, Alternate History, Tactical, Perma Death, Action, Singleplayer",game,XCOM® 2,False,0,False,"Feb 4, 2016","Firaxis Games, Feral Interactive (Mac), Feral Interactive (Linux)","2K, Feral Interactive (Mac), Feral Interactive (Linux)",Strategy,"Single-player, Steam Achievements, Steam Trading Cards, Steam Workshop, Steam Cloud, Remote Play on Tablet, Family Sharing",True,True,True,88,78866,"XCOM 2 is the sequel to XCOM: Enemy Unknown, the 2012 award-winning strategy game of the year. Earth has changed and is now under alien rule. Facing impossible odds you must rebuild XCOM, and ignite a global resistance to reclaim our world and save humanity.",https://shared.akamai.steamstatic.com/store_item_assets/steam/apps/268500/header.jpg?t=1772813016,http://www.xcom.com,support.2k.com,,"5,000,000 .. 10,000,000",0,0,108086,91413,16673,108086,0.8457432044853173,8,Very Positive,True,,,,,,,,,,,,,,,,,start0_limit5000_20260614T210511Z,0,5000,2026-06-14T21:07:52.643293+00:00,,,,,,,,,
287700,METAL GEAR SOLID V: THE PHANTOM PAIN,2837,True,True,False,narrative/protagonist-heavy,"Action, Adventure, Open World, Sandbox, Shooter, Singleplayer, Stealth, Story Rich, Tactical, Third Person, Third-Person Shooter",16,"Stealth, Open World, Action, Story Rich, Tactical, Cinematic, Third Person, Great Soundtrack, Singleplayer, Atmospheric, Adventure, Horses, Third-Person Shooter, Multiplayer, Shooter, Replay Value, Sandbox, Dark, Sci-fi, Heist",game,METAL GEAR SOLID V: THE PHANTOM PAIN,False,18,False,"Sep 1, 2015",KONAMI,KONAMI,"Action, Adventure","Single-player, Multi-player, Steam Achievements, Full controller support, Steam Trading Cards, Captions available, In-App Purchases, Steam Cloud, Steam Leaderboards, Remote Play on Phone, Remote Play on Tablet, Remote Play on TV, Family Sharing",True,False,False,91,71987,"Ushering in a new era for the METAL GEAR franchise with cutting-edge technology powered by the Fox Engine, METAL GEAR SOLID V: The Phantom Pain, will provide players a first-rate gaming experience as they are offered tactical freedom to carry out open-world missions.",https://shared.akamai.steamstatic.com/store_item_assets/steam/apps/287700/header.jpg?t=1778872866,http://www.metalgearsolid.com,https://www.konami.com/mg/mgs5/index.html,,"2,000,000 .. 5,000,000",0,0,106800,98123,8677,106800,0.91875468164794,8,Very Positive,True,,,,,,,,,,,,,,,,,start0_limit5000_20260614T210511Z,0,5000,2026-06-14T21:08:43.439687+00:00,,,,,,,,,
359320,Elite Dangerous,5159,True,False,False,RPG/character progression,"Action, Adventure, RPG, Simulation, Strategy",8,,game,Elite Dangerous,False,0,False,"Apr 2, 2015",Frontier Developments,Frontier Developments,"Action, Adventure, Massively Multiplayer, RPG, Simulation, Strategy","Single-player, Multi-player, MMO, Co-op, VR Supported, VR Support, In-App Purchases, Partial Controller Support, Remote Play on Tablet, Family Sharing",True,False,False,80,81293,"Take control of your own starship and blaze your trail in an ever-changing galaxy. Master the arts of combat, mining and trade or venture out into the unknown across a 1:1 scale universe.",https://shared.akamai.steamstatic.com/store_item_assets/steam/apps/359320/header.jpg?t=1759842966,http://www.elitedangerous.com/,https://support.elitedangerous.com,,,,,106242,82188,24054,106242,0.77359236460157,6,Mostly Positive,True,,,,,,,,,,,,,,,,,start5000_limit5000_20260614T200239Z,5000,5000,2026-06-14T20:03:05.348772+00:00,,,,,,,,,
219990,Grim Dawn,1480,True,True,False,narrative/protagonist-heavy,"Action, Action RPG, Adventure, Character Customization, Choices Matter, RPG, Singleplayer",18,"Action RPG, Hack and Slash, Loot, Isometric, Dark Fantasy, RPG, Dungeon Crawler, Co-op, Singleplayer, Character Customization, Dark, Multiplayer, Adventure, Fantasy, Action, Atmospheric, Post-apocalyptic, Crafting, Moddable, Choices Matter",game,Grim Dawn,False,0,False,"Feb 25, 2016",Crate Entertainment,Crate Entertainment,"Action, Adventure, Indie, RPG","Single-player, Multi-player, Co-op, Online Co-op, LAN Co-op, Steam Achievements, Full controller support, Steam Trading Cards, Steam Cloud, Includes level editor, Remote Play on Tablet, Remote Play on TV, Family Sharing",True,False,False,83,89562,"Enter an apocalyptic fantasy world where humanity is on the brink of extinction, iron is valued above gold and trust is hard earned. This ARPG features complex character development, hundreds of unique items, crafting and quests with choice &amp; consequence.",https://shared.akamai.steamstatic.com/store_item_assets/steam/apps/219990/header.jpg?t=1780634926,http://www.grimdawn.com/,https://forums.crateentertainment.com/c/grimdawn,support@crateentertainment.com,"10,000,000 .. 20,000,000",0,0,105953,99307,6646,105953,0.9372740743537228,8,Very Positive,True,,,,,,,,,,,,,,,,,start0_limit5000_20260614T210511Z,0,5000,2026-06-14T21:06:26.118578+00:00,,,,,,,,,
460930,Tom Clancy's Ghost Recon® Wildlands,8598,True,False,False,action/adventure protagonist,"Action, Adventure",2,,game,Tom Clancy's Ghost Recon® Wildlands,False,0,False,"Mar 6, 2017","Ubisoft Paris, Ubisoft Annecy, Ubisoft Bucharest, Ubisoft Montpellier, Ubisoft Milan, Reflections, Ubisoft Belgrade",Ubisoft,"Action, Adventure","Single-player, Multi-player, Co-op, Steam Achievements, Steam Trading Cards, In-App Purchases, Partial Controller Support",True,False,False,,90280,"Create a team with up to 3 friends in Tom Clancy’s Ghost Recon® Wildlands and enjoy the ultimate military shooter experience set in a massive, dangerous, and responsive open world.",https://shared.akamai.steamstatic.com/store_item_assets/steam/apps/460930/header.jpg?t=1764776201,http://ghostrecon.com,https://support.ubi.com/,,,,,104822,83494,21328,104822,0.7965312625212264,6,Mostly Positive,True,,,,,,,,,,,,,,,,,start5000_limit5000_20260614T200239Z,5000,5000,2026-06-14T20:13:29.336497+00:00,,,,,,,,,
546560,Half-Life: Alyx,11382,False,False,False,action/adventure protagonist,"Action, Adventure",2,,game,Half-Life: Alyx,False,0,False,"Mar 23, 2020",Valve,Valve,"Action, Adventure","Single-player, Steam Achievements, Tracked Controller Support, VR Only, Captions available, VR Support, Steam Workshop, Custom Volume Controls, Adjustable Difficulty, Save Anytime, Stereo Sound, Subtitle Options, Surround Sound, Includes level editor, Family Sharing",True,False,False,93,91815,"Half-Life: Alyx is Valve’s VR return to the Half-Life series. It’s the story of an impossible fight against a vicious alien race known as the Combine, set between the events of Half-Life and Half-Life 2. Playing as Alyx Vance, you are humanity’s only chance for survival.",https://shared.akamai.steamstatic.com/store_item_assets/steam/apps/546560/header.jpg?t=1762986588,http://half-life.com,https://help.steampowered.com/en/wizard/HelpWithGame/?appid=546560,,,,,104047,102242,1805,104047,0.9826520706988188,9,Overwhelmingly Positive,False,,,,,,,,,,,,,,,,,start10000_limit20000_20260615T073020Z,10000,20000,2026-06-15T08:32:04.696373+00:00,,,,,,,,,
753640,Outer Wilds,18938,False,False,False,action/adventure protagonist,"Action, Adventure",2,,game,Outer Wilds,False,0,False,"Jun 18, 2020",Mobius Digital,Annapurna Interactive,"Action, Adventure","Single-player, Steam Achievements, Full controller support, Steam Trading Cards, Adjustable Text Size, Camera Comfort, Color Alternatives, Custom Volume Controls, Keyboard Only Option, Playable without Timed Input, Stereo Sound, Surround Sound, Steam Cloud, Remote Play on Phone, Remote Play on Tablet, Remote Play on TV, Family Sharing",True,False,False,85,85802,"Named Game of the Year 2019 by Giant Bomb, Polygon, Eurogamer, and The Guardian, Outer Wilds is a critically-acclaimed and award-winning open world mystery about a solar system trapped in an endless time loop.",https://shared.akamai.steamstatic.com/store_item_assets/steam/apps/753640/079ae4a7ff4b5875adc5c63c4c0b84e5a3e6966b/header.jpg?t=1779137571,,https://www.mobiusdigitalgames.com/supportforum.html,help@annapurnainteractive.com,,,,103393,98863,4530,103393,0.9561865890340738,9,Overwhelmingly Positive,False,,,,,,,,,,,,,,,,,start10000_limit20000_20260615T073020Z,10000,20000,2026-06-15T14:27:18.953093+00:00,,,,,,,,,
221380,Age of Empires II (Retired),1500,True,True,False,systemic/player-role,"Action, Adventure, Base-Building, City Builder, RTS, Resource Management, Singleplayer, Strategy, Tactical",13,"Strategy, RTS, Medieval, Multiplayer, Classic, Historical, Base-Building, City Builder, Resource Management, Singleplayer, Tactical, Real-Time, Co-op, Competitive, Replay Value, Remake, 2D, Isometric, Action, Adventure",game,Age of Empires II (Retired),False,0,False,"Apr 9, 2013","Skybox Labs, Hidden Path Entertainment, Ensemble Studios, Forgotten Empires",Xbox Game Studios,Strategy,"Single-player, Multi-player, Steam Achievements, Steam Trading Cards, Captions available, Steam Workshop, Steam Cloud, Stats, Steam Leaderboards, Includes level editor, Family Sharing",True,False,False,68,84587,"Age of Empires II has been re-imagined in high definition. With the release of Age of Empires II: Definitive Edition, this product will not be updated further.",https://shared.akamai.steamstatic.com/store_item_assets/steam/apps/221380/header.jpg?t=1705596928,https://www.ageofempires.com/games/aoeii/,https://help.steampowered.com/en/wizard/HelpWithGameTechnicalIssue?appid=813780,,"5,000,000 .. 10,000,000",0,0,102603,98325,4278,102603,0.9583053127101546,9,Overwhelmingly Positive,True,,,,,,,,,,,,,,,,,start0_limit5000_20260614T210511Z,0,5000,2026-06-14T21:06:26.947016+00:00,,,,,,,,,
646910,The Crew™ 2,14704,False,False,False,action/adventure protagonist,Action,1,,game,The Crew™ 2,False,0,False,"Jun 28, 2018",Ivory Tower,Ubisoft,"Action, Massively Multiplayer, Racing","Single-player, Multi-player, MMO, PvP, Online PvP, Co-op, Online Co-op, Steam Achievements, Captions available, In-App Purchases, Partial Controller Support, Remote Play on Phone, Remote Play on Tablet",True,False,False,,86022,"Take on the American motorsports scene as you explore and dominate the land, air, and sea across the entire USA. New: play The Crew 2 offline or online with the new Hybrid mode, available now!",https://shared.akamai.steamstatic.com/store_item_assets/steam/apps/646910/header.jpg?t=1777993746,http://thecrew-game.com,https://support.ubi.com/,,,,,99109,76843,22266,99109,0.7753382639316309,6,Mostly Positive,False,,,,,,,,,,,,,,,,,start10000_limit20000_20260615T073020Z,10000,20000,2026-06-15T11:05:58.141564+00:00,,,,,,,,,
815370,Green Hell,21377,False,False,False,systemic/player-role,"Action, Adventure, Simulation",4,,game,Green Hell,False,0,False,"Sep 5, 2019",Creepy Jar,Creepy Jar,"Action, Adventure, Indie, Simulation","Single-player, Multi-player, Co-op, Online Co-op, Steam Achievements, Steam Trading Cards, Adjustable Text Size, Camera Comfort, Custom Volume Controls, Adjustable Difficulty, Playable without Timed Input, Stereo Sound, Subtitle Options, Partial Controller Support, Steam Cloud, Remote Play on Tablet, Family Sharing",True,False,False,78,75896,"Plunge into the open-world survival simulation set in the extreme conditions of the uncharted Amazon jungle. Use real-life survival techniques to craft, hunt, fight, and gather resources, set a makeshift shelter, or raise a fortress. Survive alone or team up with your friends and challenge the jungle together.",https://shared.akamai.steamstatic.com/store_item_assets/steam/apps/815370/header.jpg?t=1778577818,https://greenhell-game.com/,https://creepyjar.theymes.com/hc/en/greenhell,,,,,98330,83391,14939,98330,0.8480728160276619,8,Very Positive,False,,,,,,,,,,,,,,,,,start10000_limit20000_20260615T073020Z,10000,20000,2026-06-15T16:27:29.098902+00:00,,,,,,,,,
383870,Firewatch,6035,True,False,False,action/adventure protagonist,Adventure,1,,game,Firewatch,False,0,False,"Feb 9, 2016",Campo Santo,"Panic, Campo Santo","Adventure, Indie","Single-player, Steam Achievements, Full controller support, Steam Trading Cards, Steam Cloud, Remote Play on Phone, Remote Play on Tablet, Remote Play on TV, Family Sharing",True,True,True,81,91816,"Firewatch is a single-player first-person mystery set in the Wyoming wilderness, where your only emotional lifeline is the person on the other end of a handheld radio.",https://shared.akamai.steamstatic.com/store_item_assets/steam/apps/383870/41a7d0ff4c2dab4ed69c53c9a29c931e6f62948d/header.jpg?t=1755789801,http://www.firewatchgame.com,https://library.panic.com/firewatch/,support@firewatchgame.com,,,,97517,88295,9222,97517,0.9054318734169426,8,Very Positive,True,,,,,,,,,,,,,,,,,start5000_limit5000_20260614T200239Z,5000,5000,2026-06-14T20:05:06.049742+00:00,,,,,,,,,
282070,This War of Mine,2691,True,True,False,narrative/protagonist-heavy,"Adventure, Base-Building, Choices Matter, Management, Resource Management, Simulation, Singleplayer, Stealth, Story Rich, Strategy, Survival",24,"Survival, War, Atmospheric, Singleplayer, Strategy, Choices Matter, Simulation, Crafting, Base-Building, Resource Management, Post-apocalyptic, Management, Story Rich, Indie, Emotional, Realistic, 2.5D, Psychological, Drama, Stealth",game,This War of Mine,False,0,False,"Nov 14, 2014",11 bit studios,11 bit studios,"Adventure, Indie, Simulation","Single-player, Steam Achievements, Steam Trading Cards, Steam Workshop, Partial Controller Support, Steam Cloud, Family Sharing",True,True,True,83,88747,"In This War Of Mine you do not play as an elite soldier, rather a group of civilians trying to survive in a besieged city; struggling with lack of food, medicine and constant danger from snipers and hostile scavengers. The game provides an experience of war seen from an entirely new angle.",https://shared.akamai.steamstatic.com/store_item_assets/steam/apps/282070/26fb8c9bb7b9e3a17469d8026ee3fa510ee7f8f5/header.jpg?t=1765218571,http://www.thiswarofmine.com,http://forum.11bitstudios.com/,support@11bitstudios.com,"2,000,000 .. 5,000,000",0,0,97103,91140,5963,97103,0.9385909807112036,8,Very Positive,True,,,,,,,,,,,,,,,,,start0_limit5000_20260614T210511Z,0,5000,2026-06-14T21:08:30.922832+00:00,,,,,,,,,
365590,Tom Clancy’s The Division™,5399,True,False,False,RPG/character progression,"Action, Adventure, RPG",4,,game,Tom Clancy’s The Division™,False,17,False,"Mar 7, 2016",Massive Entertainment,Ubisoft,"Action, Adventure, RPG","Single-player, Multi-player, PvP, Online PvP, Co-op, Online Co-op, Steam Achievements, Full controller support, Steam Trading Cards, Captions available, In-App Purchases",True,False,False,,76608,"A tactical open world third-person shooter set in New York after a deadly pandemic. Team up or go solo to restore order against deadly factions, secure loot, and conquer high-risk endgame challenges.",https://shared.akamai.steamstatic.com/store_item_assets/steam/apps/365590/e36fd6a73af2b20d6286633ee3a089acf53397ff/header.jpg?t=1770141394,http://thedivisiongame.com,https://support.ubi.com/,,,,,96384,68284,28100,96384,0.7084578353253652,6,Mostly Positive,True,,,,,,,,,,,,,,,,,start5000_limit5000_20260614T200239Z,5000,5000,2026-06-14T20:03:39.261381+00:00,,,,,,,,,
241930,Middle-earth™: Shadow of Mordor™,1807,True,True,False,narrative/protagonist-heavy,"Action, Action RPG, Adventure, Lore-Rich, Open World, RPG, Sandbox, Singleplayer, Stealth, Story Rich, Third Person",21,"Open World, Action, Fantasy, Adventure, Third Person, Stealth, Singleplayer, RPG, Action RPG, Assassin, Hack and Slash, Gore, Parkour, Story Rich, Atmospheric, Dark Fantasy, Magic, Lore-Rich, Based On A Novel, Sandbox",game,Middle-earth™: Shadow of Mordor™,False,0,False,"Sep 30, 2014",Monolith Productions,"Warner Bros. Interactive Entertainment, Warner Bros. Games",,"Single-player, Steam Achievements, Full controller support, Steam Trading Cards, Steam Cloud, Family Sharing",True,False,False,84,62938,"Fight through Mordor and uncover the truth of the spirit that compels you, discover the origins of the Rings of Power, build your legend and ultimately confront the evil of Sauron in this new chronicle of Middle-earth.",https://shared.akamai.steamstatic.com/store_item_assets/steam/apps/241930/header.jpg?t=1780594906,http://www.shadowofmordor.com,http://support.wbgames.com,support@wbgames.com or Wbgames.intsupport@warnerbros.com,"5,000,000 .. 10,000,000",0,0,96072,88862,7210,96072,0.9249521192439004,8,Very Positive,True,,,,,,,,,,,,,,,,,start0_limit5000_20260614T210511Z,0,5000,2026-06-14T21:06:44.271017+00:00,,,,,,,,,
254700,Resident Evil 4 (2005),2091,True,True,False,survival/sandbox or horror,"Action, Adventure, Horror, Inventory Management, Shooter, Singleplayer, Survival, Survival Horror, Third Person, Third-Person Shooter, Zombies",16,"Inventory Management, Survival Horror, Action, Zombies, Horror, Third-Person Shooter, Singleplayer, Adventure, Classic, Third Person, Quick-Time Events, Atmospheric, Survival, Shooter, Gore, Replay Value, Great Soundtrack, Remake, Difficult, VR",game,Resident Evil 4 (2005),False,16,False,"Feb 27, 2014",Capcom,Capcom,"Action, Adventure","Single-player, Steam Achievements, Full controller support, Steam Trading Cards, Captions available, Steam Cloud, Steam Leaderboards, Family Sharing",True,False,False,79,76424,(Release: 2014) Special agent Leon S. Kennedy is sent on a mission to rescue the U.S. President’s daughter who has been kidnapped.,https://shared.akamai.steamstatic.com/store_item_assets/steam/apps/254700/header.jpg?t=1768960618,http://www.residentevil.com,http://www.capcom.co.jp/support/contact/,,"2,000,000 .. 5,000,000",0,0,95813,90139,5674,95813,0.9407804786406856,8,Very Positive,True,,,,,,,,,,,,,,,,,start0_limit5000_20260614T210511Z,0,5000,2026-06-14T21:07:04.228465+00:00,,,,,,,,,
703080,Planet Zoo,17003,False,False,False,systemic/player-role,"Simulation, Strategy",4,,game,Planet Zoo,False,0,False,"Nov 5, 2019",Frontier Developments,Frontier Developments,"Casual, Simulation, Strategy","Single-player, Steam Achievements, Steam Trading Cards, Steam Workshop, Steam Cloud, HDR available, Family Sharing",True,False,False,81,78842,"Build a world for wildlife in Planet Zoo. From the developers of Planet Coaster and Zoo Tycoon comes the ultimate zoo sim. Construct detailed habitats, manage your zoo, and meet authentic living animals who think, feel and explore the world you create around them.",https://shared.akamai.steamstatic.com/store_item_assets/steam/apps/703080/header.jpg?t=1765896213,https://www.planetzoogame.com/,https://support.frontier.co.uk/kb/,,,,,95098,86661,8437,95098,0.9112809943426781,8,Very Positive,False,,,,,,,,,,,,,,,,,start10000_limit20000_20260615T073020Z,10000,20000,2026-06-15T12:54:20.842623+00:00,,,,,,,,,
389730,TEKKEN 7,6258,True,False,False,action/adventure protagonist,"Action, Sports",1,,game,TEKKEN 7,False,0,False,"Jun 1, 2017",BANDAI NAMCO Studios Inc.,BANDAI NAMCO Entertainment,"Action, Sports","Single-player, Multi-player, PvP, Online PvP, Shared/Split Screen PvP, Shared/Split Screen, Steam Achievements, Full controller support, Steam Trading Cards, Steam Cloud, Steam Leaderboards, Remote Play on TV, Remote Play Together, Family Sharing",True,False,False,82,67528,"Discover the epic conclusion of the long-time clan warfare between members of the Mishima family. Powered by Unreal Engine 4, the legendary fighting game franchise fights back with stunning story-driven cinematic battles and intense duels that can be enjoyed with friends and rivals.",https://shared.akamai.steamstatic.com/store_item_assets/steam/apps/389730/header.jpg?t=1765812753,https://www.bandainamcostudios.com,www.TEKKEN.com,,,,,94872,79233,15639,94872,0.8351568429041234,8,Very Positive,True,,,,,,,,,,,,,,,,,start5000_limit5000_20260614T200239Z,5000,5000,2026-06-14T20:05:40.087440+00:00,,,,,,,,,
683320,GRIS,16256,False,False,False,action/adventure protagonist,Adventure,1,,game,GRIS,False,0,False,"Dec 13, 2018",Nomada Studio,Devolver Digital,"Adventure, Indie","Single-player, Steam Achievements, Full controller support, Steam Trading Cards, Steam Cloud, Remote Play on Phone, Remote Play on Tablet, Remote Play on TV, Family Sharing",True,True,False,84,82554,"Gris is a hopeful young girl lost in her own world, dealing with a painful experience in her life. Her journey through sorrow is manifested in her dress, which grants new abilities to better navigate her faded reality.",https://shared.akamai.steamstatic.com/store_item_assets/steam/apps/683320/header.jpg?t=1759429603,http://www.nomada.studio,http://www.nomada.studio,,,,,94866,91135,3731,94866,0.960670840975692,9,Overwhelmingly Positive,False,,,,,,,,,,,,,,,,,start10000_limit20000_20260615T073020Z,10000,20000,2026-06-15T12:19:32.024673+00:00,,,,,,,,,
582660,Black Desert,12702,False,False,False,RPG/character progression,"Action, Adventure, RPG, Strategy",6,,game,Black Desert,False,0,False,"May 24, 2017",Pearl Abyss,Pearl Abyss,"Action, Adventure, Massively Multiplayer, RPG, Strategy","Multi-player, MMO, PvP, Online PvP, Co-op, Online Co-op, Steam Trading Cards, In-App Purchases, Partial Controller Support",True,False,False,80,62245,"Played by over 20 million Adventurers - Black Desert Online is an open-world, action MMORPG. Experience intense, action-packed combat, battle massive world bosses, fight alongside friends to siege and conquer castles, and train in professions such as fishing, trading, crafting, cooking, and more!",https://shared.akamai.steamstatic.com/store_item_assets/steam/apps/582660/4f0ea9284b5fae9464dadc528bb572c629666313/header_alt_assets_27.jpg?t=1773974827,https://blackdesert.pearlabyss.com/Steam,https://blackdesert.pearlabyss.com/Steam,,,,,93119,68566,24553,93119,0.7363266358100925,6,Mostly Positive,False,,,,,,,,,,,,,,,,,start10000_limit20000_20260615T073020Z,10000,20000,2026-06-15T09:31:53.427404+00:00,,,,,,,,,
779340,Total War: THREE KINGDOMS,19974,False,False,False,systemic/player-role,"Action, Strategy",3,,game,Total War: THREE KINGDOMS,False,0,False,"May 23, 2019","CREATIVE ASSEMBLY, Feral Interactive (Mac), Feral Interactive (Linux)","SEGA, Feral Interactive (Mac), Feral Interactive (Linux)","Action, Strategy","Single-player, Multi-player, PvP, Online PvP, LAN PvP, Co-op, Online Co-op, LAN Co-op, Steam Achievements, Steam Trading Cards, Camera Comfort, Color Alternatives, Custom Volume Controls, Adjustable Difficulty, Playable without Timed Input, Save Anytime, Stereo Sound, Surround Sound, Steam Cloud, Family Sharing",True,True,True,85,71911,"Unite Ancient China under your rule through a thrilling blend of turn-based empire building and real-time battles. Use the Guanxi System and diplomacy to forge alliances, and build powerful armies with hundreds of unique infantry, cavalry and war machine units.",https://shared.akamai.steamstatic.com/store_item_assets/steam/apps/779340/header.jpg?t=1780332718,https://www.totalwar.com/,http://support.sega.co.uk,,,,,93019,76474,16545,93019,0.822133112589901,8,Very Positive,False,,,,,,,,,,,,,,,,,start10000_limit20000_20260615T073020Z,10000,20000,2026-06-15T15:18:27.908010+00:00,,,,,,,,,
304050,Trove,3334,True,True,False,RPG/character progression,"Action, Adventure, Building, MMORPG, Open World, RPG, Sandbox",8,"Free to Play, Open World, Sandbox, Pixel Graphics, Fantasy, MMORPG, Voxel, Multiplayer, Crafting, Family Friendly, Replay Value, RPG, Building, Procedural Generation, Adventure, Dungeon Crawler, Massively Multiplayer, Nostalgia, Action, Colorful",game,Trove,True,0,False,"Jul 9, 2015",gamigo US Inc.,gamigo US Inc.,"Action, Adventure, Casual, Massively Multiplayer, RPG, Free To Play","Multi-player, MMO, PvP, Online PvP, Co-op, Online Co-op, Steam Achievements, Steam Trading Cards, Steam Workshop, In-App Purchases, Adjustable Text Size, Custom Volume Controls, Playable without Timed Input, Save Anytime, Partial Controller Support",True,False,False,,956,"Grab your friends, hone your blades, and set off for an epic procedurally generated adventure in Trove! Battle the Shadow in realms filled with dungeons and items created by your fellow players. Whether hunting treasure or building realms of your own, it’s never been this good to be square!",https://shared.akamai.steamstatic.com/store_item_assets/steam/apps/304050/8aef81520b394d978a55c7d43c0445237a4cd1a3/header.jpg?t=1779185776,https://trovegame.com/?affiliateId=steamtrove,https://support.gamigo.com/en/support/home,,"10,000,000 .. 20,000,000",0,0,92696,74080,18616,92696,0.7991714852852334,6,Mostly Positive,True,,,,,,,,,,,,,,,,,start0_limit5000_20260614T210511Z,0,5000,2026-06-14T21:10:28.308151+00:00,,,,,,,,,
447040,Watch_Dogs® 2,8095,True,False,False,action/adventure protagonist,"Action, Adventure",2,,game,Watch_Dogs® 2,False,17,False,"Nov 28, 2016",Ubisoft,Ubisoft,"Action, Adventure","Single-player, Multi-player, Co-op, Steam Achievements, In-App Purchases, Partial Controller Support",True,False,False,,85738,"Welcome to San Francisco. Play as Marcus, a brilliant young hacker, and join the most notorious hacker group, DedSec. Your objective: execute the biggest hack of history.",https://shared.akamai.steamstatic.com/store_item_assets/steam/apps/447040/header.jpg?t=1751986887,http://watchdogs.com/,https://support.ubi.com/,,,,,92169,76101,16068,92169,0.82566806626957,8,Very Positive,True,,,,,,,,,,,,,,,,,start5000_limit5000_20260614T200239Z,5000,5000,2026-06-14T20:12:06.895818+00:00,,,,,,,,,
761890,Albion Online,19268,False,False,False,RPG/character progression,RPG,2,,game,Albion Online,True,0,False,"May 16, 2018",Sandbox Interactive GmbH,Sandbox Interactive GmbH,"Massively Multiplayer, RPG, Free To Play","Multi-player, MMO, PvP, Online PvP, Cross-Platform Multiplayer, Steam Achievements, In-App Purchases, Partial Controller Support",True,True,True,,1897,"Albion Online is a fantasy sandbox MMORPG featuring a player-driven economy, classless combat system, and intense PvP battles. Explore a vast open world full of danger and opportunity. Grow your wealth, forge alliances, and leave your mark on the world of Albion.",https://shared.akamai.steamstatic.com/store_item_assets/steam/apps/761890/c6a91cee239d48792562a8c638103950c0ebd32a/header.jpg?t=1776091042,https://albiononline.com,https://albiononline.com/profile/support,support@albiononline.com,,,,91966,72209,19757,91966,0.7851706065284997,6,Mostly Positive,False,,,,,,,,,,,,,,,,,start10000_limit20000_20260615T073020Z,10000,20000,2026-06-15T14:42:59.443502+00:00,,,,,,,,,
349040,NARUTO SHIPPUDEN: Ultimate Ninja STORM 4,4769,True,True,False,narrative/protagonist-heavy,"Action, Adventure, Open World, Singleplayer, Story Rich, Third Person",11,"Anime, Fighting, Action, Multiplayer, Ninja, Adventure, Story Rich, Local Multiplayer, Singleplayer, Third Person, Great Soundtrack, Open World, Fantasy, Co-op, Atmospheric, Online Co-Op, Local Co-Op, Beat 'em up, Memes, Heist",game,NARUTO SHIPPUDEN: Ultimate Ninja STORM 4,False,0,False,"Feb 4, 2016",CyberConnect2 Co. Ltd.,BANDAI NAMCO Entertainment,"Action, Adventure","Single-player, Multi-player, PvP, Shared/Split Screen PvP, Steam Achievements, Full controller support, Steam Cloud, Steam Leaderboards, Remote Play on Phone, Remote Play on Tablet, Remote Play on TV, Remote Play Together, Family Sharing",True,False,False,,72097,The latest opus in the acclaimed STORM series is taking you on a colourful and breathtaking ride. Take advantage of the totally revamped battle system and prepare to dive into the most epic fights you’ve ever seen !,https://shared.akamai.steamstatic.com/store_item_assets/steam/apps/349040/header.jpg?t=1703080866,http://www.naruto-videogames.com/,http://www.bandainamcoent.com/,,"2,000,000 .. 5,000,000",0,0,90338,82321,8017,90338,0.9112555070955743,8,Very Positive,True,,,,,,,,,,,,,,,,,start0_limit5000_20260614T210511Z,0,5000,2026-06-14T21:17:33.663686+00:00,,,,,,,,,
20920,The Witcher 2: Assassins of Kings Enhanced Edition,442,True,True,False,narrative/protagonist-heavy,"Action, Adventure, Choices Matter, Multiple Endings, Open World, RPG, Singleplayer, Story Rich, Third Person",22,"RPG, Fantasy, Mature, Story Rich, Choices Matter, Singleplayer, Third Person, Nudity, Adventure, Dark Fantasy, Multiple Endings, Open World, Action, Atmospheric, Based On A Novel, Well-Written, Difficult, Medieval, Magic, Dark",game,The Witcher 2: Assassins of Kings Enhanced Edition,False,17,False,"Apr 16, 2012",CD PROJEKT RED,"CD PROJEKT RED, 1C-SoftClub",RPG,"Single-player, Steam Achievements, Steam Trading Cards, Camera Comfort, Color Alternatives, Custom Volume Controls, Adjustable Difficulty, Playable without Timed Input, Save Anytime, Stereo Sound, Surround Sound, Partial Controller Support, Steam Cloud, Steam Leaderboards, Family Sharing",True,True,True,88,80854,A time of untold chaos has come. Mighty forces clash behind the scenes in a struggle for power and influence. The Northern Kingdoms mobilize for war. But armies on the march are not enough to stop a bloody conspiracy...,https://shared.akamai.steamstatic.com/store_item_assets/steam/apps/20920/header.jpg?t=1761657279,https://www.thewitcher.com/witcher2,http://en.cdprojektred.com/support/?support-product=the-witcher-2,,"2,000,000 .. 5,000,000",0,0,89542,80549,8993,89542,0.8995666837908467,8,Very Positive,True,,,,,,,,,,,,,,,,,start0_limit5000_20260614T210511Z,0,5000,2026-06-14T21:05:33.062654+00:00,,,,,,,,,
234140,Mad Max,1685,True,True,False,narrative/protagonist-heavy,"Action, Adventure, Open World, RPG, Sandbox, Shooter, Singleplayer, Story Rich, Survival, Third Person, Third-Person Shooter",19,"Open World, Vehicular Combat, Post-apocalyptic, Action, Driving, Singleplayer, Survival, Third Person, Adventure, Exploration, Automobile Sim, Atmospheric, Racing, Story Rich, Multiplayer, Sandbox, RPG, Shooter, Third-Person Shooter, War",game,Mad Max,False,17,False,"Sep 1, 2015",Avalanche Studios,"Warner Bros. Games, Warner Bros. Interactive Entertainment","Action, Adventure","Single-player, Steam Achievements, Full controller support, Steam Trading Cards, Steam Cloud, Remote Play on Phone, Remote Play on Tablet, Remote Play on TV, Family Sharing",True,False,False,73,56754,"Play as Mad Max, a reluctant hero and survivor who wants nothing more than to leave the madness behind and find solace.",https://shared.akamai.steamstatic.com/store_item_assets/steam/apps/234140/header.jpg?t=1780595138,http://madmaxgame.com,http://support.wbgames.com,support@wbgames.com or Wbgames.intsupport@warnerbros.com,"2,000,000 .. 5,000,000",0,0,89213,82379,6834,89213,0.9233968143656194,8,Very Positive,True,,,,,,,,,,,,,,,,,start0_limit5000_20260614T210511Z,0,5000,2026-06-14T21:06:39.261802+00:00,,,,,,,,,
311690,Enter the Gungeon,3513,True,True,False,action/adventure protagonist,"Action, Action Roguelike, Adventure, Shooter, Singleplayer, Twin Stick Shooter",6,"Bullet Hell, Action Roguelike, Rogue-like, Pixel Graphics, Difficult, Dungeon Crawler, Indie, Local Co-Op, Multiplayer, Twin Stick Shooter, Co-op, Action, 2D, Top-Down, Shooter, Singleplayer, Loot, Rogue-lite, Cute, Funny",game,Enter the Gungeon,False,0,False,"Apr 5, 2016",Dodge Roll,Devolver Digital,"Action, Adventure, Indie","Single-player, Multi-player, Shared/Split Screen, Steam Achievements, Full controller support, Steam Cloud, Remote Play on Phone, Remote Play on Tablet, Remote Play on TV, Remote Play Together, Family Sharing",True,False,True,84,78519,"Enter the Gungeon is a bullet hell dungeon crawler following a band of misfits seeking to shoot, loot, dodge roll and table-flip their way to personal absolution by reaching the legendary Gungeon’s ultimate treasure: the gun that can kill the past.",https://shared.akamai.steamstatic.com/store_item_assets/steam/apps/311690/471d245bd8a37011c16852694342e5ad2d8a4667/header.jpg?t=1779733990,http://www.enterthegungeon.com,http://www.enterthegungeon.com,bugreports@dodgeroll.com,"2,000,000 .. 5,000,000",0,0,88886,84614,4272,88886,0.9519384379992348,9,Overwhelmingly Positive,True,,,,,,,,,,,,,,,,,start0_limit5000_20260614T210511Z,0,5000,2026-06-14T21:11:16.237626+00:00,,,,,,,,,
635260,CarX Drift Racing Online,14389,False,False,False,systemic/player-role,"Action, Simulation, Sports",3,,game,CarX Drift Racing Online,False,0,False,"Nov 17, 2017","CarX Technologies, LLC","CarX Technologies, LLC","Action, Casual, Massively Multiplayer, Racing, Simulation, Sports","Single-player, Multi-player, PvP, Online PvP, Co-op, Online Co-op, Cross-Platform Multiplayer, Steam Achievements, VR Supported, Steam Trading Cards, Steam Workshop, Camera Comfort, Custom Volume Controls, Adjustable Difficulty, Keyboard Only Option, Mouse Only Option, Playable without Timed Input, Stereo Sound, Partial Controller Support, Steam Cloud, Includes level editor, Remote Play on Phone, Remote Play on Tablet, Family Sharing",True,False,False,,81962,"CarX Drift Racing Online is your chance to immerse yourself in the real world of drifting. Get together with friends, tune your car and burn some tires!",https://shared.akamai.steamstatic.com/store_item_assets/steam/apps/635260/7f8fd0c0df1572fa14c9505abe70e2a599cae8e7/header.jpg?t=1778673683,http://carx-online.com,https://carx-store.com/en/support,support@carx-tech.com,,,,88550,84229,4321,88550,0.9512027103331451,9,Overwhelmingly Positive,False,,,,,,,,,,,,,,,,,start10000_limit20000_20260615T073020Z,10000,20000,2026-06-15T10:51:12.214435+00:00,,,,,,,,,
235460,METAL GEAR RISING: REVENGEANCE,1707,True,True,False,narrative/protagonist-heavy,"Action, Adventure, Character Action Game, Singleplayer, Stealth, Story Rich, Third Person",10,"Great Soundtrack, Hack and Slash, Action, Spectacle fighter, Swordplay, Character Action Game, Singleplayer, Third Person, Fast-Paced, Ninja, Gore, Story Rich, Cyberpunk, Difficult, Sci-fi, Replay Value, Mechs, Beat 'em up, Adventure, Stealth",game,METAL GEAR RISING: REVENGEANCE,False,0,False,"Jan 9, 2014",PlatinumGames,KONAMI,Action,"Single-player, Steam Achievements, Full controller support, Steam Cloud, Family Sharing",True,True,False,83,68580,"Developed by Kojima Productions and PlatinumGames, METAL GEAR RISING: REVENGEANCE takes the renowned METAL GEAR franchise into exciting new territory with an all-new action experience. The game seamlessly melds pure action and epic story-telling that surrounds Raiden – a child soldier transformed into a half-human, half-cyborg ninja who...",https://shared.akamai.steamstatic.com/store_item_assets/steam/apps/235460/header.jpg?t=1740076034,http://www.metalgearsolid.com/landing/,https://www.konami.com/games/us/en/pages/support/,,"2,000,000 .. 5,000,000",0,0,88212,84710,3502,88212,0.9603001859157484,9,Overwhelmingly Positive,True,,,,,,,,,,,,,,,,,start0_limit5000_20260614T210511Z,0,5000,2026-06-14T21:06:40.263482+00:00,,,,,,,,,
823130,Totally Accurate Battlegrounds,21692,False,False,False,action/adventure protagonist,Action,1,,game,Totally Accurate Battlegrounds,True,0,False,"Jun 5, 2018",Landfall,Landfall,"Action, Indie, Free To Play","Multi-player, PvP, Online PvP, In-App Purchases",True,False,False,,15318,"Grab your balloon crossbow and trusty inflatable hammer, because things are about to get wobbly! Be the last weirdo standing in the world-leading physics-based Battle Royale game.",https://shared.akamai.steamstatic.com/store_item_assets/steam/apps/823130/header.jpg?t=1736758204,http://landfall.se,,support@landfall.se,,,,87698,77568,10130,87698,0.8844899541608703,8,Very Positive,False,,,,,,,,,,,,,,,,,start10000_limit20000_20260615T073020Z,10000,20000,2026-06-15T16:43:18.238494+00:00,,,,,,,,,
214950,Total War: ROME II - Emperor Edition,1410,True,True,False,systemic/player-role,"Action, Grand Strategy, RTS, Simulation, Singleplayer, Strategy, Tactical, Turn-Based, Turn-Based Strategy",14,"Strategy, Historical, Turn-Based Strategy, Grand Strategy, Rome, Tactical, War, Multiplayer, Real Time Tactics, RTS, Turn-Based, Singleplayer, Online Co-Op, Simulation, Co-op, Turn-Based Tactics, Moddable, Action, Atmospheric, Education",game,Total War: ROME II - Emperor Edition,False,0,False,"Sep 2, 2013","CREATIVE ASSEMBLY, Feral Interactive","SEGA, Feral Interactive",Strategy,"Single-player, Multi-player, PvP, Online PvP, LAN PvP, Co-op, Online Co-op, LAN Co-op, Steam Trading Cards, Camera Comfort, Custom Volume Controls, Adjustable Difficulty, Playable without Timed Input, Save Anytime, Stereo Sound, Surround Sound, Steam Cloud, Family Sharing",True,True,False,76,57461,"Emperor Edition is the definitive edition of ROME II, featuring an improved politics system, overhauled building chains, rebalanced battles and improved visuals in both campaign and battleEmperor Edition contains all free feature updates since its release in 2013, which includes bug fixes, balancing, Twitch.",https://shared.akamai.steamstatic.com/store_item_assets/steam/apps/214950/header.jpg?t=1768912466,http://www.totalwar.com/rome2,https://support.sega.co.uk,,"2,000,000 .. 5,000,000",0,0,87215,76303,10912,87215,0.8748839075847045,8,Very Positive,True,,,,,,,,,,,,,,,,,start0_limit5000_20260614T210511Z,0,5000,2026-06-14T21:06:23.407325+00:00,,,,,,,,,
766570,Russian Fishing 4,19460,False,False,False,RPG/character progression,"Adventure, RPG, Simulation, Sports",5,,game,Russian Fishing 4,True,0,False,"Nov 10, 2021",FishSoft LLC,FishSoft LLC,"Adventure, Casual, Massively Multiplayer, RPG, Simulation, Sports, Free To Play","Single-player, Multi-player, MMO, PvP, Online PvP, Steam Achievements, In-App Purchases, Stats",True,False,False,,,"Russian Fishing 4 is a fishing simulator with RPG elements. There is no story line and the whole process is based on the concept of an open, free to roam and free to play game.",https://shared.akamai.steamstatic.com/store_item_assets/steam/apps/766570/header.jpg?t=1752656375,https://rf4game.com/,https://rf4game.com/contacts/,support@rf4game.com,,,,87111,51829,35282,87111,0.5949765242047502,5,Mixed,False,,,,,,,,,,,,,,,,,start10000_limit20000_20260615T073020Z,10000,20000,2026-06-15T14:52:46.381426+00:00,,,,,,,,,
602960,Barotrauma,13407,False,False,False,systemic/player-role,"Action, Simulation, Strategy",5,,game,Barotrauma,False,0,False,"Mar 13, 2023","FakeFish, Undertow Games",Daedalic Entertainment,"Action, Indie, Simulation, Strategy","Single-player, Multi-player, PvP, Online PvP, Co-op, Online Co-op, Steam Achievements, Steam Trading Cards, Steam Workshop, Steam Cloud, Includes level editor, Family Sharing, Steam Timeline",True,True,True,81,59980,"Barotrauma is a 2D co-op submarine simulator – in space, with survival horror and RPG elements. Steer your submarine, complete missions, fight monsters, fix leaks, operate machinery, man the guns and craft items, and stay alert: danger in Barotrauma doesn’t announce itself!",https://shared.akamai.steamstatic.com/store_item_assets/steam/apps/602960/header.jpg?t=1776271911,http://barotraumagame.com/,http://www.daedalicsupport.com,support@daedalic.de or contact@barotraumagame.com,,,,86964,81766,5198,86964,0.9402281403799273,8,Very Positive,False,,,,,,,,,,,,,,,,,start10000_limit20000_20260615T073020Z,10000,20000,2026-06-15T10:05:38.837294+00:00,,,,,,,,,
750920,Shadow of the Tomb Raider: Definitive Edition,18827,False,False,False,action/adventure protagonist,"Action, Adventure",2,,game,Shadow of the Tomb Raider: Definitive Edition,False,17,False,"Sep 14, 2018","Eidos-Montréal, Crystal Dynamics, Nixxes, Feral Interactive (Mac), Feral interactive (Linux)","Crystal Dynamics, Feral Interactive (Mac), Feral interactive (Linux)","Action, Adventure","Single-player, Steam Achievements, Full controller support, Steam Trading Cards, Steam Cloud, Remote Play on Phone, Remote Play on Tablet, Remote Play on TV, Family Sharing",True,True,True,77,71003,"As Lara Croft races to save the world from a Maya apocalypse, she must become the Tomb Raider she is destined to be.",https://shared.akamai.steamstatic.com/store_item_assets/steam/apps/750920/header.jpg?t=1765239925,https://www.tombraider.com/,https://support.crystald.com/,,,,,86467,73197,13270,86467,0.8465310465264205,8,Very Positive,False,,,,,,,,,,,,,,,,,start10000_limit20000_20260615T073020Z,10000,20000,2026-06-15T14:22:21.856655+00:00,,,,,,,,,
20900,The Witcher: Enhanced Edition Director's Cut,441,True,True,False,narrative/protagonist-heavy,"Action, Action RPG, Adventure, Choices Matter, Multiple Endings, Open World, RPG, Singleplayer, Story Rich, Third Person",24,"RPG, Fantasy, Story Rich, Mature, Singleplayer, Choices Matter, Action, Third Person, Nudity, Adventure, Dark Fantasy, Based On A Novel, Atmospheric, Open World, Great Soundtrack, Medieval, Multiple Endings, Action RPG, Magic, Classic",game,The Witcher: Enhanced Edition Director's Cut,False,17,False,"Sep 19, 2008",CD PROJEKT RED,"CD PROJEKT RED, 1C-SoftClub","Action, RPG","Single-player, Camera Comfort, Color Alternatives, Custom Volume Controls, Adjustable Difficulty, Mouse Only Option, Playable without Timed Input, Save Anytime, Stereo Sound, Steam Cloud, Family Sharing",True,True,False,86,81462,"Become The Witcher, Geralt of Rivia, a legendary monster slayer caught in a web of intrigue woven by forces vying for control of the world. Make difficult decisions and live with the consequences in a game that will immerse you in an extraordinary tale like no other.",https://shared.akamai.steamstatic.com/store_item_assets/steam/apps/20900/header.jpg?t=1749200362,https://www.thewitcher.com/witcher1,https://support.cdprojektred.com,,"2,000,000 .. 5,000,000",0,0,86348,77271,9077,86348,0.894878862278223,8,Very Positive,True,,,,,,,,,,,,,,,,,start0_limit5000_20260614T210511Z,0,5000,2026-06-14T21:05:33.024647+00:00,,,,,,,,,
206440,To the Moon,1275,True,True,False,narrative/protagonist-heavy,"Adventure, Female Protagonist, Interactive Fiction, RPG, RPGMaker, Singleplayer, Story Rich",15,"Story Rich, Great Soundtrack, Indie, Emotional, RPGMaker, Pixel Graphics, Adventure, Singleplayer, Interactive Fiction, Romance, RPG, Short, 2D, Funny, Psychological, Retro, Cute, Linear, Casual, Female Protagonist",game,To the Moon,False,0,False,"Sep 7, 2012",Freebird Games,"Freebird Games, Serenity Forge","Adventure, Indie, RPG","Single-player, Steam Achievements, Full controller support, Steam Trading Cards, Steam Cloud, Family Sharing",True,True,True,81,68617,A story-driven experience about two doctors traversing backwards through a dying man's memories to artificially fulfill his last wish.,https://shared.akamai.steamstatic.com/store_item_assets/steam/apps/206440/header.jpg?t=1780927584,http://www.freebirdgames.com/to_the_moon/,http://freebirdgames.com/contact/,kan@freebirdgames.com,"2,000,000 .. 5,000,000",0,0,85506,82230,3276,85506,0.9616868991649709,9,Overwhelmingly Positive,True,,,,,,,,,,,,,,,,,start0_limit5000_20260614T210511Z,0,5000,2026-06-14T21:06:13.793005+00:00,,,,,,,,,
39210,FINAL FANTASY XIV Online,733,True,True,False,narrative/protagonist-heavy,"Action, Action RPG, Adventure, Character Customization, Female Protagonist, JRPG, MMORPG, Open World, RPG, Story Rich, Third Person",20,"MMORPG, RPG, Massively Multiplayer, Character Customization, Fantasy, JRPG, Open World, Story Rich, Multiplayer, Magic, Adventure, Third Person, Co-op, Online Co-Op, Exploration, Action, Atmospheric, Crafting, Action RPG, Female Protagonist",game,FINAL FANTASY XIV Online,False,13,False,"Feb 18, 2014",Square Enix,Square Enix,"Massively Multiplayer, RPG","Single-player, Multi-player, MMO, PvP, Online PvP, Co-op, Online Co-op, Cross-Platform Multiplayer, Adjustable Text Size, Custom Volume Controls, Keyboard Only Option, Save Anytime, Stereo Sound, Surround Sound, Partial Controller Support, Remote Play on Tablet, Family Sharing",True,False,False,83,77722,"Join over 30 million adventurers worldwide and take part in an epic and ever-changing FINAL FANTASY. Experience an unforgettable story, exhilarating battles, and a myriad of captivating environments to explore.",https://shared.akamai.steamstatic.com/store_item_assets/steam/apps/39210/header.jpg?t=1777372469,http://www.finalfantasyxiv.com/,http://support.na.square-enix.com/main.php?id=5382&amp;la=1,,"2,000,000 .. 5,000,000",0,0,84748,73334,11414,84748,0.8653183555954123,8,Very Positive,True,,,,,,,,,,,,,,,,,start0_limit5000_20260614T210511Z,0,5000,2026-06-14T21:05:46.011837+00:00,,,,,,,,,
223710,Cry of Fear,1535,True,True,False,survival/sandbox or horror,"Action, Adventure, FPS, First-Person, Horror, Psychological Horror, Shooter, Singleplayer, Survival, Survival Horror, Zombies",16,"Horror, Free to Play, Multiplayer, Psychological Horror, Survival Horror, Co-op, Atmospheric, Action, First-Person, Psychological, Indie, Online Co-Op, Singleplayer, FPS, Adventure, Zombies, Shooter, Survival, Mod, Massively Multiplayer",game,Cry of Fear,True,0,False,"Apr 25, 2013",Team Psykskallar,Team Psykskallar,"Action, Adventure, Indie","Single-player, Multi-player, Co-op, Steam Cloud, Valve Anti-Cheat enabled",True,False,False,,296,"Cry of Fear is a psychological single-player and co-op horror game set in a deserted town filled with horrific creatures and nightmarish delusions. You play as a young man desperately searching for answers in the cold Scandinavian night, finding his way through the city as he slowly descends into madness.",https://shared.akamai.steamstatic.com/store_item_assets/steam/apps/223710/header.jpg?t=1643567513,https://linktr.ee/andreas.ronnberg,https://discord.gg/JAMbsJZ72M,,"5,000,000 .. 10,000,000",0,0,84729,75246,9483,84729,0.8880784619197677,8,Very Positive,True,,,,,,,,,,,,,,,,,start0_limit5000_20260614T210511Z,0,5000,2026-06-14T21:06:28.119281+00:00,,,,,,,,,
35140,Batman: Arkham Asylum Game of the Year Edition,659,True,True,False,narrative/protagonist-heavy,"Action, Action-Adventure, Adventure, Detective, Horror, Open World, Singleplayer, Stealth, Story Rich, Third Person",18,"Action, Stealth, Third Person, Superhero, Adventure, Singleplayer, Open World, Beat 'em up, Detective, Comic Book, Atmospheric, Story Rich, Action-Adventure, Fighting, Controller, Metroidvania, Puzzle, Horror, 3D Vision, Dark",game,Batman: Arkham Asylum Game of the Year Edition,False,0,False,"Mar 26, 2010",Rocksteady Studios,WB Games,"Action, Adventure","Single-player, Steam Achievements, Steam Trading Cards, Partial Controller Support, Steam Cloud, Family Sharing",True,False,False,91,59761,Experience what it’s like to be Batman and face off against Gotham's greatest villians. Explore every inch of Arkham Asylum and roam freely on the infamous island.,https://shared.akamai.steamstatic.com/store_item_assets/steam/apps/35140/header.jpg?t=1745966724,http://rocksteadyltd.com/#arkham-asylum,https://community.wbgames.com/t5/Arkham-Legacy-Asylum-City/bd-p/Legacy,WBGames.Intsupport@warnerbros.com,"2,000,000 .. 5,000,000",0,0,84578,81475,3103,84578,0.9633119723805244,9,Overwhelmingly Positive,True,,,,,,,,,,,,,,,,,start0_limit5000_20260614T210511Z,0,5000,2026-06-14T21:05:43.939406+00:00,,,,,,,,,
644560,Mirror,14624,False,False,False,RPG/character progression,"Adventure, RPG",3,,game,Mirror,False,0,False,"Apr 19, 2018",KAGAMI WORKS,Paradise Project,"Adventure, Indie, RPG","Single-player, Steam Achievements, Steam Trading Cards, Steam Cloud, Remote Play on Phone, Remote Play on Tablet, Family Sharing",True,True,False,,73463,"This is a game that combines match-3, GALGAME elements and beauties. If you want to learn more about those beauties, you need to best them first. How the story goes is choice-based so your choices will ultimately decide their fate.",https://shared.akamai.steamstatic.com/store_item_assets/steam/apps/644560/header.jpg?t=1665690863,,,gm@sakuragame.com,,,,84230,81174,3056,84230,0.9637183901222842,9,Overwhelmingly Positive,False,,,,,,,,,,,,,,,,,start10000_limit20000_20260615T073020Z,10000,20000,2026-06-15T11:02:30.031243+00:00,,,,,,,,,
250820,SteamVR,1981,True,True,False,systemic/player-role,"Shooter, Simulation",3,"VR, Software, Simulation, Utilities, 3D, Shooter, Realistic, Combat, Co-op, Romance",game,SteamVR,True,0,False,,Valve,,,"Tracked Controller Support, VR Support, Steam Workshop, SteamVR Collectibles",True,False,False,,,"Grab SteamVR to access and play VR games using your HTC Vive, Oculus Rift, Windows Mixed Reality headset, or any other supported VR headset and controllers.",https://shared.akamai.steamstatic.com/store_item_assets/steam/apps/250820/header.jpg?t=1574723957,https://steamcommunity.com/steamvr,http://steamvr.steampowered.com,,"1,000,000 .. 2,000,000",0,0,84061,72902,11159,84061,0.8672511628460284,8,Very Positive,True,,,,,,,,,,,,,,,,,start0_limit5000_20260614T210511Z,0,5000,2026-06-14T21:06:57.068310+00:00,,,,,,,,,
289650,Assassin's Creed® Unity,2903,True,True,False,narrative/protagonist-heavy,"Action, Action RPG, Adventure, Open World, RPG, Simulation, Singleplayer, Stealth, Story Rich, Tactical, Third Person",18,"Open World, Parkour, Assassin, Co-op, Stealth, Historical, Action, Adventure, Multiplayer, Third Person, Online Co-Op, Singleplayer, Atmospheric, Story Rich, Great Soundtrack, RPG, Action RPG, Tactical, Simulation, Beautiful",game,Assassin's Creed® Unity,False,17,False,"Nov 11, 2014",Ubisoft,Ubisoft,"Action, Adventure","Single-player, Multi-player, Co-op, Steam Achievements, In-App Purchases, Custom Volume Controls, Adjustable Difficulty, Mouse Only Option, Playable without Timed Input, Save Anytime, Stereo Sound, Surround Sound, Partial Controller Support",True,False,False,,77127,"Paris, 1789. In this action-adventure game, experience the French Revolution through the eyes of Arno Dorian. Become an Assassin and expose the true powers behind the Revolution for the fate of a nation.",https://shared.akamai.steamstatic.com/store_item_assets/steam/apps/289650/header.jpg?t=1773328332,http://www.assassinscreed.com,https://support.ubi.com/,,"2,000,000 .. 5,000,000",0,0,83619,65178,18441,83619,0.779463997416855,6,Mostly Positive,True,,,,,,,,,,,,,,,,,start0_limit5000_20260614T210511Z,0,5000,2026-06-14T21:09:02.510165+00:00,,,,,,,,,
728880,Overcooked! 2,18006,False,False,False,action/adventure protagonist,Action,1,,game,Overcooked! 2,False,0,False,"Aug 7, 2018","Ghost Town Games Ltd., Team17",Team17,"Action, Casual, Indie","Single-player, Multi-player, PvP, Online PvP, Shared/Split Screen PvP, Co-op, Online Co-op, Shared/Split Screen Co-op, Shared/Split Screen, Steam Achievements, Full controller support, Steam Trading Cards, Steam Cloud, Remote Play on Phone, Remote Play on Tablet, Remote Play on TV, Remote Play Together, Family Sharing",True,True,True,81,60015,Overcooked returns with a brand-new helping of chaotic cooking action! Journey back to the Onion Kingdom and assemble your team of chefs in classic couch co-op or online play for up to four players. Hold onto your aprons… it’s time to save the world again!,https://shared.akamai.steamstatic.com/store_item_assets/steam/apps/728880/header.jpg?t=1780480581,http://www.ghosttowngames.com/overcooked-2/,https://www.team17.com/support/,support@team17.com,,,,81838,74027,7811,81838,0.9045553410396149,8,Very Positive,False,,,,,,,,,,,,,,,,,start10000_limit20000_20260615T073020Z,10000,20000,2026-06-15T13:42:35.558245+00:00,,,,,,,,,
240720,Getting Over It with Bennett Foddy,1792,True,True,False,narrative/protagonist-heavy,"Action, Adventure, Horror, Platformer, Psychological Horror, Singleplayer, Story Rich, Strategy, Survival Horror, Third Person",16,"Psychological Horror, Difficult, Singleplayer, Physics, Philosophical, Horror, Funny, Platformer, Indie, Survival Horror, Casual, Dark Humor, Replay Value, Adventure, Action, Comedy, Story Rich, Strategy, Great Soundtrack, Third Person",game,Getting Over It with Bennett Foddy,False,0,False,"Dec 6, 2017",Bennett Foddy,Bennett Foddy,Action,"Single-player, Partial Controller Support, Commentary available, Remote Play on Phone, Remote Play on Tablet, Family Sharing",True,True,True,,74176,A game I made for a certain kind of person. To hurt them.,https://shared.akamai.steamstatic.com/store_item_assets/steam/apps/240720/header.jpg?t=1666987027,http://www.foddy.net/2017/09/getting-over-it,http://foddy.net,support@foddy.net,"2,000,000 .. 5,000,000",0,0,81510,67084,14426,81510,0.8230155809103178,8,Very Positive,True,,,,,,,,,,,,,,,,,start0_limit5000_20260614T210511Z,0,5000,2026-06-14T21:06:43.525815+00:00,,,,,,,,,
588430,Fallout Shelter,12890,False,False,False,RPG/character progression,"RPG, Simulation",4,,game,Fallout Shelter,True,0,False,"Mar 29, 2017",Bethesda Game Studios,Bethesda Softworks,"RPG, Simulation, Free To Play","Single-player, Steam Achievements, Full controller support, In-App Purchases, Playable without Timed Input, Stereo Sound, Steam Cloud, Stats",True,False,False,63,,"Fallout Shelter puts you in control of a state-of-the-art underground Vault from Vault-Tec. Build the perfect Vault, keep your Dwellers happy, and protect them from the dangers of the Wasteland.",https://shared.akamai.steamstatic.com/store_item_assets/steam/apps/588430/df2107f2ceb73545e8533e5a48dac30aee7d68aa/header_alt_assets_61.jpg?t=1780070440,http://www.falloutshelter.com/,http://help.bethsoft.com/,falloutshelterhelp@mail.bethesda.net,,,,81443,71581,9862,81443,0.8789091757425439,8,Very Positive,False,,,,,,,,,,,,,,,,,start10000_limit20000_20260615T073020Z,10000,20000,2026-06-15T09:40:39.417840+00:00,,,,,,,,,
550650,Black Squad,11532,False,False,False,action/adventure protagonist,Action,1,,game,Black Squad,True,0,False,"Jun 26, 2019","VALOFE, NS STUDIO",VALOFE,"Action, Free To Play","Multi-player, Steam Achievements, Steam Trading Cards, In-App Purchases",True,False,False,,,"Black Squad is a free-to-play military first-person-shooter. Players can master their skills and show off their strategies with a wide range of game maps, modes, and weapons to choose from. Join thousands of FPS players worldwide in one of the most played games on Steam!",https://shared.akamai.steamstatic.com/store_item_assets/steam/apps/550650/header.jpg?t=1756315059,http://www.blacksquad.com/,https://vfun.valofe.com/customer/support?service_code=bsquad,,,,,81258,61622,19636,81258,0.7583499470821334,6,Mostly Positive,False,,,,,,,,,,,,,,,,,start10000_limit20000_20260615T073020Z,10000,20000,2026-06-15T08:39:03.491033+00:00,,,,,,,,,
397900,Business Tour - Board Game with Online Multiplayer(大富翁),6543,True,False,False,systemic/player-role,"Adventure, Simulation, Strategy",5,,game,Business Tour - Board Game with Online Multiplayer(大富翁),True,0,False,"Jul 27, 2017",8Floor,8Floor,"Adventure, Casual, Indie, Massively Multiplayer, Simulation, Strategy, Free To Play","Single-player, Multi-player, PvP, Online PvP, Shared/Split Screen PvP, Co-op, Online Co-op, Shared/Split Screen Co-op, Shared/Split Screen, Cross-Platform Multiplayer, Steam Achievements, Full controller support, Steam Trading Cards, Steam Workshop, In-App Purchases, Steam Leaderboards, Includes level editor, Remote Play on Phone, Remote Play on Tablet, Remote Play Together",True,True,False,,,"Business Tour is a free-to-play multiplayer tabletop game. Build your own monopoly, play with friends, complete daily tasks, and compete against players from around the world. Easy to learn, fun to master, and perfect for quick matches.",https://shared.akamai.steamstatic.com/store_item_assets/steam/apps/397900/14b4c323ea253cb91a7646379da5017aa8afe7a8/header.jpg?t=1781007004,https://www.facebook.com/businesstourgame/,https://www.facebook.com/businesstourgame/,businesstour.game@gmail.com,,,,79756,47636,32120,79756,0.5972716786197904,5,Mixed,True,,,,,,,,,,,,,,,,,start5000_limit5000_20260614T200239Z,5000,5000,2026-06-14T20:06:38.016654+00:00,,,,,,,,,
207610,The Walking Dead,1297,True,True,False,narrative/protagonist-heavy,"Action, Adventure, Choices Matter, Choose Your Own Adventure, Horror, Point & Click, Singleplayer, Story Rich, Survival, Third Person, Zombies",25,"Zombies, Story Rich, Adventure, Point & Click, Episodic, Singleplayer, Choices Matter, Drama, Horror, Emotional, Mature, Atmospheric, Choose Your Own Adventure, Post-apocalyptic, Comic Book, Survival, Quick-Time Events, Gore, Action, Third Person",game,The Walking Dead,False,17,False,"Apr 24, 2012",Telltale Games,Skybound Games,Adventure,"Single-player, Steam Achievements, Full controller support, Steam Trading Cards, Family Sharing",True,True,False,82,52702,A five-part adventure horror series set in the same universe as Robert Kirkman’s award-winning comic book series.,https://shared.akamai.steamstatic.com/store_item_assets/steam/apps/207610/header.jpg?t=1729702559,https://help.skybound.com/,https://help.skybound.com/support/solutions,,"2,000,000 .. 5,000,000",0,0,79522,77396,2126,79522,0.9732652599280702,9,Overwhelmingly Positive,True,,,,,,,,,,,,,,,,,start0_limit5000_20260614T210511Z,0,5000,2026-06-14T21:06:14.637751+00:00,,,,,,,,,
239030,"Papers, Please",1771,True,True,False,narrative/protagonist-heavy,"Adventure, Multiple Endings, Point & Click, Political, Simulation, Singleplayer, Story Rich, Strategy",15,"Indie, Political, Simulation, Point & Click, Singleplayer, Pixel Graphics, Dystopian , Multiple Endings, Puzzle, Story Rich, Retro, Atmospheric, 2D, Addictive, Great Soundtrack, Strategy, Replay Value, Casual, Difficult, Adventure",game,"Papers, Please",False,0,False,"Aug 8, 2013",Lucas Pope,3909,"Adventure, Indie","Single-player, Steam Achievements, Steam Trading Cards, Steam Cloud, Stats, Steam Leaderboards, Remote Play on Phone, Remote Play on Tablet, Family Sharing",True,True,True,85,72123,"Congratulations. The October labor lottery is complete. Your name was pulled. For immediate placement, report to the Ministry of Admission at Grestin Border Checkpoint. An apartment will be provided for you and your family in East Grestin. Expect a Class-8 dwelling.",https://shared.akamai.steamstatic.com/store_item_assets/steam/apps/239030/header.jpg?t=1678266428,http://papersplea.se,https://papersplea.se/support/,,"2,000,000 .. 5,000,000",0,0,79165,77028,2137,79165,0.9730057474894208,9,Overwhelmingly Positive,True,,,,,,,,,,,,,,,,,start0_limit5000_20260614T210511Z,0,5000,2026-06-14T21:06:42.939188+00:00,,,,,,,,,
636480,Ravenfield,14431,False,False,False,action/adventure protagonist,Action,1,,game,Ravenfield,False,0,False,"May 18, 2017",SteelRaven7,SteelRaven7,"Action, Indie, Early Access","Single-player, Steam Workshop, Partial Controller Support, Includes level editor, Family Sharing",True,True,True,,75494,"Fight upon the Ravenfield together with your Blue allies! Take down those pesky Reds using helicopters, tanks, guns, and active ragdoll physics!",https://shared.akamai.steamstatic.com/store_item_assets/steam/apps/636480/header.jpg?t=1664197939,http://ravenfieldgame.com/,http://ravenfieldgame.com/support.html,,,,,79048,76460,2588,79048,0.9672603987450663,9,Overwhelmingly Positive,False,,,,,,,,,,,,,,,,,start10000_limit20000_20260615T073020Z,10000,20000,2026-06-15T10:53:01.205877+00:00,,,,,,,,,
287390,Metro: Last Light Redux,2832,True,True,False,narrative/protagonist-heavy,"Action, Adventure, FPS, First-Person, Horror, Open World, Shooter, Singleplayer, Stealth, Story Rich, Survival, Survival Horror",20,"Post-apocalyptic, FPS, Atmospheric, Action, Story Rich, Horror, Singleplayer, First-Person, Shooter, Stealth, Survival, Based On A Novel, Adventure, Survival Horror, Nudity, Remake, Sci-fi, Multiplayer, Difficult, Open World",game,Metro: Last Light Redux,False,0,False,"Aug 25, 2014",4A Games,Deep Silver,Action,"Single-player, Steam Achievements, Full controller support, Steam Trading Cards, Steam Cloud, Remote Play on TV, Family Sharing",True,True,True,76,68759,"It is the year 2034. Beneath the ruins of post-apocalyptic Moscow, in the tunnels of the Metro, the remnants of mankind are besieged by deadly threats from outside – and within. Mutants stalk the catacombs beneath the desolate surface, and hunt amidst the poisoned skies above.",https://shared.akamai.steamstatic.com/store_item_assets/steam/apps/287390/header.jpg?t=1725444535,,https://support.deepsilver.com/games,,"2,000,000 .. 5,000,000",0,0,78927,71945,6982,78927,0.9115385102689828,8,Very Positive,True,,,,,,,,,,,,,,,,,start0_limit5000_20260614T210511Z,0,5000,2026-06-14T21:08:43.216974+00:00,,,,,,,,,
212680,FTL: Faster Than Light,1380,True,True,False,narrative/protagonist-heavy,"Adventure, Choose Your Own Adventure, Simulation, Singleplayer, Strategy, Survival, Tactical",13,"Rogue-like, Space, Strategy, Sci-fi, Indie, Singleplayer, Perma Death, Difficult, Replay Value, Real-Time with Pause, Procedural Generation, Tactical, Space Sim, Top-Down, 2D, Rogue-lite, Survival, Choose Your Own Adventure, Simulation, Adventure",game,FTL: Faster Than Light,False,0,False,"Sep 14, 2012",Subset Games,Subset Games,"Indie, Simulation, Strategy","Single-player, Steam Achievements, Steam Trading Cards, Remote Play on Phone, Remote Play on Tablet, Family Sharing",True,True,True,84,62136,This &quot;spaceship simulation roguelike-like&quot; allows you to take your ship and crew on an adventure through a randomly generated galaxy filled with glory and bitter defeat.,https://shared.akamai.steamstatic.com/store_item_assets/steam/apps/212680/f21426ac9ad51338fa33becce88984758e07c38b/header.jpg?t=1748969356,https://subsetgames.com/ftl.html,http://subsetgames.com/contact.html,contact@subsetgames.com,"2,000,000 .. 5,000,000",0,0,78057,74253,3804,78057,0.9512663822591184,9,Overwhelmingly Positive,True,,,,,,,,,,,,,,,,,start0_limit5000_20260614T210511Z,0,5000,2026-06-14T21:06:22.340057+00:00,,,,,,,,,
274170,Hotline Miami 2: Wrong Number,2527,True,True,False,action/adventure protagonist,"Action, Shooter, Singleplayer, Top-Down Shooter",5,"Great Soundtrack, Gore, Pixel Graphics, Violent, Action, Fast-Paced, Difficult, Retro, Top-Down, 1980s, Indie, Singleplayer, Top-Down Shooter, Atmospheric, Blood, 2D, Shooter, Level Editor, Arcade, 1990's",game,Hotline Miami 2: Wrong Number,False,17,False,"Mar 10, 2015",Dennaton Games,Devolver Digital,"Action, Indie","Single-player, Steam Achievements, Full controller support, Steam Workshop, Steam Cloud, Steam Leaderboards, Includes level editor, Remote Play on TV, Family Sharing",True,True,True,,67411,"Hotline Miami 2: Wrong Number is the brutal conclusion to the Hotline Miami saga, set against a backdrop of escalating violence and retribution over spilled blood in the original game.",https://shared.akamai.steamstatic.com/store_item_assets/steam/apps/274170/header.jpg?t=1728687900,http://www.hotlinemiami.com,,support@devolverdigital.com,"2,000,000 .. 5,000,000",0,0,77958,73435,4523,77958,0.941981579825034,8,Very Positive,True,,,,,,,,,,,,,,,,,start0_limit5000_20260614T210511Z,0,5000,2026-06-14T21:08:04.008814+00:00,,,,,,,,,
242050,Assassin’s Creed® IV Black Flag™,1808,True,True,False,narrative/protagonist-heavy,"Action, Action RPG, Action-Adventure, Adventure, Open World, RPG, Singleplayer, Stealth, Story Rich, Third Person",17,"Pirates, Open World, Assassin, Adventure, Action, Stealth, Parkour, Third Person, Naval, Multiplayer, Historical, Story Rich, Singleplayer, Exploration, Action-Adventure, Naval Combat, Atmospheric, RPG, Mature, Action RPG",game,Assassin’s Creed® IV Black Flag™,False,18,False,,Ubisoft Montreal,Ubisoft,"Action, Adventure","Single-player, Multi-player, Steam Achievements, In-App Purchases, Stereo Sound, Surround Sound",True,False,False,,71379,"Discover Assassin's Creed IV Black Flag, the classic pirate action-adventure game from 2013. Command your ship, hunt Templars and carve your legend as Edward Kenway across the Caribbean's Golden Age of Piracy.",https://shared.akamai.steamstatic.com/store_item_assets/steam/apps/242050/header.jpg?t=1777052740,http://www.assassinscreed.com,https://support.ubi.com/,,"5,000,000 .. 10,000,000",0,0,77749,68739,9010,77749,0.8841142651352429,8,Very Positive,True,,,,,,,,,,,,,,,,,start0_limit5000_20260614T210511Z,0,5000,2026-06-14T21:06:44.292361+00:00,,,,,,,,,
331470,Everlasting Summer,4103,True,True,False,narrative/protagonist-heavy,"Adventure, Choices Matter, Multiple Endings, Mystery, Singleplayer, Story Rich, Visual Novel",22,"Visual Novel, Story Rich, Free to Play, Anime, Great Soundtrack, Choices Matter, Mature, Romance, Singleplayer, Nudity, Multiple Endings, 2D, Dating Sim, Replay Value, Mystery, Adventure, Comedy, Indie, Classic, Casual",game,Everlasting Summer,True,0,False,"Nov 19, 2014",Soviet Games,Soviet Games,"Adventure, Casual, Indie, Free To Play","Single-player, Steam Achievements, Partial Controller Support, Steam Cloud",True,True,True,,537,Visual novel loved by many – Everlasting Summer – now on Steam!,https://shared.akamai.steamstatic.com/store_item_assets/steam/apps/331470/header.jpg?t=1741850740,http://everlastingsummer.su/,http://everlastingsummer.su/,mail@everlastingsummer.su,"500,000 .. 1,000,000",0,0,77640,73357,4283,77640,0.9448351365275632,8,Very Positive,True,,,,,,,,,,,,,,,,,start0_limit5000_20260614T210511Z,0,5000,2026-06-14T21:13:29.926138+00:00,,,,,,,,,
206420,Saints Row IV: Re-Elected,1274,True,True,False,survival/sandbox or horror,"Action, Adventure, Character Customization, Female Protagonist, Open World, Sandbox, Singleplayer, Third Person, Third-Person Shooter",17,"Open World, Action, Comedy, Co-op, Third-Person Shooter, Character Customization, Superhero, Sandbox, Funny, Third Person, Adventure, Online Co-Op, Aliens, Parody , Multiplayer, Singleplayer, Great Soundtrack, Sci-fi, Dark Humor, Female Protagonist",game,Saints Row IV: Re-Elected,False,17,False,"Aug 19, 2013",Deep Silver Volition,Deep Silver,"Action, Adventure","Single-player, Multi-player, Co-op, Online Co-op, Cross-Platform Multiplayer, Steam Achievements, Full controller support, Steam Trading Cards, Steam Workshop, Steam Cloud, Remote Play on TV, Family Sharing",True,False,True,86,57423,"Experience the insane antics of Saints Row IV. The Saints have gone from the Penthouse to the White House - but Earth has been invaded and it’s up to you to save it with an arsenal of superpowers and strange weapons, in the wildest open world game ever.",https://shared.akamai.steamstatic.com/store_item_assets/steam/apps/206420/header.jpg?t=1764670979,http://www.saintsrow.com,helpcenter.deepsilver.com,,"5,000,000 .. 10,000,000",0,0,77489,67946,9543,77489,0.876847036353547,8,Very Positive,True,,,,,,,,,,,,,,,,,start0_limit5000_20260614T210511Z,0,5000,2026-06-14T21:06:13.761476+00:00,,,,,,,,,
307690,Sleeping Dogs: Definitive Edition,3436,True,True,False,narrative/protagonist-heavy,"Action, Adventure, Martial Arts, Open World, Sandbox, Shooter, Singleplayer, Story Rich, Third Person, Third-Person Shooter",15,"Open World, Action, Martial Arts, Crime, Singleplayer, Third Person, Story Rich, Parkour, Adventure, Multiplayer, Gore, Mature, Racing, Atmospheric, Shooter, Third-Person Shooter, Sandbox, Great Soundtrack, Fighting, Remake",game,Sleeping Dogs: Definitive Edition,False,17,False,"Oct 8, 2014","United Front Games, Feral Interactive (Mac)","Square Enix, Feral Interactive (Mac)","Action, Adventure, Racing","Single-player, Steam Achievements, Full controller support, Steam Cloud, Steam Leaderboards, Remote Play on Tablet, Remote Play on TV, Family Sharing",True,True,False,,68368,"The Definitive Edition of the critically acclaimed, award winning open-world action adventure, reworked, rebuilt and re-mastered for the new generation. With all previously available DLC included and a wealth of tech and visual improvements, Hong Kong has never felt so alive.",https://shared.akamai.steamstatic.com/store_item_assets/steam/apps/307690/header.jpg?t=1766070052,http://www.sleepingdogs.net/,http://sqex.to/steamsupport,,"2,000,000 .. 5,000,000",0,0,77343,72724,4619,77343,0.940279016847032,8,Very Positive,True,,,,,,,,,,,,,,,,,start0_limit5000_20260614T210511Z,0,5000,2026-06-14T21:11:06.781384+00:00,,,,,,,,,
200260,Batman: Arkham City - Game of the Year Edition,1169,True,True,False,narrative/protagonist-heavy,"Action, Action-Adventure, Adventure, Detective, Open World, Sandbox, Singleplayer, Stealth, Story Rich, Third Person",18,"Action, Open World, Stealth, Superhero, Adventure, Third Person, Singleplayer, Beat 'em up, Comic Book, Detective, Story Rich, Atmospheric, Fighting, Action-Adventure, Cinematic, Controller, 3D Vision, Sandbox, Metroidvania, Great Soundtrack",game,Batman: Arkham City - Game of the Year Edition,False,0,False,"Sep 7, 2012",Rocksteady Studios,WB Games,"Action, Adventure","Single-player, Steam Achievements, Steam Trading Cards, Partial Controller Support, Steam Cloud, Family Sharing",True,False,False,91,54416,Get Batman: Arkham City and all DLC for one low price with the release of the GOTY Edition!,https://shared.akamai.steamstatic.com/store_item_assets/steam/apps/200260/header.jpg?t=1745964057,http://community.batmanarkhamcity.com/,,support@wbgames.com,"2,000,000 .. 5,000,000",0,0,76261,73340,2921,76261,0.9616973289099278,9,Overwhelmingly Positive,True,,,,,,,,,,,,,,,,,start0_limit5000_20260614T210511Z,0,5000,2026-06-14T21:06:09.952785+00:00,,,,,,,,,
678950,DRAGON BALL FighterZ,16060,False,False,False,action/adventure protagonist,Action,1,,game,DRAGON BALL FighterZ,False,0,False,"Jan 26, 2018",Arc System Works,Bandai Namco Entertainment,Action,"Single-player, Multi-player, PvP, Online PvP, Shared/Split Screen PvP, Shared/Split Screen, Steam Achievements, Full controller support, Steam Trading Cards, Steam Cloud, Remote Play on Phone, Remote Play on Tablet, Remote Play on TV, Remote Play Together, Family Sharing",True,False,False,85,54518,DRAGON BALL FighterZ is born from what makes the DRAGON BALL series so loved and famous: endless spectacular fights with its all-powerful fighters.,https://shared.akamai.steamstatic.com/store_item_assets/steam/apps/678950/df2f6b9630a969448a14eed5aba183d27d2ca65b/header_alt_assets_6.jpg?t=1776898545,https://www.bandainamcoent.com/,https://www.bandainamcoent.com/,,,,,76125,68849,7276,76125,0.9044203612479474,8,Very Positive,False,,,,,,,,,,,,,,,,,start10000_limit20000_20260615T073020Z,10000,20000,2026-06-15T12:09:57.003379+00:00,,,,,,,,,
224260,No More Room in Hell,1542,True,True,False,survival/sandbox or horror,"Action, Adventure, FPS, First-Person, Horror, Open World, Shooter, Survival, Survival Horror, Zombies",15,"Free to Play, Zombies, Multiplayer, Survival, Horror, Co-op, Online Co-Op, Action, FPS, First-Person, Survival Horror, Shooter, Post-apocalyptic, Open World, Realistic, Indie, Atmospheric, Mod, Adventure, Massively Multiplayer",game,No More Room in Hell,True,0,False,"Oct 31, 2013",No More Room in Hell Team,Lever Games,"Action, Indie, Free To Play","Multi-player, Co-op, Cross-Platform Multiplayer, Steam Achievements, Captions available, VR Support, Steam Workshop, Partial Controller Support, Steam Cloud, Valve Anti-Cheat enabled, Includes level editor, Includes Source SDK",True,False,True,,703,"The chances of you surviving this all out war of society and the undead are slim to none. Already, there are millions of the walking dead shambling about, searching for food to eat. There's no known cure. One bite can possibly end it all for you. However, you aren't alone in this nightmare.",https://shared.akamai.steamstatic.com/store_item_assets/steam/apps/224260/header.jpg?t=1696263772,https://www.nomoreroominhell.com/,https://forums.nomoreroominhell.com/index.php?/forum/57-help-support/,,"5,000,000 .. 10,000,000",0,0,76022,68353,7669,76022,0.8991213069900819,8,Very Positive,True,,,,,,,,,,,,,,,,,start0_limit5000_20260614T210511Z,0,5000,2026-06-14T21:06:28.619882+00:00,,,,,,,,,
787860,Farming Simulator 19,20283,False,False,False,systemic/player-role,Simulation,2,,game,Farming Simulator 19,False,0,False,"Nov 19, 2018",Giants Software,Giants Software,Simulation,"Single-player, Multi-player, Co-op, Online Co-op, Steam Achievements, Full controller support, Steam Trading Cards, Steam Cloud, Remote Play on Tablet, Remote Play on TV, Family Sharing",True,True,False,73,64319,"The best-selling franchise takes a giant leap forward with a complete overhaul of the graphics engine, offering the most striking and immersive visuals and effects, along with the deepest and most complete farming experience ever.",https://shared.akamai.steamstatic.com/store_item_assets/steam/apps/787860/header.jpg?t=1674664652,,http://www.farming-simulator.com/support.php,support@giants-software.com,,,,75978,71769,4209,75978,0.9446023849008923,8,Very Positive,False,,,,,,,,,,,,,,,,,start10000_limit20000_20260615T073020Z,10000,20000,2026-06-15T15:33:09.560629+00:00,,,,,,,,,
414340,Hellblade: Senua's Sacrifice,7067,True,False,False,action/adventure protagonist,"Action, Adventure",2,,game,Hellblade: Senua's Sacrifice,False,17,False,"Aug 7, 2017",Ninja Theory,"Ninja Theory, Xbox Game Studios","Action, Adventure, Indie","Single-player, Steam Achievements, Full controller support, Steam Trading Cards, Steam Cloud, Remote Play on TV, Family Sharing",True,False,False,83,66226,"From the makers of Heavenly Sword, Enslaved: Odyssey to the West, and DmC: Devil May Cry, comes a warrior’s brutal journey into myth and madness. Set in the Viking age, a broken Celtic warrior embarks on a haunting vision quest into Viking Hell to fight for the soul of her dead lover.",https://shared.akamai.steamstatic.com/store_item_assets/steam/apps/414340/header.jpg?t=1776350290,http://www.hellblade.com/,http://www.hellblade.com/contact,hellbladesupport@ninjatheory.com,,,,75968,68329,7639,75968,0.8994445029486099,8,Very Positive,True,,,,,,,,,,,,,,,,,start5000_limit5000_20260614T200239Z,5000,5000,2026-06-14T20:08:44.236637+00:00,,,,,,,,,
380600,Fishing Planet,5934,True,False,False,systemic/player-role,"Simulation, Sports",2,,game,Fishing Planet,True,0,False,"Aug 28, 2017",Fishing Planet LLC,Fishing Planet LLC,"Massively Multiplayer, Simulation, Sports, Free To Play","Single-player, Multi-player, MMO, PvP, Online PvP, Co-op, Online Co-op, Steam Achievements, Full controller support, Steam Trading Cards, In-App Purchases, Remote Play on TV",True,True,True,,551,Fishing Planet® is a free-to-play and highly realistic first-person online multiplayer fishing simulator. Developed by avid fishing enthusiasts to bring you the full thrill of actual angling on your PC.,https://shared.akamai.steamstatic.com/store_item_assets/steam/apps/380600/46c387ea35e4c962e27a7720d27d0371a9c25324/header_alt_assets_15.jpg?t=1781199896,http://www.fishingplanet.com,,support@fishingplanet.com,,,,75161,65196,9965,75161,0.8674179428160881,8,Very Positive,True,,,,,,,,,,,,,,,,,start5000_limit5000_20260614T200239Z,5000,5000,2026-06-14T20:04:54.688616+00:00,,,,,,,,,
460950,Katana ZERO,8600,True,False,False,action/adventure protagonist,Action,1,,game,Katana ZERO,False,0,False,"Apr 18, 2019",Askiisoft,Devolver Digital,"Action, Indie","Single-player, Steam Achievements, Full controller support, Steam Trading Cards, Steam Cloud, Remote Play on Phone, Remote Play on Tablet, Remote Play on TV, Family Sharing",True,True,False,83,65465,"Katana ZERO is a stylish neo-noir, action-platformer featuring breakneck action and instant-death combat. Slash, dash, and manipulate time to unravel your past in a beautifully brutal acrobatic display.",https://shared.akamai.steamstatic.com/store_item_assets/steam/apps/460950/header.jpg?t=1761066027,http://www.katanazero.com/,http://www.katanazero.com/,,,,,75067,73525,1542,75067,0.9794583505401842,9,Overwhelmingly Positive,True,,,,,,,,,,,,,,,,,start5000_limit5000_20260614T200239Z,5000,5000,2026-06-14T20:13:29.579091+00:00,,,,,,,,,
218230,PlanetSide 2,1457,True,True,False,RPG/character progression,"Action, Adventure, FPS, First-Person, Open World, RPG, Shooter, Strategy, Tactical",11,"Free to Play, FPS, Massively Multiplayer, Shooter, Action, Open World, Multiplayer, Team-Based, Sci-fi, War, Tactical, First-Person, PvP, Futuristic, Online Co-Op, Co-op, Strategy, Space, Adventure, RPG",game,PlanetSide 2,True,0,False,"Nov 20, 2012",Rogue Planet Games,Daybreak Game Company,"Action, Massively Multiplayer, Free To Play","Multi-player, MMO, PvP, Online PvP, Steam Trading Cards, Steam Cloud",True,False,False,84,578,"PlanetSide 2 is an all-out planetary war, where thousands of players battle as one across enormous continents. Utilize infantry, ground and air vehicles, and teamwork to destroy your enemies in this revolutionary first-person shooter on a massive scale.",https://shared.akamai.steamstatic.com/store_item_assets/steam/apps/218230/86a0f9e8396733762ba9aff37169498e603c38b5/header.jpg?t=1765498236,http://www.planetside2.com/,http://help.planetside2.com,,"5,000,000 .. 10,000,000",0,0,74613,60080,14533,74613,0.8052216101751706,8,Very Positive,True,,,,,,,,,,,,,,,,,start0_limit5000_20260614T210511Z,0,5000,2026-06-14T21:06:25.216086+00:00,,,,,,,,,
304430,INSIDE,3343,True,True,False,narrative/protagonist-heavy,"2D Platformer, Action, Action-Adventure, Adventure, Horror, Multiple Endings, Narrative, Platformer, Puzzle-Platformer, Singleplayer, Story Rich",18,"2.5D, Puzzle-Platformer, Atmospheric, Dark, Story Rich, Indie, Horror, Cinematic, Singleplayer, Adventure, Multiple Endings, 2D Platformer, Puzzle, Ambient, Platformer, Minimalist, Action-Adventure, Narrative, Controller, Action",game,INSIDE,False,0,False,"Jul 7, 2016",Playdead,Playdead,"Action, Adventure, Indie","Single-player, Steam Achievements, Full controller support, Steam Trading Cards, Color Alternatives, Keyboard Only Option, Playable without Timed Input, Stereo Sound, Steam Cloud, Family Sharing",True,False,False,87,68416,"Hunted and alone, a boy finds himself drawn into the center of a dark project. INSIDE is a dark, narrative-driven platformer combining intense action with challenging puzzles. It has been critically acclaimed for its moody art style, ambient soundtrack and unsettling atmosphere.",https://shared.akamai.steamstatic.com/store_item_assets/steam/apps/304430/header.jpg?t=1761819581,http://www.playdead.com/,http://playdead.com/support/inside/,support@playdead.com,"2,000,000 .. 5,000,000",0,0,74513,72268,2245,74513,0.9698710292163784,9,Overwhelmingly Positive,True,,,,,,,,,,,,,,,,,start0_limit5000_20260614T210511Z,0,5000,2026-06-14T21:10:28.987262+00:00,,,,,,,,,
431240,Golf With Your Friends,7553,True,False,False,general genre match,Sports,0,,game,Golf With Your Friends,False,0,False,"May 19, 2020","Blacklight Interactive, Team17",Team17,"Casual, Indie, Sports","Single-player, Multi-player, PvP, Online PvP, Shared/Split Screen PvP, Shared/Split Screen, Steam Achievements, Steam Workshop, Partial Controller Support, Stats, Includes level editor, Remote Play on Phone, Remote Play on Tablet, Remote Play Together, Family Sharing",True,True,True,,49309,"Why have friends if not to play Golf... With Your Friends! Nothing is out of bounds as you take on courses filled with fast paced, exciting, simultaneous mini golf for up to 12 players!",https://shared.akamai.steamstatic.com/store_item_assets/steam/apps/431240/header.jpg?t=1780479958,https://www.gwyf.golf/,https://www.team17.com/support/,help@team17support.com,,,,73807,64587,9220,73807,0.8750795994959828,8,Very Positive,True,,,,,,,,,,,,,,,,,start5000_limit5000_20260614T200239Z,5000,5000,2026-06-14T20:10:21.394016+00:00,,,,,,,,,
203770,Crusader Kings II,1224,True,True,False,RPG/character progression,"Character Customization, Grand Strategy, Political, Political Sim, RPG, RTS, Sandbox, Simulation, Singleplayer, Strategy",20,"Grand Strategy, Strategy, Medieval, Historical, Political Sim, Simulation, RPG, Sandbox, Multiplayer, Politics, Diplomacy, Singleplayer, Replay Value, Real-Time with Pause, Moddable, Political, Free to Play, Character Customization, RTS, Great Soundtrack",game,Crusader Kings II,True,0,False,"Feb 14, 2012",Paradox Development Studio,Paradox Interactive,"RPG, Simulation, Strategy, Free To Play","Single-player, Multi-player, Steam Trading Cards",True,True,True,82,30859,Explore one of the defining periods in world history in an experience crafted by the masters of Grand Strategy.,https://shared.akamai.steamstatic.com/store_item_assets/steam/apps/203770/header.jpg?t=1740566844,http://www.crusaderkings.com/,https://paradox.zendesk.com/home,,"2,000,000 .. 5,000,000",0,0,73646,66681,6965,73646,0.90542595660321,8,Very Positive,True,,,,,,,,,,,,,,,,,start0_limit5000_20260614T210511Z,0,5000,2026-06-14T21:06:11.898331+00:00,,,,,,,,,
233450,Prison Architect,1671,True,True,False,systemic/player-role,"Base-Building, Building, City Builder, Colony Sim, Management, Resource Management, Sandbox, Simulation, Singleplayer, Strategy",17,"Simulation, Building, Sandbox, Base-Building, Colony Sim, Strategy, Management, City Builder, 2D, Top-Down, Multiplayer, Resource Management, Economy, Singleplayer, Moddable, Capitalism, Funny, Replay Value, Indie, Casual",game,Prison Architect,False,0,False,"Oct 6, 2015","Introversion Software, Double Eleven",Paradox Interactive,"Indie, Simulation, Strategy","Single-player, Steam Achievements, Steam Trading Cards, Steam Workshop, Steam Cloud, Includes level editor, Family Sharing",True,True,True,83,59791,Only the world’s most ruthless Warden can contain the world’s most ruthless inmates. Design and develop your personalized penitentiary in Prison Architect.,https://shared.akamai.steamstatic.com/store_item_assets/steam/apps/233450/header.jpg?t=1759221867,https://www.prisonarchitect.com/,https://www.paradoxplaza.com/support-static-info-ca.html,,"5,000,000 .. 10,000,000",0,0,73416,65537,7879,73416,0.8926800697395663,8,Very Positive,True,,,,,,,,,,,,,,,,,start0_limit5000_20260614T210511Z,0,5000,2026-06-14T21:06:38.850509+00:00,,,,,,,,,
286160,Tabletop Simulator,2799,True,True,False,RPG/character progression,"First-Person, RPG, Sandbox, Simulation, Strategy",9,"Tabletop, Board Game, Simulation, Multiplayer, Sandbox, Card Game, VR, Trading Card Game, Physics, Moddable, 3D, Strategy, Online Co-Op, Casual, Wargame, Co-op, RPG, Funny, First-Person, Indie",game,Tabletop Simulator,False,0,False,"Jun 5, 2015",Berserk Games,Berserk Games,"Casual, Indie, RPG, Simulation, Strategy","Single-player, Multi-player, PvP, Online PvP, Shared/Split Screen PvP, Co-op, Online Co-op, Shared/Split Screen Co-op, Shared/Split Screen, Cross-Platform Multiplayer, Steam Achievements, Full controller support, Tracked Controller Support, VR Supported, Steam Trading Cards, Steam Workshop, Steam Cloud, Includes level editor, Remote Play Together, Family Sharing",True,True,True,,47960,"Tabletop Simulator is the only simulator where you can let your aggression out by flipping the table! There are no rules to follow: just you, a physics sandbox, and your friends. Make your own online board games or play the thousands of community created mods. Unlimited gaming possibilities!",https://shared.akamai.steamstatic.com/store_item_assets/steam/apps/286160/header.jpg?t=1772387518,https://www.tabletopsimulator.com/,https://forums.tabletopsimulator.com/,berserkgames@gmail.com,"2,000,000 .. 5,000,000",0,0,73277,70299,2978,73277,0.9593596899436384,9,Overwhelmingly Positive,True,,,,,,,,,,,,,,,,,start0_limit5000_20260614T210511Z,0,5000,2026-06-14T21:08:39.963064+00:00,,,,,,,,,
213670,South Park™: The Stick of Truth™,1390,True,True,False,narrative/protagonist-heavy,"Action, Adventure, JRPG, Open World, RPG, Singleplayer, Story Rich, Turn-Based, Turn-Based Strategy, Zombies",18,"RPG, Comedy, Adventure, Funny, Turn-Based, Dark Humor, Singleplayer, Action, Mature, 2D, Satire, Nudity, Cartoon, Open World, Story Rich, Fantasy, Turn-Based Strategy, Epic, Zombies, JRPG",game,South Park™: The Stick of Truth™,False,0,False,"Mar 3, 2014",Obsidian Entertainment,Ubisoft,"Action, Adventure, RPG","Single-player, Steam Achievements, Full controller support, Remote Play on Phone, Remote Play on Tablet, Remote Play on TV, Family Sharing",True,False,False,,60080,"From the perilous battlefields of the fourth-grade playground, a young hero will rise, destined to be South Park’s savior. From the creators of South Park, Trey Parker and Matt Stone, comes an epic quest to become… cool. Introducing South Park™: The Stick of Truth™.For a thousand years, the battle has been waged.",https://shared.akamai.steamstatic.com/store_item_assets/steam/apps/213670/header.jpg?t=1777994062,http://southpark.ubi.com/stickoftruth/en-us/home/index.aspx,http://support.ubi.com,,"2,000,000 .. 5,000,000",0,0,72714,70947,1767,72714,0.9756993151250104,9,Overwhelmingly Positive,True,,,,,,,,,,,,,,,,,start0_limit5000_20260614T210511Z,0,5000,2026-06-14T21:06:22.894683+00:00,,,,,,,,,
238460,BattleBlock Theater®,1762,True,True,False,action/adventure protagonist,"2D Platformer, Action, Adventure, Narration, Platformer, Puzzle-Platformer, Singleplayer",6,"Co-op, Platformer, Funny, Comedy, Level Editor, Multiplayer, Local Co-Op, 2D, Online Co-Op, Cats, 2D Platformer, Action, Side Scroller, Local Multiplayer, Casual, Singleplayer, Puzzle-Platformer, Indie, Puzzle, Narration",game,BattleBlock Theater®,False,0,False,"May 15, 2014",The Behemoth,The Behemoth,"Action, Adventure, Casual, Indie","Single-player, Multi-player, PvP, Online PvP, Shared/Split Screen PvP, Co-op, Online Co-op, Shared/Split Screen Co-op, Shared/Split Screen, Steam Achievements, Full controller support, Steam Trading Cards, Steam Workshop, Steam Cloud, Stats, Steam Leaderboards, Includes level editor, Remote Play on Phone, Remote Play on Tablet, Remote Play on TV, Remote Play Together, Family Sharing",True,True,False,85,55553,"Welcome to BattleBlock Theater! You’ve got no where to go but up...on stage. Play single player or co-op to free your friends and save Hatty Hattington! Jump, solve and battle your way through a mysterious theater inhabited by highly technological felines.",https://shared.akamai.steamstatic.com/store_item_assets/steam/apps/238460/header.jpg?t=1779296698,https://www.battleblocktheater.com,https://support.thebehemoth.com,support@thebehemoth.com,"2,000,000 .. 5,000,000",0,0,72633,70591,2042,72633,0.9718860573017776,9,Overwhelmingly Positive,True,,,,,,,,,,,,,,,,,start0_limit5000_20260614T210511Z,0,5000,2026-06-14T21:06:42.352933+00:00,,,,,,,,,
493340,Planet Coaster,9456,False,False,False,systemic/player-role,"Action, Adventure, Simulation, Strategy",6,,game,Planet Coaster,False,0,False,"Nov 17, 2016","Frontier Developments, Aspyr (Mac)","Frontier Developments, Aspyr (Mac)","Action, Adventure, Casual, Simulation, Strategy","Single-player, Steam Achievements, Steam Trading Cards, Steam Workshop, Steam Cloud, Family Sharing",True,True,False,84,59498,"Planet Coaster® - the future of coaster park simulation games has arrived! Surprise, delight and thrill incredible crowds as you build your coaster park empire - let your imagination run wild, and share your success with the world.",https://shared.akamai.steamstatic.com/store_item_assets/steam/apps/493340/header.jpg?t=1725377481,https://www.planetcoaster.com/,https://support.frontier.co.uk/kb/,,,,,71835,65624,6211,71835,0.9135379689566367,8,Very Positive,False,,,,,,,,,,,,,,,,,start5000_limit5000_20260614T200239Z,5000,5000,2026-06-14T20:22:24.984825+00:00,,,,,,,,,
17390,SPORE™,393,True,True,False,RPG/character progression,"Action, Adventure, Colony Sim, God Game, Open World, RPG, Resource Management, Sandbox, Simulation, Strategy",16,"God Game, Open World, Sandbox, Colony Sim, Exploration, Simulation, Space, Casual, Cute, Science, Funny, Aliens, Sci-fi, Adventure, Cartoony, Colorful, Family Friendly, Resource Management, Comedy, Cartoon",game,SPORE™,False,0,False,"Dec 19, 2008",Maxis™,Electronic Arts,"Action, Adventure, Casual, RPG, Simulation, Strategy","Single-player, Steam Trading Cards, Family Sharing",True,False,False,84,65691,"Be the architect of your own universe with Spore, an exciting single-player adventure. From Single Cell to Galactic God, evolve your creature in a universe of your own creations.",https://shared.akamai.steamstatic.com/store_item_assets/steam/apps/17390/header.jpg?t=1777486064,http://www.spore.com/,https://help.ea.com/,,"2,000,000 .. 5,000,000",0,0,71493,66191,5302,71493,0.925838893318227,8,Very Positive,True,,,,,,,,,,,,,,,,,start0_limit5000_20260614T210511Z,0,5000,2026-06-14T21:05:31.488523+00:00,,,,,,,,,
387290,Ori and the Blind Forest: Definitive Edition,6178,True,False,False,action/adventure protagonist,Action,1,,game,Ori and the Blind Forest: Definitive Edition,False,0,False,"Apr 27, 2016",Moon Studios GmbH,Xbox Game Studios,Action,"Single-player, Steam Achievements, Full controller support, Steam Cloud, Stats, Remote Play on Phone, Remote Play on Tablet, Remote Play on TV, Family Sharing",True,False,False,88,61930,"“Ori and the Blind Forest” tells the tale of a young orphan destined for heroics, through a visually stunning Action-Platformer crafted by Moon Studios.",https://shared.akamai.steamstatic.com/store_item_assets/steam/apps/387290/header.jpg?t=1701967651,http://www.oriblindforest.com/,http://xbox.com/oride,,,,,70663,67202,3461,70663,0.9510210435447122,9,Overwhelmingly Positive,True,,,,,,,,,,,,,,,,,start5000_limit5000_20260614T200239Z,5000,5000,2026-06-14T20:05:31.053938+00:00,,,,,,,,,
265930,Goat Simulator,2350,True,True,False,systemic/player-role,"Action, Open World, Sandbox, Simulation, Singleplayer, Third Person",11,"Simulation, Funny, Comedy, Open World, Sandbox, Physics, Destruction, Casual, Indie, Action, Memes, Singleplayer, Third Person, Co-op, Local Multiplayer, 3D, Dark Humor, Exploration, Cute, Arcade",game,Goat Simulator,False,0,False,"Apr 1, 2014",Coffee Stain Studios,Coffee Stain Publishing,"Casual, Indie, Simulation","Single-player, Multi-player, Shared/Split Screen, Steam Achievements, Full controller support, Steam Trading Cards, Steam Workshop, Steam Cloud, Steam Leaderboards, Includes level editor, Remote Play on TV, Remote Play Together, Family Sharing",True,True,True,62,54435,Goat Simulator is the latest in high-tech Goat Simulation technology.,https://shared.akamai.steamstatic.com/store_item_assets/steam/apps/265930/header.jpg?t=1728895842,http://goat-simulator.com/,,support@coffeestain.se,"2,000,000 .. 5,000,000",0,0,69946,63596,6350,69946,0.909215680667944,8,Very Positive,True,,,,,,,,,,,,,,,,,start0_limit5000_20260614T210511Z,0,5000,2026-06-14T21:07:49.095261+00:00,,,,,,,,,
298110,Far Cry® 4,3152,True,True,False,narrative/protagonist-heavy,"Action, Action RPG, Adventure, FPS, First-Person, Open World, RPG, Sandbox, Shooter, Singleplayer, Stealth, Story Rich, Survival",22,"Open World, Action, FPS, Co-op, Multiplayer, Adventure, Shooter, First-Person, Singleplayer, Stealth, Hunting, Atmospheric, Survival, Online Co-Op, Story Rich, Exploration, Crafting, Sandbox, RPG, Action RPG",game,Far Cry® 4,False,17,False,"Nov 17, 2014","Ubisoft Montreal, Red Storm, Shanghai, Toronto, Kiev",Ubisoft,"Action, Adventure","Single-player, Multi-player, Co-op, Steam Achievements, Partial Controller Support",True,False,False,80,64591,"Hidden in the towering Himalayas lies Kyrat, a country steeped in tradition and violence. You are Ajay Ghale. Traveling to Kyrat to fulfill your mother’s dying wish, you find yourself caught up in a civil war to overthrow the oppressive regime of dictator Pagan Min.",https://shared.akamai.steamstatic.com/store_item_assets/steam/apps/298110/header.jpg?t=1778697412,http://farcrygame.com,https://support.ubi.com/,,"2,000,000 .. 5,000,000",0,0,69779,59131,10648,69779,0.8474039467461557,8,Very Positive,True,,,,,,,,,,,,,,,,,start0_limit5000_20260614T210511Z,0,5000,2026-06-14T21:09:57.973146+00:00,,,,,,,,,
55230,Saints Row: The Third,930,True,True,False,RPG/character progression,"Action, Adventure, Character Customization, Female Protagonist, Open World, RPG, Sandbox, Shooter, Singleplayer, Third Person, Third-Person Shooter, Zombies",22,"Open World, Action, Comedy, Co-op, Third-Person Shooter, Funny, Character Customization, Sandbox, Third Person, Online Co-Op, Singleplayer, Great Soundtrack, Multiplayer, Crime, Shooter, Female Protagonist, Adventure, Satire, Zombies, RPG",game,Saints Row: The Third,False,17,False,"Nov 14, 2011",Volition,Deep Silver,Action,"Single-player, Multi-player, Co-op, Steam Achievements, Full controller support, Steam Trading Cards, Steam Cloud, Remote Play on Phone, Remote Play on Tablet, Family Sharing",True,False,True,84,48668,Get ready for the most out-landish gameplay scenarios ever seen as the Third Street Saints take on the Syndicate!,https://shared.akamai.steamstatic.com/store_item_assets/steam/apps/55230/header.jpg?t=1764671029,http://www.saintsrow.com/,helpcenter.deepsilver.com,,"2,000,000 .. 5,000,000",0,0,69461,66439,3022,69461,0.9564935719324512,9,Overwhelmingly Positive,True,,,,,,,,,,,,,,,,,start0_limit5000_20260614T210511Z,0,5000,2026-06-14T21:05:56.990030+00:00,,,,,,,,,
386180,Crossout,6132,True,False,False,action/adventure protagonist,"Action, Adventure",2,,game,Crossout,True,0,False,"Jul 26, 2017",Targem Games,Gaijin Network Ltd,"Action, Adventure, Massively Multiplayer, Racing, Free To Play","Multi-player, MMO, PvP, Online PvP, Co-op, Online Co-op, Steam Achievements, Full controller support, Steam Trading Cards, In-App Purchases, Camera Comfort, Color Alternatives, Custom Volume Controls, Playable without Timed Input, Stereo Sound, Subtitle Options, Remote Play on Tablet, Remote Play on TV",True,False,False,,882,Crossout - the postapocalyptic MMO action game where you can create a unique design for an armoured vehicle from dozens of parts and then drive it into multiplayer battles raging on land and in the skies alike.,https://shared.akamai.steamstatic.com/store_item_assets/steam/apps/386180/4dfc237b732553a89244b42c9221943ac950b275/header.jpg?t=1780575737,http://crossout.net/,http://support.gaijinent.com,support@gaijinent.com,,,,69105,51956,17149,69105,0.7518414007669488,6,Mostly Positive,True,,,,,,,,,,,,,,,,,start5000_limit5000_20260614T200239Z,5000,5000,2026-06-14T20:05:26.454770+00:00,,,,,,,,,
747660,Five Nights at Freddy's: Security Breach,18690,False,False,False,action/adventure protagonist,"Action, Adventure",2,,game,Five Nights at Freddy's: Security Breach,False,0,False,"Dec 16, 2021",Steel Wool Studios,ScottGames,"Action, Adventure, Indie","Single-player, Steam Achievements, Full controller support, Family Sharing",True,False,False,,64422,"In Five Nights at Freddy’s: Security Breach, play as Gregory, a young boy who’s been trapped overnight inside of Freddy Fazbear’s Mega Pizzaplex. With the help of Freddy himself, Gregory must uncover the secrets of the Pizzaplex, learn the truth, and survive until dawn.",https://shared.akamai.steamstatic.com/store_item_assets/steam/apps/747660/header.jpg?t=1686587905,https://www.steelwoolstudios.com/five-nights-at-freddys-security-breach,https://www.steelwoolstudios.com/contact,,,,,69044,59709,9335,69044,0.8647963617403395,8,Very Positive,False,,,,,,,,,,,,,,,,,start10000_limit20000_20260615T073020Z,10000,20000,2026-06-15T14:15:06.709540+00:00,,,,,,,,,
1250,Killing Floor,24,True,True,False,survival/sandbox or horror,"Action, FPS, First-Person, Horror, Shooter, Singleplayer, Survival, Survival Horror, Zombies",15,"FPS, Zombies, Co-op, Survival, Horror, Multiplayer, Action, Online Co-Op, Violent, Gore, Shooter, Team-Based, First-Person, Survival Horror, Moddable, Bullet Time, Class-Based, 3D, Singleplayer, Dark Comedy",game,Killing Floor,False,17,False,"May 14, 2009",Tripwire Interactive,Tripwire Interactive,Action,"Single-player, Multi-player, Co-op, Cross-Platform Multiplayer, Steam Achievements, Steam Trading Cards, Steam Workshop, Valve Anti-Cheat enabled, Stats, Includes level editor, Family Sharing",True,True,True,72,39860,"6-player co-op survival horror at its finest! Free updates, free special events and a ridiculous amount of fun!",https://shared.akamai.steamstatic.com/store_item_assets/steam/apps/1250/header.jpg?t=1726777771,http://www.killingfloorthegame.com,http://support.tripwireinteractive.com/,,"2,000,000 .. 5,000,000",0,0,68660,65345,3315,68660,0.9517186134576172,9,Overwhelmingly Positive,True,,,,,,,,,,,,,,,,,start0_limit5000_20260614T210511Z,0,5000,2026-06-14T21:05:16.422225+00:00,,,,,,,,,
495420,State of Decay 2: Juggernaut Edition,9539,False,False,False,RPG/character progression,"Action, RPG, Simulation",5,,game,State of Decay 2: Juggernaut Edition,False,0,False,"Mar 13, 2020",Undead Labs,Xbox Game Studios,"Action, RPG, Simulation","Single-player, Multi-player, Co-op, Online Co-op, Cross-Platform Multiplayer, Steam Achievements, Full controller support, Steam Trading Cards, Captions available, Steam Cloud, Family Sharing",True,False,False,69,57763,"The dead have risen and civilization has fallen. Now it's up to you to gather survivors, scavenge for resources and build a community in a post-apocalyptic world – a world where you define what it means to survive in this ultimate zombie survival simulation.",https://shared.akamai.steamstatic.com/store_item_assets/steam/apps/495420/header.jpg?t=1741378867,https://www.stateofdecay.com,https://support.stateofdecay.com,,,,,68434,56658,11776,68434,0.82792179326066,8,Very Positive,False,,,,,,,,,,,,,,,,,start5000_limit5000_20260614T200239Z,5000,5000,2026-06-14T20:26:00.768722+00:00,,,,,,,,,
466560,Northgard: Definitive Edition,8838,True,False,False,systemic/player-role,"Adventure, Simulation, Strategy",5,,game,Northgard: Definitive Edition,False,0,False,"Mar 7, 2018",Shiro Games,Shiro Games,"Adventure, Indie, Simulation, Strategy","Single-player, Multi-player, PvP, Online PvP, Co-op, Online Co-op, Steam Achievements, Steam Trading Cards, Steam Workshop, Steam Workshop, Steam Cloud, Includes level editor, Family Sharing",True,True,True,81,54131,"Northgard: Definitive Edition is a critically acclaimed real-time strategy game based on Norse mythology. Lead your clan, uncover the secrets of a mysterious newfound continent and defeat your enemies to conquer the Throne!",https://shared.akamai.steamstatic.com/store_item_assets/steam/apps/466560/f46db7c89dde0ec381f59677d540a9224809beb2/header_alt_assets_15.jpg?t=1776366876,https://northgard.net/,,support@shirogames.com,,,,68315,58270,10045,68315,0.8529605503915685,8,Very Positive,True,,,,,,,,,,,,,,,,,start5000_limit5000_20260614T200239Z,5000,5000,2026-06-14T20:14:24.120759+00:00,,,,,,,,,
221040,Resident Evil 6,1496,True,True,False,survival/sandbox or horror,"Action, Adventure, Female Protagonist, Horror, Shooter, Singleplayer, Survival, Survival Horror, Third Person, Third-Person Shooter, Zombies",19,"Zombies, Action, Co-op, Third-Person Shooter, Horror, Co-op Campaign, Online Co-Op, Multiplayer, Adventure, Split Screen, Third Person, Local Co-Op, Shooter, Quick-Time Events, Survival Horror, Survival, Singleplayer, Female Protagonist, Atmospheric, Gore",game,Resident Evil 6,False,16,False,"Mar 21, 2013",Capcom,Capcom,"Action, Adventure","Single-player, Multi-player, Co-op, Shared/Split Screen, Steam Achievements, Steam Trading Cards, Partial Controller Support, Steam Cloud, Valve Anti-Cheat enabled, Steam Leaderboards, Remote Play Together, Family Sharing",True,False,False,69,49101,"Blending action and survival horror, Resident Evil 6 promises to be the dramatic horror experience of 2013.",https://shared.akamai.steamstatic.com/store_item_assets/steam/apps/221040/header.jpg?t=1768960676,http://www.residentevil.com/6/,http://www.capcom.co.jp/support/contact/,,"2,000,000 .. 5,000,000",0,0,68247,52868,15379,68247,0.7746567614693686,6,Mostly Positive,True,,,,,,,,,,,,,,,,,start0_limit5000_20260614T210511Z,0,5000,2026-06-14T21:06:26.851500+00:00,,,,,,,,,
424370,Wolcen: Lords of Mayhem,7361,True,False,False,RPG/character progression,"Action, Adventure, RPG",4,,game,Wolcen: Lords of Mayhem,False,0,False,"Feb 13, 2020",WOLCEN Studio,WOLCEN Studio,"Action, Adventure, Indie, RPG","Single-player, Partial Controller Support, Family Sharing",True,False,False,60,61722,"Carve your path in this Hack’n’Slash free from class boundaries. Purify a world shattered by corruption, and uncover the grim secrets and forgotten horrors lurking in the shadows of this forsaken land as you rise in Power. Your Inner aspect beckons—will you answer?",https://shared.akamai.steamstatic.com/store_item_assets/steam/apps/424370/header.jpg?t=1773238074,https://www.wolcengame.com,https://wolcengame.com/contact/,support@wolcengame.com,,,,67869,37946,29923,67869,0.5591065140196555,5,Mixed,True,,,,,,,,,,,,,,,,,start5000_limit5000_20260614T200239Z,5000,5000,2026-06-14T20:09:37.936341+00:00,,,,,,,,,
752590,A Plague Tale: Innocence,18899,False,False,False,action/adventure protagonist,"Action, Adventure",2,,game,A Plague Tale: Innocence,False,17,False,"May 14, 2019",Asobo Studio,Focus Entertainment,"Action, Adventure","Single-player, Steam Achievements, Full controller support, Steam Trading Cards, Steam Cloud, Remote Play on Phone, Remote Play on Tablet, Remote Play on TV, Family Sharing",True,False,False,81,58683,"Follow the grim tale of young Amicia and her little brother Hugo, in a heartrending journey through the darkest hours of history.",https://shared.akamai.steamstatic.com/store_item_assets/steam/apps/752590/header.jpg?t=1727793332,https://www.focus-home.com/games/a-plague-tale-innocence,http://www.focus-home.com/index.php?rub=support,support@focus-home.com,,,,67700,63200,4500,67700,0.9335302806499262,8,Very Positive,False,,,,,,,,,,,,,,,,,start10000_limit20000_20260615T073020Z,10000,20000,2026-06-15T14:25:36.959815+00:00,,,,,,,,,
201270,Total War: SHOGUN 2,1188,True,True,False,systemic/player-role,"Action, Grand Strategy, RTS, Singleplayer, Strategy, Tactical, Turn-Based, Turn-Based Strategy",12,"Strategy, Historical, Turn-Based Strategy, RTS, Grand Strategy, Tactical, Singleplayer, Multiplayer, Real Time Tactics, Military, Diplomacy, Ninja, Co-op, Turn-Based, Medieval, Great Soundtrack, Moddable, Turn-Based Tactics, Action, Stylized",game,Total War: SHOGUN 2,False,0,False,"Mar 15, 2011","CREATIVE ASSEMBLY, Feral Interactive (Mac), Feral Interactive (Linux)","SEGA, Feral Interactive (Mac), Feral Interactive (Linux)",Strategy,"Single-player, Multi-player, PvP, Online PvP, LAN PvP, Co-op, Online Co-op, LAN Co-op, Steam Achievements, Steam Trading Cards, Camera Comfort, Custom Volume Controls, Adjustable Difficulty, Playable without Timed Input, Save Anytime, Stereo Sound, Steam Cloud, Valve Anti-Cheat enabled, Stats, Family Sharing",True,True,True,90,37470,Total War: SHOGUN 2 is the perfect mix of real-time and turn-based strategy gaming for newcomers and veterans alike.,https://shared.akamai.steamstatic.com/store_item_assets/steam/apps/201270/header.jpg?t=1763649183,http://www.totalwar.com/shogun2,https://support.sega.co.uk,,"2,000,000 .. 5,000,000",0,0,67011,61503,5508,67011,0.9178045395532076,8,Very Positive,True,,,,,,,,,,,,,,,,,start0_limit5000_20260614T210511Z,0,5000,2026-06-14T21:06:10.690956+00:00,,,,,,,,,
500,Left 4 Dead,16,True,True,False,survival/sandbox or horror,"Action, Adventure, FPS, Female Protagonist, First-Person, Horror, Shooter, Singleplayer, Survival, Tactical, Zombies",17,"Zombies, Co-op, Multiplayer, FPS, Action, Horror, Shooter, Online Co-Op, Survival, Team-Based, First-Person, Post-apocalyptic, Singleplayer, Atmospheric, Moddable, Adventure, Tactical, Replay Value, Competitive, Female Protagonist",game,Left 4 Dead,False,0,False,"Nov 17, 2008",Valve,Valve,Action,"Single-player, Multi-player, Co-op, Steam Achievements, Full controller support, Captions available, Camera Comfort, Color Alternatives, Custom Volume Controls, Adjustable Difficulty, Stereo Sound, Surround Sound, Steam Cloud, Valve Anti-Cheat enabled, Stats, Steam Leaderboards, Includes Source SDK, Commentary available, Remote Play on TV, Family Sharing",True,False,False,89,57068,"From Valve (the creators of Counter-Strike, Half-Life and more) comes Left 4 Dead, a co-op action horror game for the PC and Xbox 360 that casts up to four players in an epic struggle for survival against swarming zombie hordes and terrifying mutant monsters.",https://shared.akamai.steamstatic.com/store_item_assets/steam/apps/500/header.jpg?t=1745368560,http://www.l4d.com/,http://steamcommunity.com/app/500,,"5,000,000 .. 10,000,000",0,0,66938,64522,2416,66938,0.96390689892139,9,Overwhelmingly Positive,True,,,,,,,,,,,,,,,,,start0_limit5000_20260614T210511Z,0,5000,2026-06-14T21:05:16.225196+00:00,,,,,,,,,
493520,GTFO,9465,False,False,False,action/adventure protagonist,Action,1,,game,GTFO,False,0,False,"Dec 9, 2021",10 Chambers,10 Chambers,Action,"Multi-player, Co-op, Online Co-op, Steam Achievements, Steam Trading Cards, Partial Controller Support, Family Sharing",True,False,False,78,45529,"GTFO is a hardcore cooperative horror shooter that throws you from gripping suspense to explosive action in a heartbeat. Stealth, strategy, and teamwork are necessary to survive in your deadly, underground prison. Work together or die together.",https://shared.akamai.steamstatic.com/store_item_assets/steam/apps/493520/header.jpg?t=1773842359,http://www.GTFOtheGame.com,,support@10chambers.com,,,,65989,55440,10549,65989,0.8401400233372228,8,Very Positive,False,,,,,,,,,,,,,,,,,start5000_limit5000_20260614T200239Z,5000,5000,2026-06-14T20:23:02.988974+00:00,,,,,,,,,
403640,Dishonored 2,6722,True,False,False,action/adventure protagonist,Action,1,,game,Dishonored 2,False,17,False,"Nov 11, 2016",Arkane Studios,Bethesda Softworks,Action,"Single-player, Steam Achievements, Steam Trading Cards, Color Alternatives, Adjustable Difficulty, Playable without Timed Input, Stereo Sound, Surround Sound, Partial Controller Support, Steam Cloud, Remote Play on Tablet, Remote Play on TV, Family Sharing",True,False,False,86,42226,"Reprise your role as a supernatural assassin in Dishonored 2. Declared a “masterpiece” by Eurogamer and hailed “a must-play revenge tale” by Game Informer, Dishonored 2 is the follow up to Arkane’s 1st-person action blockbuster &amp; winner of 100+ 'Game of the Year' awards, Dishonored.",https://shared.akamai.steamstatic.com/store_item_assets/steam/apps/403640/header.jpg?t=1750785918,https://www.dishonored.com/,http://help.bethesda.net/,,,,,65882,59052,6830,65882,0.8963298017667952,8,Very Positive,True,,,,,,,,,,,,,,,,,start5000_limit5000_20260614T200239Z,5000,5000,2026-06-14T20:07:29.607638+00:00,,,,,,,,,
285900,Gang Beasts,2791,True,True,False,systemic/player-role,"Action, Adventure, Party, Simulation, Singleplayer, Third Person",8,"Funny, Physics, Multiplayer, Colorful, Party Game, Local Multiplayer, Party, Fighting, Comedy, 3D Fighter, Casual, Soundtrack, 4 Player Local, Co-op, Family Friendly, Beat 'em up, Memes, Third Person, Singleplayer, Indie",game,Gang Beasts,False,0,False,"Dec 12, 2017","Boneloaf, Rocket Science",Boneloaf,"Action, Adventure, Casual, Indie, Simulation","Multi-player, PvP, Online PvP, Shared/Split Screen PvP, Shared/Split Screen, Steam Achievements, Full controller support, Remote Play on Phone, Remote Play on Tablet, Remote Play on TV, Remote Play Together, Family Sharing",True,True,True,,53421,"Gang Beasts is a silly multiplayer party game with surly gelatinous characters, brutal slapstick fight sequences, and absurd hazardous environments, set in the mean streets of Beef City.",https://shared.akamai.steamstatic.com/store_item_assets/steam/apps/285900/header.jpg?t=1780410654,http://gangbeasts.game,http://gangbeasts.game,support@boneloaf.co,"2,000,000 .. 5,000,000",0,0,65763,56195,9568,65763,0.8545078539604337,8,Very Positive,True,,,,,,,,,,,,,,,,,start0_limit5000_20260614T210511Z,0,5000,2026-06-14T21:08:39.374667+00:00,,,,,,,,,
214490,Alien: Isolation,1397,True,True,False,survival/sandbox or horror,"Action, Adventure, FPS, Female Protagonist, First-Person, Horror, Psychological Horror, Shooter, Singleplayer, Stealth, Survival, Survival Horror",18,"Horror, Survival Horror, Sci-fi, Aliens, Atmospheric, Stealth, First-Person, Space, Female Protagonist, Singleplayer, Survival, Action, Difficult, Adventure, Psychological Horror, Great Soundtrack, FPS, Gore, Shooter, VR",game,Alien: Isolation,False,16,False,"Oct 6, 2014","Creative Assembly, Feral Interactive (Mac), Feral Interactive (Linux)","SEGA, Feral Interactive (Mac), Feral Interactive (Linux)",Action,"Single-player, Steam Achievements, Full controller support, Camera Comfort, Custom Volume Controls, Adjustable Difficulty, Stereo Sound, Surround Sound, Steam Cloud, Remote Play on TV, Family Sharing",True,True,True,81,47621,"Discover the true meaning of fear in Alien: Isolation, a survival horror set in an atmosphere of constant dread and mortal danger.",https://shared.akamai.steamstatic.com/store_item_assets/steam/apps/214490/header.jpg?t=1763647113,http://www.alienisolation.com,https://support.sega.co.uk,,"2,000,000 .. 5,000,000",0,0,65543,61053,4490,65543,0.931495354194956,8,Very Positive,True,,,,,,,,,,,,,,,,,start0_limit5000_20260614T210511Z,0,5000,2026-06-14T21:06:23.083222+00:00,,,,,,,,,
489520,Minion Masters,9324,False,False,False,RPG/character progression,"Action, Adventure, RPG, Strategy",6,,game,Minion Masters,True,0,False,"May 24, 2019",BetaDwarf,BetaDwarf,"Action, Adventure, Indie, RPG, Strategy, Free To Play","Single-player, Multi-player, PvP, Online PvP, Co-op, Online Co-op, Cross-Platform Multiplayer, Steam Achievements, Full controller support, Steam Trading Cards, In-App Purchases, Steam Cloud, Remote Play on Tablet",True,True,False,,1564,"An addictive fast-paced hybrid of Card games &amp; Tower-Defense. Play 1v1 - or bring a friend for 2v2 - and engage in epic online multiplayer battles full of innovative strategy and awesome plays! Collect 200+ cards with unique mechanics, all free!",https://shared.akamai.steamstatic.com/store_item_assets/steam/apps/489520/header.jpg?t=1776070207,http://minionmastersthegame.com,,support@betadwarf.com,,,,65240,58329,6911,65240,0.8940680564071122,8,Very Positive,False,,,,,,,,,,,,,,,,,start5000_limit5000_20260614T200239Z,5000,5000,2026-06-14T20:16:51.861337+00:00,,,,,,,,,
219640,Chivalry: Medieval Warfare,1471,True,True,False,systemic/player-role,"Action, FPS, First-Person, Simulation, Third Person",6,"Medieval, Multiplayer, Action, Gore, First-Person, Swordplay, Violent, PvP, Indie, Third Person, Competitive, Team-Based, Hack and Slash, Co-op, Historical, FPS, Class-Based, Atmospheric, Simulation, Difficult",game,Chivalry: Medieval Warfare,False,0,False,"Oct 16, 2012",Torn Banner Studios,Torn Banner Studios,"Action, Indie","Multi-player, Steam Achievements, Full controller support, Steam Trading Cards, Steam Workshop, Valve Anti-Cheat enabled, Includes level editor, Remote Play on TV, Family Sharing",True,True,True,79,44540,"Besiege castles and raid villages in Chivalry: Medieval Warfare, a fast-paced medieval first person slasher with a focus on multiplayer battles",https://shared.akamai.steamstatic.com/store_item_assets/steam/apps/219640/header.jpg?t=1710276094,http://www.tornbanner.com/chivalry,http://www.tornbanner.com/contact/,,"5,000,000 .. 10,000,000",0,0,65117,53760,11357,65117,0.8255908595297695,8,Very Positive,True,,,,,,,,,,,,,,,,,start0_limit5000_20260614T210511Z,0,5000,2026-06-14T21:06:25.879460+00:00,,,,,,,,,
21690,Resident Evil 5,454,True,True,False,survival/sandbox or horror,"Action, Adventure, Female Protagonist, Horror, Shooter, Singleplayer, Survival, Survival Horror, Third Person, Third-Person Shooter, Zombies",19,"Co-op, Action, Zombies, Co-op Campaign, Third-Person Shooter, Online Co-Op, Horror, Multiplayer, Adventure, Third Person, Survival Horror, Shooter, Local Co-Op, Singleplayer, Female Protagonist, Quick-Time Events, Survival, Gore, Split Screen, Atmospheric",game,Resident Evil 5,False,17,False,"Sep 15, 2009",Capcom,Capcom,"Action, Adventure","Single-player, Multi-player, Co-op, Steam Achievements, Full controller support, Steam Trading Cards, Steam Cloud, Steam Leaderboards, Family Sharing",True,False,False,86,45863,"This game is a port of the Games for Windows - Live version that was released in 2009. If you buy the Untold Stories Bundle here on Steam, it will be the same as upgrading to Resident Evil 5 Gold Edition.",https://shared.akamai.steamstatic.com/store_item_assets/steam/apps/21690/header.jpg?t=1768960574,http://www.residentevil.com/5/,http://www.capcom.co.jp/support/contact/,,"1,000,000 .. 2,000,000",0,0,64257,55889,8368,64257,0.8697729430256625,8,Very Positive,True,,,,,,,,,,,,,,,,,start0_limit5000_20260614T210511Z,0,5000,2026-06-14T21:05:33.338247+00:00,,,,,,,,,
774361,Blasphemous,19769,False,False,False,action/adventure protagonist,"Action, Adventure",2,,game,Blasphemous,False,0,False,"Sep 10, 2019",The Game Kitchen,Team17,"Action, Adventure, Indie","Single-player, Steam Achievements, Full controller support, Steam Trading Cards, Steam Cloud, Remote Play on Phone, Remote Play on Tablet, Remote Play on TV, Family Sharing",True,True,True,77,51779,"Blasphemous is a brutal action-platformer with skilled hack’n slash combat set in the nightmare world of Cvstodia. Explore, upgrade your abilities, and perform savage executions on the hordes of enemies that stand between you and your quest to break eternal damnation.",https://shared.akamai.steamstatic.com/store_item_assets/steam/apps/774361/header.jpg?t=1780479368,http://blasphemousgame.com/,https://www.team17.com/support/,help@team17support.com,,,,63944,57437,6507,63944,0.8982390841986738,8,Very Positive,False,,,,,,,,,,,,,,,,,start10000_limit20000_20260615T073020Z,10000,20000,2026-06-15T15:08:00.305600+00:00,,,,,,,,,
209000,Batman™: Arkham Origins,1322,True,True,False,narrative/protagonist-heavy,"Action, Action-Adventure, Adventure, Detective, Open World, RPG, Sandbox, Singleplayer, Stealth, Story Rich, Third Person, Third-Person Shooter",21,"Action, Open World, Superhero, Adventure, Stealth, Third Person, Singleplayer, Multiplayer, Fighting, Beat 'em up, Comic Book, Detective, Story Rich, Atmospheric, Action-Adventure, Controller, 3D Vision, Sandbox, Third-Person Shooter, RPG",game,Batman™: Arkham Origins,False,13,False,"Oct 24, 2013","WB Games Montreal, Splash Damage",Warner Bros. Interactive Entertainment,"Action, Adventure","Single-player, Steam Achievements, Full controller support, Steam Trading Cards, Steam Cloud, Steam Leaderboards, Family Sharing",True,False,False,74,44315,"As of December 4, 2016, the online services portion of Batman: Arkham Origins has been retired. We thank those that have joined us to battle. The Single player campaign may still be played and enjoyed offline. For any questions relating to Batman: Arkham Origins, please contact WB Games customer service.",https://shared.akamai.steamstatic.com/store_item_assets/steam/apps/209000/header.jpg?t=1746562474,http://www.batmanarkhamorigins.com/,http://support.wbgames.com,support@wbgames.com,"2,000,000 .. 5,000,000",0,0,63900,57374,6526,63900,0.8978716744913928,8,Very Positive,True,,,,,,,,,,,,,,,,,start0_limit5000_20260614T210511Z,0,5000,2026-06-14T21:06:15.485680+00:00,,,,,,,,,
409710,BioShock™ Remastered,6921,True,False,False,RPG/character progression,"Action, RPG",3,,game,BioShock™ Remastered,False,17,False,"Sep 15, 2016","2K Boston, 2K Australia, Blind Squirrel, Feral Interactive (Mac)","2K, Feral Interactive (Mac)","Action, RPG","Single-player, Steam Achievements, Full controller support, Steam Trading Cards, Steam Cloud, Commentary available, Remote Play on Phone, Remote Play on Tablet, Remote Play on TV, Family Sharing",True,True,False,80,51378,"BioShock is a shooter unlike any other, loaded with unique weapons and tactics. Complete with an arsenal of revolvers, shotguns, and grenade launchers, players will be forced to genetically modify their DNA to become an even deadlier weapon.",https://shared.akamai.steamstatic.com/store_item_assets/steam/apps/409710/header.jpg?t=1740443728,http://www.BioShockGame.com,support.2k.com,,,,,63826,52940,10886,63826,0.8294425469244509,8,Very Positive,True,,,,,,,,,,,,,,,,,start5000_limit5000_20260614T200239Z,5000,5000,2026-06-14T20:08:00.048166+00:00,,,,,,,,,
414700,Outlast 2,7076,True,False,False,action/adventure protagonist,"Action, Adventure",2,,game,Outlast 2,False,0,False,"Apr 24, 2017",Red Barrels,Red Barrels,"Action, Adventure, Indie","Single-player, Steam Achievements, Full controller support, Steam Trading Cards, Steam Cloud, Remote Play on TV, Family Sharing",True,False,False,75,53166,"Outlast 2 introduces you to Sullivan Knoth and his followers, who left our wicked world behind to give birth to Temple Gate, a town, deep in the wilderness and hidden from civilization. Knoth and his flock are preparing for the tribulations of the end of times and you’re right in the thick of it.",https://shared.akamai.steamstatic.com/store_item_assets/steam/apps/414700/header.jpg?t=1618944453,http://www.redbarrelsgames.com/games/outlast-2/,,support@redbarrelsgames.com,,,,63331,57596,5735,63331,0.9094440321485529,8,Very Positive,True,,,,,,,,,,,,,,,,,start5000_limit5000_20260614T200239Z,5000,5000,2026-06-14T20:08:46.091899+00:00,,,,,,,,,
420530,OneShot,7254,True,False,False,action/adventure protagonist,Adventure,1,,game,OneShot,False,0,False,"Dec 8, 2016",Future Cat LLC,KOMODO,"Adventure, Casual, Indie","Single-player, Steam Achievements, Steam Trading Cards, Partial Controller Support, Steam Cloud, Family Sharing",True,True,True,80,57306,OneShot is a surreal top down Puzzle/Adventure game with unique gameplay capabilities. You are to guide a child through a mysterious world on a mission to restore its long-dead sun. The world knows you exist.,https://shared.akamai.steamstatic.com/store_item_assets/steam/apps/420530/header.jpg?t=1747673318,http://www.oneshot-game.com/,,games@komodo.jp,,,,63041,61957,1084,63041,0.9828048412937612,9,Overwhelmingly Positive,True,,,,,,,,,,,,,,,,,start5000_limit5000_20260614T200239Z,5000,5000,2026-06-14T20:09:20.638629+00:00,,,,,,,,,
360430,Mafia III: Definitive Edition,5194,True,False,False,action/adventure protagonist,"Action, Adventure",2,,game,Mafia III: Definitive Edition,False,18,False,"May 19, 2020","Hangar 13, Aspyr (Mac)","2K, Aspyr (Mac)","Action, Adventure","Single-player, Steam Achievements, Full controller support, Steam Trading Cards, Steam Cloud, Remote Play on Tablet, Remote Play on TV, Family Sharing",True,True,False,,40552,"After Lincoln Clay's surrogate family, the black mob, is betrayed and killed by the Italian Mafia, Lincoln builds a new family and blazes a path of revenge through the Mafioso responsible.",https://shared.akamai.steamstatic.com/store_item_assets/steam/apps/360430/header.jpg?t=1781130346,https://mafia.2k.com/,support.2k.com,,,,,63026,36117,26909,63026,0.5730492177831371,5,Mixed,True,,,,,,,,,,,,,,,,,start5000_limit5000_20260614T200239Z,5000,5000,2026-06-14T20:03:09.267807+00:00,,,,,,,,,
246620,Plague Inc: Evolved,1888,True,True,False,systemic/player-role,"Sandbox, Simulation, Singleplayer, Strategy, Survival, Tactical, Zombies",13,"Strategy, Simulation, Outbreak Sim, Indie, Singleplayer, Multiplayer, Zombies, Casual, Tactical, Replay Value, Post-apocalyptic, Addictive, Realistic, 2D, Difficult, Atmospheric, Co-op, Sandbox, Early Access, Survival",game,Plague Inc: Evolved,False,0,False,"Feb 18, 2016",Ndemic Creations,Ndemic Creations,"Casual, Indie, Simulation, Strategy","Single-player, Multi-player, PvP, Online PvP, Co-op, Online Co-op, Steam Achievements, Steam Trading Cards, Steam Workshop, Camera Comfort, Custom Volume Controls, Adjustable Difficulty, Mouse Only Option, Playable without Timed Input, Save Anytime, Stereo Sound, Partial Controller Support, Steam Cloud, Stats, Steam Leaderboards, Includes level editor, Remote Play on Tablet, Family Sharing",True,True,True,,56453,"Plague Inc: Evolved is a unique mix of high strategy and terrifyingly realistic simulation. Your pathogen has just infected 'Patient Zero' - now you must bring about the end of human history by evolving a deadly, global Plague whilst adapting against everything humanity can do to defend itself.",https://shared.akamai.steamstatic.com/store_item_assets/steam/apps/246620/4c67f0dc09d833b843cf5c3834d95bef246ccd49/header.jpg?t=1779100239,http://www.plagueincevolved.com,https://www.ndemiccreations.com/en/1-support,,"1,000,000 .. 2,000,000",0,0,62948,59338,3610,62948,0.942651077079494,8,Very Positive,True,,,,,,,,,,,,,,,,,start0_limit5000_20260614T210511Z,0,5000,2026-06-14T21:06:52.994582+00:00,,,,,,,,,
